gen,evals,sigma,success_rate,c1,cmu,lambda,condition,restart,niche
0,10,0.4411207663498174,0.4,0.015283824524751714,0.02015428276120837,10,1.1349004315245697,0,0
1,20,0.39493773406743016,1.0,0.015283824524751714,0.02015428276120837,10,1.1601456932872973,0,0
2,30,0.3580493515961186,1.0,0.015283824524751714,0.02015428276120837,10,1.2383337536258705,0,0
3,40,0.3130527755769918,1.0,0.015283824524751714,0.02015428276120837,10,1.2317671262815888,0,0
4,50,0.2933164755039828,0.9,0.015283824524751714,0.02015428276120837,10,1.319593473112336,0,0
5,60,0.2823344894715184,1.0,0.015283824524751714,0.02015428276120837,10,1.3383516439964922,0,0
6,70,0.30894254466985277,1.0,0.015283824524751714,0.02015428276120837,10,1.3725485786791196,0,0
7,80,0.34348422590295596,1.0,0.015283824524751714,0.02015428276120837,10,1.3857956683864097,0,0
8,90,0.38040540857717325,1.0,0.015283824524751714,0.02015428276120837,10,1.5055559042404472,0,0
9,99,0.3899910824251205,1.0,0.015350351177806146,0.0134347415789843,9,1.5779409925739103,0,0
10,108,0.39378091744946025,1.0,0.015350351177806146,0.0134347415789843,9,1.6294869297679837,0,0
11,117,0.36650924449423955,1.0,0.015350351177806146,0.0134347415789843,9,1.6623490942591677,0,0
12,126,0.364200950671062,1.0,0.015350351177806146,0.0134347415789843,9,1.7786630743397212,0,0
13,135,0.3659347973272137,1.0,0.015350351177806146,0.0134347415789843,9,1.811158025483879,0,0
14,144,0.33797621489429086,1.0,0.015350351177806146,0.0134347415789843,9,1.8214712118063219,0,0
15,153,0.3114779017437761,1.0,0.015350351177806146,0.0134347415789843,9,1.824692942179629,0,0
16,162,0.2995739952176863,0.8888888888888888,0.015350351177806146,0.0134347415789843,9,1.8564382381095348,0,0
17,171,0.28221541467218497,1.0,0.015350351177806146,0.0134347415789843,9,1.9314717273219706,0,0
18,180,0.2860503905946726,0.8888888888888888,0.015350351177806146,0.0134347415789843,9,2.0471439105037135,0,0
19,189,0.2965925389796863,1.0,0.015350351177806146,0.0134347415789843,9,2.1117459397901115,0,0
20,198,0.29985129941509475,1.0,0.015350351177806146,0.0134347415789843,9,2.1031995534204313,0,0
21,207,0.2946291980009737,1.0,0.015350351177806146,0.0134347415789843,9,2.175727011945703,0,0
22,216,0.2985581731176464,1.0,0.015350351177806146,0.0134347415789843,9,2.2840154794528957,0,0
23,225,0.2909502020922433,1.0,0.015350351177806146,0.0134347415789843,9,2.3101467472781425,0,0
24,234,0.28923017821289143,1.0,0.015350351177806146,0.0134347415789843,9,2.3075997451444064,0,0
25,243,0.2690141079837729,1.0,0.015350351177806146,0.0134347415789843,9,2.274590843240154,0,0
26,252,0.2412692644217057,1.0,0.015350351177806146,0.0134347415789843,9,2.3351866029247152,0,0
27,260,0.23304652930484157,1.0,0.015350351177806146,0.0134347415789843,8,2.3489902773807527,0,0
28,268,0.22412665880970567,1.0,0.015350351177806146,0.0134347415789843,8,2.3218790833174174,0,0
29,276,0.21792443081242932,1.0,0.015350351177806146,0.0134347415789843,8,2.2984650618241673,0,0
30,284,0.22077858230256742,1.0,0.015350351177806146,0.0134347415789843,8,2.2079957701206334,0,0
31,292,0.209824382355613,1.0,0.015350351177806146,0.0134347415789843,8,2.2593973250665353,0,0
32,300,0.21104804952432313,1.0,0.015350351177806146,0.0134347415789843,8,2.1741474579035107,0,0
33,308,0.20326255006824828,1.0,0.015350351177806146,0.0134347415789843,8,2.169615067809547,0,0
34,316,0.20427301403888176,1.0,0.015350351177806146,0.0134347415789843,8,2.1859073607508184,0,0
35,324,0.21576840141618472,1.0,0.015350351177806146,0.0134347415789843,8,2.2053066284303227,0,0
36,332,0.23655857811484912,1.0,0.015350351177806146,0.0134347415789843,8,2.248163344373783,0,0
37,340,0.2501060824477137,1.0,0.015350351177806146,0.0134347415789843,8,2.2520027690475604,0,0
38,348,0.2529073236317592,1.0,0.015350351177806146,0.0134347415789843,8,2.324237090037019,0,0
39,356,0.253448070969188,1.0,0.015350351177806146,0.0134347415789843,8,2.261648164998405,0,0
40,364,0.23863006731406125,1.0,0.015350351177806146,0.0134347415789843,8,2.3528680221329434,0,0
41,372,0.22078137236209125,1.0,0.015350351177806146,0.0134347415789843,8,2.423709785077632,0,0
42,380,0.20376843515311274,1.0,0.015350351177806146,0.0134347415789843,8,2.503283117869083,0,0
43,388,0.19798610340006237,1.0,0.015350351177806146,0.0134347415789843,8,2.6858809023099837,0,0
44,396,0.19588519380028754,1.0,0.015350351177806146,0.0134347415789843,8,2.9206668770127955,0,0
45,404,0.1929620819992373,1.0,0.015350351177806146,0.0134347415789843,8,2.9351366308411997,0,0
46,412,0.18856651108399153,1.0,0.015350351177806146,0.0134347415789843,8,2.878107989794658,0,0
47,420,0.19224844984492603,1.0,0.015350351177806146,0.0134347415789843,8,2.8767536862790606,0,0
48,427,0.19171973917488389,1.0,0.01541798803902277,0.007143250586288005,7,3.128346216014246,0,0
49,434,0.18771035266996178,1.0,0.01541798803902277,0.007143250586288005,7,3.0776955169815285,0,0
50,441,0.18694431735883144,1.0,0.01541798803902277,0.007143250586288005,7,3.1420012663373127,0,0
51,448,0.17741091955744667,1.0,0.01541798803902277,0.007143250586288005,7,3.122876505191945,0,0
52,455,0.17277835590237522,1.0,0.01541798803902277,0.007143250586288005,7,3.129412510817574,0,0
53,462,0.16781712458123035,1.0,0.01541798803902277,0.007143250586288005,7,3.1021121423740925,0,0
54,469,0.16096574999384536,1.0,0.01541798803902277,0.007143250586288005,7,3.156022091159486,0,0
55,476,0.15387010645397473,1.0,0.01541798803902277,0.007143250586288005,7,3.31250005413577,0,0
56,483,0.15038954231195542,1.0,0.01541798803902277,0.007143250586288005,7,3.4341071825179825,0,0
57,490,0.14946304551029183,1.0,0.01541798803902277,0.007143250586288005,7,3.3871445049501916,0,0
58,497,0.13996940301439834,1.0,0.01541798803902277,0.007143250586288005,7,3.3206519351871155,0,0
59,504,0.13528011425077116,1.0,0.01541798803902277,0.007143250586288005,7,3.4627290792144083,0,0
60,511,0.13232645547038605,1.0,0.01541798803902277,0.007143250586288005,7,3.405128658231333,0,0
61,518,0.12559998648369394,1.0,0.01541798803902277,0.007143250586288005,7,3.3157474824847726,0,0
62,525,0.12531011258429323,1.0,0.01541798803902277,0.007143250586288005,7,3.273773583501636,0,0
63,532,0.12737885333096824,1.0,0.01541798803902277,0.007143250586288005,7,3.181372457974455,0,0
64,539,0.1255747247341319,1.0,0.01541798803902277,0.007143250586288005,7,3.2532906878913312,0,0
65,546,0.11583647580955107,1.0,0.01541798803902277,0.007143250586288005,7,3.3154273783908486,0,0
66,553,0.11483683914855553,1.0,0.01541798803902277,0.007143250586288005,7,3.089828198788482,0,0
67,560,0.12213578693960546,1.0,0.01541798803902277,0.007143250586288005,7,2.95432528602854,0,0
68,567,0.12935596672129346,1.0,0.01541798803902277,0.007143250586288005,7,3.095305413625162,0,0
69,574,0.13860358657834404,1.0,0.01541798803902277,0.007143250586288005,7,3.01683914763397,0,0
70,581,0.13394078292334635,1.0,0.01541798803902277,0.007143250586288005,7,3.1350057273010887,0,0
71,588,0.1327459751574722,1.0,0.01541798803902277,0.007143250586288005,7,3.2407192002005845,0,0
72,594,0.13310477002860013,1.0,0.01541798803902277,0.007143250586288005,6,3.2417022323227696,0,0
73,600,0.1343267262929284,1.0,0.01541798803902277,0.007143250586288005,6,3.357116482818278,0,0
74,606,0.13606153940484642,0.8333333333333334,0.01541798803902277,0.007143250586288005,6,3.5295793432791447,0,0
75,612,0.13486467408241934,1.0,0.01541798803902277,0.007143250586288005,6,3.481452898942473,0,0
76,618,0.13460938146590629,1.0,0.01541798803902277,0.007143250586288005,6,3.563438035492389,0,0
77,624,0.12782358673510452,1.0,0.01541798803902277,0.007143250586288005,6,3.6253171631976233,0,0
78,630,0.1205832027059208,1.0,0.01541798803902277,0.007143250586288005,6,3.556936949764478,0,0
79,636,0.11596858019537616,1.0,0.01541798803902277,0.007143250586288005,6,3.5514153121016916,0,0
80,642,0.11349508436750354,1.0,0.01541798803902277,0.007143250586288005,6,3.5710204181056793,0,0
81,648,0.10982732058544256,1.0,0.01541798803902277,0.007143250586288005,6,3.8128293720566506,0,0
82,654,0.11214549336727402,1.0,0.01541798803902277,0.007143250586288005,6,4.190099729831157,0,0
83,660,0.11462284996257487,1.0,0.01541798803902277,0.007143250586288005,6,4.299796995235453,0,0
84,666,0.11446188329895429,1.0,0.01541798803902277,0.007143250586288005,6,4.630167715849775,0,0
85,672,0.11382375750111111,1.0,0.01541798803902277,0.007143250586288005,6,4.367663620799271,0,0
86,678,0.12157755369120773,1.0,0.01541798803902277,0.007143250586288005,6,4.473784397726938,0,0
87,684,0.12356466916044684,1.0,0.01541798803902277,0.007143250586288005,6,4.497006579971108,0,0
88,690,0.1252563671951847,1.0,0.01541798803902277,0.007143250586288005,6,4.591495597251186,0,0
89,696,0.12780952965334932,1.0,0.01541798803902277,0.007143250586288005,6,4.8141766005884925,0,0
90,702,0.13410304149093516,1.0,0.01541798803902277,0.007143250586288005,6,4.703604870602699,0,0
91,708,0.14170994890145597,1.0,0.01541798803902277,0.007143250586288005,6,4.658217403862176,0,0
92,714,0.15410895165504968,1.0,0.01541798803902277,0.007143250586288005,6,4.6247050315017955,0,0
93,720,0.1616809710208112,1.0,0.01541798803902277,0.007143250586288005,6,4.947543180621618,0,0
94,726,0.17134028663121817,1.0,0.01541798803902277,0.007143250586288005,6,5.03648945384388,0,0
95,732,0.1738783074676718,1.0,0.01541798803902277,0.007143250586288005,6,4.758136745166317,0,0
96,738,0.18111939162049506,1.0,0.01541798803902277,0.007143250586288005,6,4.907433244366162,0,0
97,744,0.17872242278357797,1.0,0.01541798803902277,0.007143250586288005,6,4.896078801121669,0,0
98,750,0.17439726628359,1.0,0.01541798803902277,0.007143250586288005,6,5.02795189099208,0,0
99,756,0.15999161227531475,1.0,0.01541798803902277,0.007143250586288005,6,5.018484813922195,0,0
100,761,0.15443952110996928,1.0,0.015485894338048995,0.0019912029254017106,5,4.71786089099621,0,0
101,766,0.1507783747570011,1.0,0.015485894338048995,0.0019912029254017106,5,4.617737463852326,0,0
102,771,0.14737824121291906,1.0,0.015485894338048995,0.0019912029254017106,5,4.557591548859714,0,0
103,776,0.14878956530226098,1.0,0.015485894338048995,0.0019912029254017106,5,4.574312719585249,0,0
104,781,0.1536036476722362,1.0,0.015485894338048995,0.0019912029254017106,5,4.587407887075088,0,0
105,786,0.15967785608159396,1.0,0.015485894338048995,0.0019912029254017106,5,4.969066018737487,0,0
106,791,0.1599878710116697,1.0,0.015485894338048995,0.0019912029254017106,5,4.997794649260697,0,0
107,796,0.15859921525220744,1.0,0.015485894338048995,0.0019912029254017106,5,5.037734076608043,0,0
108,801,0.1566826514874698,1.0,0.015485894338048995,0.0019912029254017106,5,5.110945231953193,0,0
109,806,0.14849021444210636,1.0,0.015485894338048995,0.0019912029254017106,5,5.095709545804087,0,0
110,811,0.15168200816181535,1.0,0.015485894338048995,0.0019912029254017106,5,5.12787186429152,0,0
111,816,0.15191052584180598,1.0,0.015485894338048995,0.0019912029254017106,5,5.0151658176104545,0,0
112,821,0.15165909309667466,1.0,0.015485894338048995,0.0019912029254017106,5,4.772300939010384,0,0
113,826,0.16057235905437212,1.0,0.015485894338048995,0.0019912029254017106,5,5.343155368253714,0,0
114,831,0.16985345843085978,1.0,0.015485894338048995,0.0019912029254017106,5,5.704605587502366,0,0
115,836,0.18161763824976696,1.0,0.015485894338048995,0.0019912029254017106,5,5.458998141760429,0,0
116,841,0.18567042435172507,1.0,0.015485894338048995,0.0019912029254017106,5,5.561033777953114,0,0
117,846,0.19190776622552852,1.0,0.015485894338048995,0.0019912029254017106,5,5.7101437966871105,0,0
118,851,0.190012980522069,1.0,0.015485894338048995,0.0019912029254017106,5,5.609141564922218,0,0
119,856,0.18926862478681486,1.0,0.015485894338048995,0.0019912029254017106,5,6.161451961700124,0,0
120,861,0.19140035426051905,1.0,0.015485894338048995,0.0019912029254017106,5,6.365677999034426,0,0
121,866,0.1975828955239781,1.0,0.015485894338048995,0.0019912029254017106,5,6.657161188638819,0,0
122,871,0.2032774258280197,1.0,0.015485894338048995,0.0019912029254017106,5,6.824967397352722,0,0
123,876,0.20613048448226856,1.0,0.015485894338048995,0.0019912029254017106,5,6.93751158574933,0,0
124,881,0.20353763014400722,0.6,0.015485894338048995,0.0019912029254017106,5,7.46685591938427,0,0
125,886,0.20431086060615755,1.0,0.015485894338048995,0.0019912029254017106,5,7.963991571975741,0,0
126,891,0.20060038931636853,1.0,0.015485894338048995,0.0019912029254017106,5,8.046304388229432,0,0
127,896,0.191585306733218,1.0,0.015485894338048995,0.0019912029254017106,5,7.982383724140472,0,0
128,901,0.18075365861512888,1.0,0.015485894338048995,0.0019912029254017106,5,7.939387938866719,0,0
129,906,0.18007810511453307,1.0,0.015485894338048995,0.0019912029254017106,5,8.23379168274941,0,0
130,911,0.17759757102343987,1.0,0.015485894338048995,0.0019912029254017106,5,8.565990162195481,0,0
131,916,0.17024426051097388,1.0,0.015485894338048995,0.0019912029254017106,5,9.155770700020252,0,0
132,921,0.16647794815140748,1.0,0.015485894338048995,0.0019912029254017106,5,9.797859773841807,0,0
133,925,0.16687242713556724,1.0,0.015485894338048995,0.0019912029254017106,4,10.301914881521988,0,0
134,929,0.16187628531795356,1.0,0.015485894338048995,0.0019912029254017106,4,10.381051724834139,0,0
135,933,0.15480744949511668,1.0,0.015485894338048995,0.0019912029254017106,4,10.196150340513755,0,0
136,937,0.14818071074184433,1.0,0.015485894338048995,0.0019912029254017106,4,10.26520339987233,0,0
137,941,0.14732896836277595,1.0,0.015485894338048995,0.0019912029254017106,4,11.320512471657437,0,0
138,945,0.1418594649714635,1.0,0.015485894338048995,0.0019912029254017106,4,11.378158897023166,0,0
139,949,0.14229435953796343,1.0,0.015485894338048995,0.0019912029254017106,4,10.708925967331519,0,0
140,953,0.1492594133730976,1.0,0.015485894338048995,0.0019912029254017106,4,10.594203523143378,0,0
141,957,0.1553598780441738,1.0,0.015485894338048995,0.0019912029254017106,4,11.08862591081728,0,0
142,961,0.15962841402951858,1.0,0.015485894338048995,0.0019912029254017106,4,11.560109523676783,0,0
143,965,0.16656519159833433,1.0,0.015485894338048995,0.0019912029254017106,4,11.28172326963528,0,0
144,969,0.1686545233049753,1.0,0.015485894338048995,0.0019912029254017106,4,11.18124143347541,0,0
145,973,0.17790184982109528,1.0,0.015485894338048995,0.0019912029254017106,4,11.861699004362748,0,0
146,977,0.18316393392995506,1.0,0.015485894338048995,0.0019912029254017106,4,11.315911771722218,0,0
147,981,0.1887950797238784,1.0,0.015485894338048995,0.0019912029254017106,4,11.545388804386885,0,0
148,985,0.18779485334002935,1.0,0.015485894338048995,0.0019912029254017106,4,11.356640425762233,0,0
149,989,0.18680904099631188,1.0,0.015485894338048995,0.0019912029254017106,4,11.286954533344662,0,0
150,993,0.19527194234144876,1.0,0.015485894338048995,0.0019912029254017106,4,11.533153196148357,0,0
151,997,0.2015220384665981,1.0,0.015485894338048995,0.0019912029254017106,4,13.222687075229283,0,0
152,1001,0.20183582469405922,1.0,0.015485894338048995,0.0019912029254017106,4,13.981812337752073,0,0
0,10,0.8843020679836529,0.5,0.015283824524751714,0.02015428276120837,10,1.132791974539772,1,0
1,20,0.8328509485472028,1.0,0.015283824524751714,0.02015428276120837,10,1.2010801814494882,1,0
2,30,0.7729653765273635,1.0,0.015283824524751714,0.02015428276120837,10,1.2428271368749095,1,0
3,40,0.7604098460936722,1.0,0.015283824524751714,0.02015428276120837,10,1.25627769382318,1,0
4,50,0.7918560352198555,1.0,0.015283824524751714,0.02015428276120837,10,1.3244343968233268,1,0
5,60,0.841996862818621,1.0,0.015283824524751714,0.02015428276120837,10,1.401115328801622,1,0
6,70,0.9190990814531041,1.0,0.015283824524751714,0.02015428276120837,10,1.4659038341131536,1,0
7,80,0.9455536315176118,1.0,0.015283824524751714,0.02015428276120837,10,1.4777104039608457,1,0
8,90,0.8880067361079866,1.0,0.015283824524751714,0.02015428276120837,10,1.542802427846526,1,0
9,100,0.8302627136895517,1.0,0.015283824524751714,0.02015428276120837,10,1.5798329516279501,1,0
10,110,0.877217120859355,1.0,0.015283824524751714,0.02015428276120837,10,1.6084883294767913,1,0
11,120,0.8295639073241742,1.0,0.015283824524751714,0.02015428276120837,10,1.5752974590859536,1,0
12,130,0.7981946682777511,1.0,0.015283824524751714,0.02015428276120837,10,1.6044641829487698,1,0
13,140,0.7907744961822735,1.0,0.015283824524751714,0.02015428276120837,10,1.6072552916924796,1,0
14,150,0.7803244476842545,1.0,0.015283824524751714,0.02015428276120837,10,1.5827074934140177,1,0
15,160,0.803613957217293,1.0,0.015283824524751714,0.02015428276120837,10,1.6596189037761093,1,0
16,170,0.8455952697078127,1.0,0.015283824524751714,0.02015428276120837,10,1.7154648063587425,1,0
17,179,0.8148809395194812,1.0,0.015350351177806146,0.0134347415789843,9,1.7165048477598472,1,0
18,188,0.8175484902518324,1.0,0.015350351177806146,0.0134347415789843,9,1.6910666664586549,1,0
19,197,0.7887660690367637,1.0,0.015350351177806146,0.0134347415789843,9,1.754272429685848,1,0
20,206,0.8018344372453967,1.0,0.015350351177806146,0.0134347415789843,9,1.728357117394083,1,0
21,215,0.8053606551138228,1.0,0.015350351177806146,0.0134347415789843,9,1.7055081815240338,1,0
22,224,0.764989626791201,1.0,0.015350351177806146,0.0134347415789843,9,1.734111615834112,1,0
23,233,0.743675907283445,1.0,0.015350351177806146,0.0134347415789843,9,1.7549741515282964,1,0
24,242,0.7392287030645731,1.0,0.015350351177806146,0.0134347415789843,9,1.785090055137877,1,0
25,251,0.6968361666356874,1.0,0.015350351177806146,0.0134347415789843,9,1.8979158613860574,1,0
26,260,0.6734465168329655,1.0,0.015350351177806146,0.0134347415789843,9,1.9964804544440906,1,0
27,269,0.6247638273514539,1.0,0.015350351177806146,0.0134347415789843,9,2.029908713208537,1,0
28,278,0.6038869092589481,1.0,0.015350351177806146,0.0134347415789843,9,2.049258226501152,1,0
29,287,0.5560616132659916,1.0,0.015350351177806146,0.0134347415789843,9,2.0712704484817523,1,0
30,296,0.5126693736049043,1.0,0.015350351177806146,0.0134347415789843,9,2.1251478703476576,1,0
31,305,0.49354975688783054,1.0,0.015350351177806146,0.0134347415789843,9,2.2545301540106037,1,0
32,314,0.4826331307539719,1.0,0.015350351177806146,0.0134347415789843,9,2.278954502838368,1,0
33,323,0.47256603569318784,1.0,0.015350351177806146,0.0134347415789843,9,2.4295488177836146,1,0
34,332,0.511336182007593,1.0,0.015350351177806146,0.0134347415789843,9,2.4588742253969587,1,0
35,341,0.5417842484636426,1.0,0.015350351177806146,0.0134347415789843,9,2.400251904666072,1,0
36,350,0.5483501491389623,1.0,0.015350351177806146,0.0134347415789843,9,2.5023928962999125,1,0
37,359,0.5362862487289926,1.0,0.015350351177806146,0.0134347415789843,9,2.589129349270526,1,0
38,368,0.4941128872953635,1.0,0.015350351177806146,0.0134347415789843,9,2.573701621509923,1,0
39,377,0.46212152072186824,1.0,0.015350351177806146,0.0134347415789843,9,2.5573316347332717,1,0
40,386,0.4378689474159021,1.0,0.015350351177806146,0.0134347415789843,9,2.45802854624075,1,0
41,395,0.40736085890043716,1.0,0.015350351177806146,0.0134347415789843,9,2.54772239809539,1,0
42,404,0.38104510889907334,1.0,0.015350351177806146,0.0134347415789843,9,2.5794562295560173,1,0
43,413,0.39833974495442603,1.0,0.015350351177806146,0.0134347415789843,9,2.666948636397508,1,0
44,422,0.4164240020708755,1.0,0.015350351177806146,0.0134347415789843,9,2.7686136490286852,1,0
45,431,0.42039298869675307,1.0,0.015350351177806146,0.0134347415789843,9,2.803130523213502,1,0
46,440,0.4175813462861454,1.0,0.015350351177806146,0.0134347415789843,9,2.9455463734970304,1,0
47,449,0.38866715784714717,1.0,0.015350351177806146,0.0134347415789843,9,3.0244754904821365,1,0
48,458,0.3729258401396439,1.0,0.015350351177806146,0.0134347415789843,9,3.051035714116135,1,0
49,467,0.37282358609304966,1.0,0.015350351177806146,0.0134347415789843,9,3.0706355760627284,1,0
50,476,0.36409010821115706,1.0,0.015350351177806146,0.0134347415789843,9,3.0571338284693708,1,0
51,485,0.3791802259825031,1.0,0.015350351177806146,0.0134347415789843,9,3.1581319237366694,1,0
52,494,0.38141923608465317,1.0,0.015350351177806146,0.0134347415789843,9,3.3698279053154887,1,0
53,503,0.3753987076229552,1.0,0.015350351177806146,0.0134347415789843,9,3.4096960316524756,1,0
54,511,0.3619304866953158,1.0,0.015350351177806146,0.0134347415789843,8,3.3701800312589754,1,0
55,519,0.3435914360297913,1.0,0.015350351177806146,0.0134347415789843,8,3.358346931965893,1,0
56,527,0.32649110783513563,1.0,0.015350351177806146,0.0134347415789843,8,3.381070859161462,1,0
57,535,0.3142146829741843,1.0,0.015350351177806146,0.0134347415789843,8,3.404461658190676,1,0
58,543,0.3138001975359958,1.0,0.015350351177806146,0.0134347415789843,8,3.438574926883867,1,0
59,551,0.32187330261455943,1.0,0.015350351177806146,0.0134347415789843,8,3.4878286110272456,1,0
60,559,0.3171708530263,1.0,0.015350351177806146,0.0134347415789843,8,3.583807613765741,1,0
61,567,0.2975718156357643,1.0,0.015350351177806146,0.0134347415789843,8,3.794063727423961,1,0
62,575,0.30438336258942655,1.0,0.015350351177806146,0.0134347415789843,8,3.7679905786881767,1,0
63,583,0.3022368794995889,1.0,0.015350351177806146,0.0134347415789843,8,3.7398551971991125,1,0
64,591,0.32240328979563165,1.0,0.015350351177806146,0.0134347415789843,8,3.554770375192533,1,0
65,599,0.36781856909399285,1.0,0.015350351177806146,0.0134347415789843,8,3.6917746946107184,1,0
66,607,0.40328324677018706,1.0,0.015350351177806146,0.0134347415789843,8,3.8969694224306086,1,0
67,615,0.4174516570742623,1.0,0.015350351177806146,0.0134347415789843,8,3.9233022553156935,1,0
68,623,0.4328604367890117,1.0,0.015350351177806146,0.0134347415789843,8,4.189822850285968,1,0
69,631,0.44338900250614316,1.0,0.015350351177806146,0.0134347415789843,8,4.17059169754048,1,0
70,639,0.4293506233637888,1.0,0.015350351177806146,0.0134347415789843,8,4.212330846840352,1,0
71,647,0.42285970716520727,1.0,0.015350351177806146,0.0134347415789843,8,4.150763234869529,1,0
72,655,0.4205481758908722,1.0,0.015350351177806146,0.0134347415789843,8,4.188782243351364,1,0
73,663,0.4270394971937293,1.0,0.015350351177806146,0.0134347415789843,8,4.174587056468516,1,0
74,671,0.4432323902700973,1.0,0.015350351177806146,0.0134347415789843,8,4.178589820501746,1,0
75,679,0.46619743038715167,1.0,0.015350351177806146,0.0134347415789843,8,4.207233691062789,1,0
76,687,0.487334181141919,1.0,0.015350351177806146,0.0134347415789843,8,4.10307612217137,1,0
77,695,0.48821237585753363,1.0,0.015350351177806146,0.0134347415789843,8,4.0206832139824416,1,0
78,703,0.5055487841339026,0.25,0.015350351177806146,0.0134347415789843,8,4.157626776308872,1,0
79,711,0.5237781177427857,1.0,0.015350351177806146,0.0134347415789843,8,4.233871998714903,1,0
80,719,0.5126344646144959,1.0,0.015350351177806146,0.0134347415789843,8,4.122427402221039,1,0
81,727,0.5222289432560786,1.0,0.015350351177806146,0.0134347415789843,8,3.968500901203337,1,0
82,735,0.5311537447982733,1.0,0.015350351177806146,0.0134347415789843,8,4.1155741436736175,1,0
83,743,0.5502328907630167,1.0,0.015350351177806146,0.0134347415789843,8,4.205710231090669,1,0
84,751,0.5598599131140594,0.875,0.015350351177806146,0.0134347415789843,8,4.3074784957492795,1,0
85,759,0.5480644155726043,1.0,0.015350351177806146,0.0134347415789843,8,4.233970392064504,1,0
86,767,0.5394697914615667,1.0,0.015350351177806146,0.0134347415789843,8,4.010543632305129,1,0
87,775,0.5191001738715008,1.0,0.015350351177806146,0.0134347415789843,8,4.142377276986203,1,0
88,783,0.5274964331471159,1.0,0.015350351177806146,0.0134347415789843,8,4.312674606571879,1,0
89,791,0.5113011425623848,1.0,0.015350351177806146,0.0134347415789843,8,4.300496238526241,1,0
90,799,0.4829245608455418,1.0,0.015350351177806146,0.0134347415789843,8,4.366825273391652,1,0
91,807,0.43972687527524135,1.0,0.015350351177806146,0.0134347415789843,8,4.56206046901258,1,0
92,815,0.4051438203346368,1.0,0.015350351177806146,0.0134347415789843,8,4.54081525895947,1,0
93,823,0.39092998004521146,1.0,0.015350351177806146,0.0134347415789843,8,4.566455603956549,1,0
94,831,0.3540871399411276,1.0,0.015350351177806146,0.0134347415789843,8,4.477056855790102,1,0
95,839,0.3480851794305532,1.0,0.015350351177806146,0.0134347415789843,8,4.520538575853077,1,0
96,846,0.3427621163011011,1.0,0.01541798803902277,0.007143250586288005,7,4.542058537895533,1,0
97,853,0.3188247388124839,1.0,0.01541798803902277,0.007143250586288005,7,4.439784506057027,1,0
98,860,0.31072289828308536,1.0,0.01541798803902277,0.007143250586288005,7,4.521931595751703,1,0
99,867,0.30250609466339484,1.0,0.01541798803902277,0.007143250586288005,7,4.469527643139137,1,0
100,874,0.30984626709239677,1.0,0.01541798803902277,0.007143250586288005,7,4.659089292983546,1,0
101,881,0.3149452736281104,1.0,0.01541798803902277,0.007143250586288005,7,4.690803504536208,1,0
102,888,0.3332384833848957,1.0,0.01541798803902277,0.007143250586288005,7,4.589847698644364,1,0
103,895,0.33605719421643476,1.0,0.01541798803902277,0.007143250586288005,7,4.755118789117998,1,0
104,902,0.35027262870691583,1.0,0.01541798803902277,0.007143250586288005,7,5.247879042375961,1,0
105,909,0.35182333099381746,1.0,0.01541798803902277,0.007143250586288005,7,5.455422252412391,1,0
106,916,0.33872480864081356,1.0,0.01541798803902277,0.007143250586288005,7,5.767577045385907,1,0
107,923,0.3139714324954806,1.0,0.01541798803902277,0.007143250586288005,7,5.920225480746049,1,0
108,930,0.2935520355434704,1.0,0.01541798803902277,0.007143250586288005,7,5.897669531285581,1,0
109,937,0.2692728387279546,1.0,0.01541798803902277,0.007143250586288005,7,6.188184081488203,1,0
110,944,0.2436015430046012,1.0,0.01541798803902277,0.007143250586288005,7,6.239952095793673,1,0
111,951,0.22702468553339594,1.0,0.01541798803902277,0.007143250586288005,7,6.529840512319179,1,0
112,958,0.22051135990852022,1.0,0.01541798803902277,0.007143250586288005,7,6.162879510129036,1,0
113,965,0.21785300830133836,1.0,0.01541798803902277,0.007143250586288005,7,6.168656803299624,1,0
114,972,0.20862143836286162,1.0,0.01541798803902277,0.007143250586288005,7,6.630970924636419,1,0
115,979,0.20823911790034366,1.0,0.01541798803902277,0.007143250586288005,7,6.655292379901094,1,0
116,986,0.20762657448104987,1.0,0.01541798803902277,0.007143250586288005,7,6.8238612847062114,1,0
117,993,0.20429662036268997,0.7142857142857143,0.01541798803902277,0.007143250586288005,7,6.870656483296179,1,0
118,1000,0.20123429742737822,1.0,0.01541798803902277,0.007143250586288005,7,6.659667775946903,1,0
119,1007,0.19578550204094852,1.0,0.01541798803902277,0.007143250586288005,7,6.603727910584365,1,0
120,1014,0.1940353502484486,1.0,0.01541798803902277,0.007143250586288005,7,6.755059861794002,1,0
121,1021,0.18416768303689635,1.0,0.01541798803902277,0.007143250586288005,7,6.94739032066106,1,0
122,1028,0.1788545122155067,1.0,0.01541798803902277,0.007143250586288005,7,6.828980176061355,1,0
123,1035,0.18580570726628998,1.0,0.01541798803902277,0.007143250586288005,7,6.830159746870402,1,0
124,1042,0.18852198692653377,1.0,0.01541798803902277,0.007143250586288005,7,6.69401156327538,1,0
125,1049,0.1899879731367479,1.0,0.01541798803902277,0.007143250586288005,7,6.792298247320534,1,0
126,1056,0.2021140674609761,1.0,0.01541798803902277,0.007143250586288005,7,7.031726752540267,1,0
127,1063,0.20984874391262556,1.0,0.01541798803902277,0.007143250586288005,7,6.917358408319778,1,0
128,1070,0.2166179639999352,1.0,0.01541798803902277,0.007143250586288005,7,6.831284731418262,1,0
129,1077,0.22630200811756243,1.0,0.01541798803902277,0.007143250586288005,7,6.897738256937067,1,0
130,1084,0.24139899570974097,1.0,0.01541798803902277,0.007143250586288005,7,6.577412955768722,1,0
131,1091,0.2547931505765197,1.0,0.01541798803902277,0.007143250586288005,7,6.55599076523381,1,0
132,1098,0.24948505713846567,1.0,0.01541798803902277,0.007143250586288005,7,6.765417401091667,1,0
133,1105,0.2446993244366111,1.0,0.01541798803902277,0.007143250586288005,7,6.923768033840353,1,0
134,1112,0.2402250363407584,1.0,0.01541798803902277,0.007143250586288005,7,6.894393316909463,1,0
135,1119,0.2501723986639041,1.0,0.01541798803902277,0.007143250586288005,7,7.143010258678103,1,0
136,1126,0.2457809890976272,1.0,0.01541798803902277,0.007143250586288005,7,7.341955230961651,1,0
137,1133,0.2424218870212181,1.0,0.01541798803902277,0.007143250586288005,7,7.535439041181302,1,0
138,1140,0.24900773104091173,1.0,0.01541798803902277,0.007143250586288005,7,7.437954376676072,1,0
139,1147,0.25279423375336013,1.0,0.01541798803902277,0.007143250586288005,7,7.389255215546953,1,0
140,1154,0.25388496449357906,1.0,0.01541798803902277,0.007143250586288005,7,7.582684244873139,1,0
141,1161,0.2564639158738802,1.0,0.01541798803902277,0.007143250586288005,7,7.523723222210804,1,0
142,1168,0.24425838409879946,1.0,0.01541798803902277,0.007143250586288005,7,7.646310089660374,1,0
143,1174,0.24156190686991996,1.0,0.01541798803902277,0.007143250586288005,6,7.594514373742225,1,0
144,1180,0.2371970517269284,1.0,0.01541798803902277,0.007143250586288005,6,8.028216305096032,1,0
145,1186,0.23556008303054085,1.0,0.01541798803902277,0.007143250586288005,6,8.052220327979223,1,0
146,1192,0.24060072874184313,1.0,0.01541798803902277,0.007143250586288005,6,8.06841330220621,1,0
147,1198,0.22814044298688746,1.0,0.01541798803902277,0.007143250586288005,6,7.806625255029454,1,0
148,1204,0.20996436519978254,1.0,0.01541798803902277,0.007143250586288005,6,7.779612213377077,1,0
149,1210,0.1955906454537626,1.0,0.01541798803902277,0.007143250586288005,6,7.491020791995238,1,0
150,1216,0.18157622334170753,1.0,0.01541798803902277,0.007143250586288005,6,8.109449174006308,1,0
151,1222,0.1677745854784974,1.0,0.01541798803902277,0.007143250586288005,6,7.989224765435159,1,0
152,1228,0.16733461032511604,1.0,0.01541798803902277,0.007143250586288005,6,8.00545653628756,1,0
153,1234,0.1626129476121726,1.0,0.01541798803902277,0.007143250586288005,6,7.913752168231054,1,0
154,1240,0.15680316783824072,1.0,0.01541798803902277,0.007143250586288005,6,8.100821053294103,1,0
155,1246,0.15663207773001023,1.0,0.01541798803902277,0.007143250586288005,6,8.5629678903932,1,0
156,1252,0.16845498922402505,1.0,0.01541798803902277,0.007143250586288005,6,9.348568293244618,1,0
157,1258,0.17760334346054027,1.0,0.01541798803902277,0.007143250586288005,6,9.156589237939812,1,0
158,1264,0.18602991999285082,1.0,0.01541798803902277,0.007143250586288005,6,9.550171489838393,1,0
159,1270,0.18487713264986227,1.0,0.01541798803902277,0.007143250586288005,6,9.283228156182313,1,0
160,1276,0.18631263604748524,1.0,0.01541798803902277,0.007143250586288005,6,9.214543038766195,1,0
161,1282,0.1808402987259961,1.0,0.01541798803902277,0.007143250586288005,6,9.517374696603207,1,0
162,1288,0.18233504889501811,1.0,0.01541798803902277,0.007143250586288005,6,9.73234379529173,1,0
163,1294,0.18075564860587512,1.0,0.01541798803902277,0.007143250586288005,6,9.496103801562768,1,0
164,1300,0.17835610131064913,1.0,0.01541798803902277,0.007143250586288005,6,9.40006809319283,1,0
165,1306,0.18490428743046203,1.0,0.01541798803902277,0.007143250586288005,6,9.743331147868455,1,0
166,1312,0.18031929551109255,1.0,0.01541798803902277,0.007143250586288005,6,9.933154365464018,1,0
167,1318,0.17871138093821726,1.0,0.01541798803902277,0.007143250586288005,6,10.011021998637137,1,0
168,1324,0.18397965611434444,1.0,0.01541798803902277,0.007143250586288005,6,10.219095401588525,1,0
169,1330,0.16820948091386612,1.0,0.01541798803902277,0.007143250586288005,6,9.714543410411782,1,0
170,1336,0.16508232991112337,1.0,0.01541798803902277,0.007143250586288005,6,10.427974473124808,1,0
171,1342,0.16580315579220653,1.0,0.01541798803902277,0.007143250586288005,6,10.973406861073292,1,0
172,1348,0.1767054131433011,1.0,0.01541798803902277,0.007143250586288005,6,10.823527636484124,1,0
173,1354,0.1738428623533917,1.0,0.01541798803902277,0.007143250586288005,6,10.842264737860383,1,0
174,1360,0.18566088854211812,1.0,0.01541798803902277,0.007143250586288005,6,11.524181653320442,1,0
175,1366,0.19420717552199188,1.0,0.01541798803902277,0.007143250586288005,6,12.404582197953456,1,0
176,1372,0.19680021399205744,1.0,0.01541798803902277,0.007143250586288005,6,11.809342805203872,1,0
177,1378,0.19394285572033484,1.0,0.01541798803902277,0.007143250586288005,6,11.717993539697499,1,0
178,1384,0.1951370475486933,1.0,0.01541798803902277,0.007143250586288005,6,11.891622240308799,1,0
179,1390,0.19109426916095562,1.0,0.01541798803902277,0.007143250586288005,6,12.399933687361129,1,0
180,1396,0.17678993393052939,1.0,0.01541798803902277,0.007143250586288005,6,13.10614332441486,1,0
181,1402,0.16787342808415592,1.0,0.01541798803902277,0.007143250586288005,6,13.137080442414277,1,0
182,1408,0.1601750679436933,1.0,0.01541798803902277,0.007143250586288005,6,13.522230962540553,1,0
183,1414,0.15552208359521294,1.0,0.01541798803902277,0.007143250586288005,6,13.03095510385739,1,0
184,1420,0.1577604493726773,1.0,0.01541798803902277,0.007143250586288005,6,13.896266014836877,1,0
185,1426,0.15779096409324542,1.0,0.01541798803902277,0.007143250586288005,6,14.267198476538095,1,0
186,1432,0.1620844164319934,1.0,0.01541798803902277,0.007143250586288005,6,14.467495715434612,1,0
187,1438,0.16151454661989237,1.0,0.01541798803902277,0.007143250586288005,6,14.91955258693609,1,0
188,1444,0.1659664522013877,1.0,0.01541798803902277,0.007143250586288005,6,15.692565873796278,1,0
189,1450,0.17725413324439196,1.0,0.01541798803902277,0.007143250586288005,6,17.11240158187894,1,0
190,1456,0.1907193246699572,1.0,0.01541798803902277,0.007143250586288005,6,16.646228515762942,1,0
191,1462,0.20415195086383942,1.0,0.01541798803902277,0.007143250586288005,6,16.79833052868048,1,0
192,1468,0.21948203657226556,1.0,0.01541798803902277,0.007143250586288005,6,17.611638066195034,1,0
193,1474,0.22501374673058894,1.0,0.01541798803902277,0.007143250586288005,6,17.145951261107108,1,0
194,1480,0.2096416267119618,1.0,0.01541798803902277,0.007143250586288005,6,17.89548861806629,1,0
195,1486,0.1961569870402741,1.0,0.01541798803902277,0.007143250586288005,6,19.165693726118114,1,0
196,1492,0.17897804596338232,1.0,0.01541798803902277,0.007143250586288005,6,19.278188337124547,1,0
197,1498,0.17559357482583066,1.0,0.01541798803902277,0.007143250586288005,6,20.42812329960212,1,0
198,1504,0.1752211066285017,1.0,0.01541798803902277,0.007143250586288005,6,22.144139223029175,1,0
199,1509,0.18238072255182272,1.0,0.015485894338048995,0.0019912029254017106,5,25.768558002552236,1,0
200,1514,0.18291327869060828,1.0,0.015485894338048995,0.0019912029254017106,5,26.52801622213954,1,0
201,1519,0.17712571136867344,1.0,0.015485894338048995,0.0019912029254017106,5,28.56981028610605,1,0
202,1524,0.16597475848594748,1.0,0.015485894338048995,0.0019912029254017106,5,28.973555570650444,1,0
203,1529,0.16113846883701732,1.0,0.015485894338048995,0.0019912029254017106,5,32.274226207985755,1,0
204,1534,0.15802133904516016,1.0,0.015485894338048995,0.0019912029254017106,5,32.87695135974576,1,0
205,1539,0.14554770209768525,1.0,0.015485894338048995,0.0019912029254017106,5,33.37478015974372,1,0
206,1544,0.13658869982595045,1.0,0.015485894338048995,0.0019912029254017106,5,33.89105614352572,1,0
207,1549,0.13487512335007149,1.0,0.015485894338048995,0.0019912029254017106,5,35.48706372738857,1,0
208,1554,0.13344869664276765,1.0,0.015485894338048995,0.0019912029254017106,5,35.66197300727741,1,0
209,1559,0.1362518312933445,1.0,0.015485894338048995,0.0019912029254017106,5,36.19498303026168,1,0
210,1564,0.14405427964630121,1.0,0.015485894338048995,0.0019912029254017106,5,36.89861516245672,1,0
211,1569,0.1524839391625383,1.0,0.015485894338048995,0.0019912029254017106,5,37.74549226629522,1,0
212,1574,0.16039570074051016,1.0,0.015485894338048995,0.0019912029254017106,5,40.87088166946735,1,0
213,1579,0.1666937865524631,1.0,0.015485894338048995,0.0019912029254017106,5,42.41866419580972,1,0
214,1584,0.16959382403732673,1.0,0.015485894338048995,0.0019912029254017106,5,43.60134910743382,1,0
215,1589,0.16898623918131925,1.0,0.015485894338048995,0.0019912029254017106,5,45.68096509006525,1,0
216,1594,0.16089603675098352,0.4,0.015485894338048995,0.0019912029254017106,5,47.70737264693791,1,0
217,1599,0.1646068016720613,1.0,0.015485894338048995,0.0019912029254017106,5,47.2042355259196,1,0
218,1604,0.16290505555093188,1.0,0.015485894338048995,0.0019912029254017106,5,48.96652106697348,1,0
219,1609,0.16338156191995948,1.0,0.015485894338048995,0.0019912029254017106,5,52.050033843058536,1,0
220,1614,0.16071099711747244,1.0,0.015485894338048995,0.0019912029254017106,5,50.21876896980779,1,0
221,1619,0.14970955422901128,1.0,0.015485894338048995,0.0019912029254017106,5,50.37756118538158,1,0
222,1624,0.14256346720525007,1.0,0.015485894338048995,0.0019912029254017106,5,50.86901894253232,1,0
223,1629,0.13931623367073687,1.0,0.015485894338048995,0.0019912029254017106,5,58.538868554978755,1,0
224,1634,0.13832727930953498,1.0,0.015485894338048995,0.0019912029254017106,5,59.27192829386255,1,0
225,1639,0.1361909238077952,1.0,0.015485894338048995,0.0019912029254017106,5,58.85956399892855,1,0
226,1644,0.13013358386310303,1.0,0.015485894338048995,0.0019912029254017106,5,56.322954994680735,1,0
227,1649,0.12295612230104962,1.0,0.015485894338048995,0.0019912029254017106,5,57.23886683955551,1,0
228,1654,0.11999100860561902,1.0,0.015485894338048995,0.0019912029254017106,5,60.34347969775728,1,0
229,1659,0.11986801321978016,1.0,0.015485894338048995,0.0019912029254017106,5,58.77813673898472,1,0
230,1664,0.11726806064204824,1.0,0.015485894338048995,0.0019912029254017106,5,59.72355348709044,1,0
231,1669,0.1155830854786919,1.0,0.015485894338048995,0.0019912029254017106,5,59.68597790425166,1,0
232,1674,0.11185060426650523,1.0,0.015485894338048995,0.0019912029254017106,5,59.31428318619859,1,0
233,1679,0.11330296707568858,1.0,0.015485894338048995,0.0019912029254017106,5,58.24742479915847,1,0
234,1684,0.11280802428781961,1.0,0.015485894338048995,0.0019912029254017106,5,59.39428726207107,1,0
235,1689,0.10892145913989508,1.0,0.015485894338048995,0.0019912029254017106,5,59.7223841414419,1,0
236,1694,0.10368048230513949,1.0,0.015485894338048995,0.0019912029254017106,5,59.28015479713594,1,0
237,1699,0.10471979007943087,1.0,0.015485894338048995,0.0019912029254017106,5,61.05574778071559,1,0
238,1704,0.10241696951520679,1.0,0.015485894338048995,0.0019912029254017106,5,59.637660895365066,1,0
239,1709,0.09998170014980881,1.0,0.015485894338048995,0.0019912029254017106,5,62.211693207660396,1,0
240,1714,0.09997511213822874,1.0,0.015485894338048995,0.0019912029254017106,5,62.25714551872037,1,0
241,1719,0.10620266069782053,1.0,0.015485894338048995,0.0019912029254017106,5,63.532315298028394,1,0
242,1724,0.10687910870513702,1.0,0.015485894338048995,0.0019912029254017106,5,63.576693328926595,1,0
243,1729,0.10681441890150671,1.0,0.015485894338048995,0.0019912029254017106,5,63.902972119020625,1,0
244,1734,0.1073143139347515,1.0,0.015485894338048995,0.0019912029254017106,5,64.93307571295966,1,0
245,1739,0.10703039150264049,1.0,0.015485894338048995,0.0019912029254017106,5,65.8564848641457,1,0
246,1744,0.1080041114685301,1.0,0.015485894338048995,0.0019912029254017106,5,68.14599173623559,1,0
247,1749,0.1076234154523971,1.0,0.015485894338048995,0.0019912029254017106,5,66.51451999494986,1,0
248,1754,0.10629459227444997,1.0,0.015485894338048995,0.0019912029254017106,5,65.91895355399947,1,0
249,1759,0.10327032171059622,1.0,0.015485894338048995,0.0019912029254017106,5,66.16805296095905,1,0
250,1764,0.09979535352472871,1.0,0.015485894338048995,0.0019912029254017106,5,68.35947618661018,1,0
251,1769,0.10072543710792903,1.0,0.015485894338048995,0.0019912029254017106,5,69.39668830898633,1,0
252,1774,0.10903527381971052,1.0,0.015485894338048995,0.0019912029254017106,5,68.14182145486387,1,0
253,1779,0.12285265828744656,1.0,0.015485894338048995,0.0019912029254017106,5,71.67673499337238,1,0
254,1784,0.13847431165174273,1.0,0.015485894338048995,0.0019912029254017106,5,72.36011178342251,1,0
255,1789,0.1555303041314552,1.0,0.015485894338048995,0.0019912029254017106,5,70.81471880690904,1,0
256,1794,0.1637647778372471,1.0,0.015485894338048995,0.0019912029254017106,5,71.57246318574101,1,0
257,1799,0.16612981313623734,1.0,0.015485894338048995,0.0019912029254017106,5,83.31892256509782,1,0
258,1804,0.18091209503669767,1.0,0.015485894338048995,0.0019912029254017106,5,84.28096521716981,1,0
259,1809,0.19359914505172124,1.0,0.015485894338048995,0.0019912029254017106,5,84.43521495118286,1,0
260,1814,0.2069605978604135,1.0,0.015485894338048995,0.0019912029254017106,5,86.43598632809493,1,0
261,1819,0.21416804133374473,1.0,0.015485894338048995,0.0019912029254017106,5,89.63520512105892,1,0
262,1824,0.20416797443737447,1.0,0.015485894338048995,0.0019912029254017106,5,90.1344580286651,1,0
263,1829,0.19634403694834424,1.0,0.015485894338048995,0.0019912029254017106,5,89.60394104167129,1,0
264,1834,0.19850818638484977,1.0,0.015485894338048995,0.0019912029254017106,5,96.2338746471941,1,0
265,1838,0.20231435292103034,1.0,0.015485894338048995,0.0019912029254017106,4,96.90173401306551,1,0
266,1842,0.2083105701407003,1.0,0.015485894338048995,0.0019912029254017106,4,95.95881587548504,1,0
267,1846,0.2169237334601015,1.0,0.015485894338048995,0.0019912029254017106,4,93.86559369629398,1,0
268,1850,0.22934380336330554,1.0,0.015485894338048995,0.0019912029254017106,4,85.31035047944553,1,0
269,1854,0.23653344725476882,1.0,0.015485894338048995,0.0019912029254017106,4,86.97474651028847,1,0
270,1858,0.24541136849273662,1.0,0.015485894338048995,0.0019912029254017106,4,90.7287307451212,1,0
271,1862,0.2487270560707427,1.0,0.015485894338048995,0.0019912029254017106,4,90.34216057227628,1,0
272,1866,0.2427845871977819,1.0,0.015485894338048995,0.0019912029254017106,4,89.40115398271224,1,0
273,1870,0.2360026485447746,1.0,0.015485894338048995,0.0019912029254017106,4,93.86066861869038,1,0
274,1874,0.23023890756170481,1.0,0.015485894338048995,0.0019912029254017106,4,93.34721817148863,1,0
275,1878,0.2207495822922487,1.0,0.015485894338048995,0.0019912029254017106,4,105.41144303853108,1,0
276,1882,0.2194403206533811,1.0,0.015485894338048995,0.0019912029254017106,4,100.22455486352752,1,0
277,1886,0.2264598042279634,1.0,0.015485894338048995,0.0019912029254017106,4,97.2559519227428,1,0
278,1890,0.23256866505082435,1.0,0.015485894338048995,0.0019912029254017106,4,100.45461981572822,1,0
279,1894,0.23856177224570396,0.25,0.015485894338048995,0.0019912029254017106,4,99.46890708023443,1,0
280,1898,0.2537145542796761,1.0,0.015485894338048995,0.0019912029254017106,4,99.5216674734858,1,0
281,1902,0.26745591877513875,1.0,0.015485894338048995,0.0019912029254017106,4,96.81205245885731,1,0
282,1906,0.27001346240008495,1.0,0.015485894338048995,0.0019912029254017106,4,94.24721783070873,1,0
283,1910,0.27410146347683534,1.0,0.015485894338048995,0.0019912029254017106,4,94.16432394765656,1,0
284,1914,0.2779028358528469,1.0,0.015485894338048995,0.0019912029254017106,4,94.55878490376321,1,0
285,1918,0.2832476070645196,1.0,0.015485894338048995,0.0019912029254017106,4,91.60383659866913,1,0
286,1922,0.27867777616593375,1.0,0.015485894338048995,0.0019912029254017106,4,88.82387244873424,1,0
287,1926,0.27956305986392416,1.0,0.015485894338048995,0.0019912029254017106,4,88.3908517764181,1,0
288,1930,0.27070762041671026,1.0,0.015485894338048995,0.0019912029254017106,4,88.04574292418447,1,0
289,1934,0.2660456251079477,1.0,0.015485894338048995,0.0019912029254017106,4,87.9564411164145,1,0
290,1938,0.25251702677800286,1.0,0.015485894338048995,0.0019912029254017106,4,86.94671948654154,1,0
291,1942,0.24225961348896793,1.0,0.015485894338048995,0.0019912029254017106,4,86.21075856201308,1,0
292,1946,0.24008874235772534,1.0,0.015485894338048995,0.0019912029254017106,4,101.52427678456162,1,0
293,1950,0.2384223822544286,1.0,0.015485894338048995,0.0019912029254017106,4,95.75736475560846,1,0
294,1954,0.2407176198999256,1.0,0.015485894338048995,0.0019912029254017106,4,103.94354333023736,1,0
295,1958,0.24624191862263797,1.0,0.015485894338048995,0.0019912029254017106,4,107.32540329216816,1,0
296,1962,0.24974333742402657,1.0,0.015485894338048995,0.0019912029254017106,4,107.98339868224599,1,0
297,1966,0.24944069997720789,1.0,0.015485894338048995,0.0019912029254017106,4,105.17830931101727,1,0
298,1970,0.24197706974075778,1.0,0.015485894338048995,0.0019912029254017106,4,107.10279388812256,1,0
299,1974,0.23747579212477246,1.0,0.015485894338048995,0.0019912029254017106,4,107.24817484066482,1,0
300,1978,0.24638897308754898,1.0,0.015485894338048995,0.0019912029254017106,4,101.54582103704567,1,0
301,1982,0.24711317204767744,1.0,0.015485894338048995,0.0019912029254017106,4,103.41603126126589,1,0
302,1986,0.2452167691953283,1.0,0.015485894338048995,0.0019912029254017106,4,102.59744424428123,1,0
303,1990,0.2399166932667201,1.0,0.015485894338048995,0.0019912029254017106,4,99.96522510287907,1,0
304,1994,0.23692916705438624,1.0,0.015485894338048995,0.0019912029254017106,4,101.82049017830063,1,0
305,1998,0.2324435164571583,1.0,0.015485894338048995,0.0019912029254017106,4,105.34449968089866,1,0
306,2002,0.22598219321498075,1.0,0.015485894338048995,0.0019912029254017106,4,109.1568122211918,1,0
0,10,1.8146592284808645,0.6,0.015283824524751714,0.02015428276120837,10,1.1804157113272757,2,0
1,20,1.6435788773853384,1.0,0.015283824524751714,0.02015428276120837,10,1.242527600507024,2,0
2,30,1.519698410770412,1.0,0.015283824524751714,0.02015428276120837,10,1.3112099445198973,2,0
3,40,1.3919473473718322,1.0,0.015283824524751714,0.02015428276120837,10,1.3519931240874694,2,0
4,50,1.3401745454538676,1.0,0.015283824524751714,0.02015428276120837,10,1.365273709245889,2,0
5,60,1.2939320114108508,1.0,0.015283824524751714,0.02015428276120837,10,1.3970991109728965,2,0
6,70,1.376074159128025,1.0,0.015283824524751714,0.02015428276120837,10,1.4079707467752107,2,0
7,80,1.5072036187719826,1.0,0.015283824524751714,0.02015428276120837,10,1.4439259836249003,2,0
8,90,1.7017876091429849,1.0,0.015283824524751714,0.02015428276120837,10,1.514967129863315,2,0
9,100,1.7255921537241903,1.0,0.015283824524751714,0.02015428276120837,10,1.5255872951154736,2,0
10,110,1.7978350520520514,1.0,0.015283824524751714,0.02015428276120837,10,1.4925156108372486,2,0
11,120,1.6952787527176305,1.0,0.015283824524751714,0.02015428276120837,10,1.5432482205403264,2,0
12,130,1.5442273827464967,1.0,0.015283824524751714,0.02015428276120837,10,1.5789827610455716,2,0
13,140,1.4217198359151924,1.0,0.015283824524751714,0.02015428276120837,10,1.5869481767748042,2,0
14,150,1.364655098488669,1.0,0.015283824524751714,0.02015428276120837,10,1.6023145498557896,2,0
15,160,1.3152552789995755,1.0,0.015283824524751714,0.02015428276120837,10,1.6024340460692348,2,0
16,170,1.2792037338163436,1.0,0.015283824524751714,0.02015428276120837,10,1.622659203955191,2,0
17,180,1.2236048103145325,1.0,0.015283824524751714,0.02015428276120837,10,1.6789422900471223,2,0
18,190,1.1426623773653697,1.0,0.015283824524751714,0.02015428276120837,10,1.867105053083053,2,0
19,200,1.0584025494156584,1.0,0.015283824524751714,0.02015428276120837,10,1.9061394352240522,2,0
20,210,1.014661877055707,1.0,0.015283824524751714,0.02015428276120837,10,1.9416189465615648,2,0
21,220,0.9934718051061989,1.0,0.015283824524751714,0.02015428276120837,10,1.9650792986238035,2,0
22,230,1.0936476853024784,1.0,0.015283824524751714,0.02015428276120837,10,2.0502542449762005,2,0
23,240,1.1519128278439128,1.0,0.015283824524751714,0.02015428276120837,10,2.0773400317648725,2,0
24,250,1.2047917050448993,1.0,0.015283824524751714,0.02015428276120837,10,2.0959878718931555,2,0
25,260,1.2357032814763256,1.0,0.015283824524751714,0.02015428276120837,10,2.108608256016317,2,0
26,269,1.295941307845582,1.0,0.015350351177806146,0.0134347415789843,9,2.2477657529439967,2,0
27,278,1.305463284672955,1.0,0.015350351177806146,0.0134347415789843,9,2.224715451869812,2,0
28,287,1.4047932364037488,1.0,0.015350351177806146,0.0134347415789843,9,2.1653497537216664,2,0
29,296,1.4794497079333537,1.0,0.015350351177806146,0.0134347415789843,9,2.1320920882921666,2,0
30,305,1.501308632646295,1.0,0.015350351177806146,0.0134347415789843,9,2.1570443271566937,2,0
31,314,1.4600253482193482,1.0,0.015350351177806146,0.0134347415789843,9,2.2258339703381367,2,0
32,323,1.4633400128857088,1.0,0.015350351177806146,0.0134347415789843,9,2.160895426224531,2,0
33,332,1.449614491074269,1.0,0.015350351177806146,0.0134347415789843,9,2.13351956506291,2,0
34,341,1.4051707450752162,1.0,0.015350351177806146,0.0134347415789843,9,2.1690946570989755,2,0
35,350,1.2720110290850815,1.0,0.015350351177806146,0.0134347415789843,9,2.2509113866184425,2,0
36,359,1.162764106736863,1.0,0.015350351177806146,0.0134347415789843,9,2.2451056857945777,2,0
37,368,1.1117119616224032,1.0,0.015350351177806146,0.0134347415789843,9,2.2928249889842998,2,0
38,377,1.0437272731100433,1.0,0.015350351177806146,0.0134347415789843,9,2.335972207140113,2,0
39,386,1.0213785081338087,1.0,0.015350351177806146,0.0134347415789843,9,2.4635757942634693,2,0
40,395,1.044213072907366,1.0,0.015350351177806146,0.0134347415789843,9,2.5291422512809136,2,0
41,404,1.0552536063784448,1.0,0.015350351177806146,0.0134347415789843,9,2.5159581948193748,2,0
42,413,1.0092799274549178,1.0,0.015350351177806146,0.0134347415789843,9,2.5271303859769367,2,0
43,422,0.9232804038435202,1.0,0.015350351177806146,0.0134347415789843,9,2.582963476920684,2,0
44,431,0.9427253709689865,1.0,0.015350351177806146,0.0134347415789843,9,2.6481897110511574,2,0
45,440,0.9160962580869985,1.0,0.015350351177806146,0.0134347415789843,9,2.6175670725430225,2,0
46,449,0.8915629074157281,1.0,0.015350351177806146,0.0134347415789843,9,2.6412553457678434,2,0
47,458,0.8428784487007032,1.0,0.015350351177806146,0.0134347415789843,9,2.695942885770656,2,0
48,467,0.8296915308905803,1.0,0.015350351177806146,0.0134347415789843,9,2.6907064952969035,2,0
49,476,0.8014448229862787,1.0,0.015350351177806146,0.0134347415789843,9,2.850807001197784,2,0
50,485,0.7667615396421817,1.0,0.015350351177806146,0.0134347415789843,9,2.874094772195268,2,0
51,494,0.7866587116295188,1.0,0.015350351177806146,0.0134347415789843,9,2.850156111414911,2,0
52,503,0.7484979495972165,1.0,0.015350351177806146,0.0134347415789843,9,2.8612729922091176,2,0
53,512,0.7250575266205693,1.0,0.015350351177806146,0.0134347415789843,9,2.7669919476513845,2,0
54,521,0.6938794713950732,1.0,0.015350351177806146,0.0134347415789843,9,2.798032154154481,2,0
55,530,0.7047160828836458,1.0,0.015350351177806146,0.0134347415789843,9,2.9367576314817927,2,0
56,539,0.720509843984885,1.0,0.015350351177806146,0.0134347415789843,9,2.9046931782928396,2,0
57,548,0.7644146649322301,1.0,0.015350351177806146,0.0134347415789843,9,2.8616053610276224,2,0
58,557,0.8104555888653913,1.0,0.015350351177806146,0.0134347415789843,9,3.0637700959978122,2,0
59,566,0.8490676129192802,1.0,0.015350351177806146,0.0134347415789843,9,3.029326244475125,2,0
60,575,0.8747666782865431,1.0,0.015350351177806146,0.0134347415789843,9,3.0230930946949393,2,0
61,584,0.9122250861151707,1.0,0.015350351177806146,0.0134347415789843,9,3.124091641920041,2,0
62,593,0.8763530432991089,1.0,0.015350351177806146,0.0134347415789843,9,3.1416240983797747,2,0
63,602,0.8686162586790551,1.0,0.015350351177806146,0.0134347415789843,9,3.1945292524903417,2,0
64,611,0.9455092879606554,1.0,0.015350351177806146,0.0134347415789843,9,3.1017044133110874,2,0
65,620,0.9865262356605012,1.0,0.015350351177806146,0.0134347415789843,9,3.1549559627421577,2,0
66,629,1.0876434586233343,1.0,0.015350351177806146,0.0134347415789843,9,3.303456588759118,2,0
67,638,1.1407670407535373,1.0,0.015350351177806146,0.0134347415789843,9,3.4729398411176726,2,0
68,647,1.212339458798226,1.0,0.015350351177806146,0.0134347415789843,9,3.4618022836514624,2,0
69,656,1.1852539514110074,1.0,0.015350351177806146,0.0134347415789843,9,3.369588516165609,2,0
70,665,1.1555272280791125,1.0,0.015350351177806146,0.0134347415789843,9,3.400676196260686,2,0
71,674,1.1323255957419867,1.0,0.015350351177806146,0.0134347415789843,9,3.4973878449829368,2,0
72,683,1.067134342373289,1.0,0.015350351177806146,0.0134347415789843,9,3.702486778435609,2,0
73,692,1.0233680898506208,1.0,0.015350351177806146,0.0134347415789843,9,3.699765487559309,2,0
74,701,0.9837406343543722,1.0,0.015350351177806146,0.0134347415789843,9,3.8694388456979043,2,0
75,710,0.962169093836231,1.0,0.015350351177806146,0.0134347415789843,9,3.8353885517323936,2,0
76,719,0.9885137618708406,1.0,0.015350351177806146,0.0134347415789843,9,3.8072810864612006,2,0
77,728,1.0381851023760305,1.0,0.015350351177806146,0.0134347415789843,9,4.039645075068304,2,0
78,737,1.1046830458555532,1.0,0.015350351177806146,0.0134347415789843,9,4.054192189999779,2,0
79,746,1.1747801562473918,1.0,0.015350351177806146,0.0134347415789843,9,3.912003170269516,2,0
80,755,1.1834112875700598,1.0,0.015350351177806146,0.0134347415789843,9,3.9566007538943313,2,0
81,763,1.1262125054414724,1.0,0.015350351177806146,0.0134347415789843,8,4.119412270891019,2,0
82,771,1.1168505718686366,1.0,0.015350351177806146,0.0134347415789843,8,4.143375722611363,2,0
83,779,1.0778834577873464,1.0,0.015350351177806146,0.0134347415789843,8,4.196879601949032,2,0
84,787,0.9959559098394912,1.0,0.015350351177806146,0.0134347415789843,8,4.464795061750517,2,0
85,795,0.9613279227013051,1.0,0.015350351177806146,0.0134347415789843,8,4.344032688560811,2,0
86,803,0.939816492235186,1.0,0.015350351177806146,0.0134347415789843,8,4.248241089909016,2,0
87,811,0.9316641978682798,1.0,0.015350351177806146,0.0134347415789843,8,4.3140616001660925,2,0
88,819,0.9870299551917778,1.0,0.015350351177806146,0.0134347415789843,8,4.491976585747154,2,0
89,827,1.0027789682623605,1.0,0.015350351177806146,0.0134347415789843,8,4.699985392931411,2,0
90,835,1.0048763657112576,1.0,0.015350351177806146,0.0134347415789843,8,4.7084268942493255,2,0
91,843,1.0718323749620058,1.0,0.015350351177806146,0.0134347415789843,8,4.854901110561813,2,0
92,851,1.1843181730453136,1.0,0.015350351177806146,0.0134347415789843,8,5.226494654451981,2,0
93,859,1.2677661652455252,1.0,0.015350351177806146,0.0134347415789843,8,5.024030218007109,2,0
94,867,1.26552317424226,1.0,0.015350351177806146,0.0134347415789843,8,5.1128422711420605,2,0
95,875,1.246055590105793,1.0,0.015350351177806146,0.0134347415789843,8,5.115124856161688,2,0
96,883,1.2108405193698515,1.0,0.015350351177806146,0.0134347415789843,8,5.308090863140613,2,0
97,891,1.1770343185494205,1.0,0.015350351177806146,0.0134347415789843,8,5.423787291983156,2,0
98,899,1.2083816687182674,1.0,0.015350351177806146,0.0134347415789843,8,5.2843186557542845,2,0
99,907,1.1666386695747446,1.0,0.015350351177806146,0.0134347415789843,8,5.287295752626892,2,0
100,915,1.119686484764128,1.0,0.015350351177806146,0.0134347415789843,8,5.27559353640766,2,0
101,923,1.0198075789517633,0.625,0.015350351177806146,0.0134347415789843,8,5.434129363851326,2,0
102,931,0.9402191606842635,1.0,0.015350351177806146,0.0134347415789843,8,5.569618802146383,2,0
103,939,0.9000274705959325,1.0,0.015350351177806146,0.0134347415789843,8,5.888937480264077,2,0
104,947,0.9129241222350628,1.0,0.015350351177806146,0.0134347415789843,8,6.096074488940795,2,0
105,955,0.8467355798166543,1.0,0.015350351177806146,0.0134347415789843,8,6.601180938530148,2,0
106,963,0.7717608043866838,0.375,0.015350351177806146,0.0134347415789843,8,7.2083726988351255,2,0
107,971,0.7317908147680582,1.0,0.015350351177806146,0.0134347415789843,8,7.349763535641454,2,0
108,979,0.7169380348052207,1.0,0.015350351177806146,0.0134347415789843,8,7.332734054932384,2,0
109,987,0.6994740753067488,1.0,0.015350351177806146,0.0134347415789843,8,7.282968336652797,2,0
110,995,0.7199146098027258,1.0,0.015350351177806146,0.0134347415789843,8,7.369484233081419,2,0
111,1003,0.7591104770597407,1.0,0.015350351177806146,0.0134347415789843,8,7.280748747846121,2,0
112,1011,0.7453862980255087,1.0,0.015350351177806146,0.0134347415789843,8,6.99002004896465,2,0
113,1019,0.7149451470202397,1.0,0.015350351177806146,0.0134347415789843,8,7.204786327168465,2,0
114,1027,0.695095286757014,1.0,0.015350351177806146,0.0134347415789843,8,7.16410655954694,2,0
115,1035,0.6880735898244087,1.0,0.015350351177806146,0.0134347415789843,8,7.140263206242798,2,0
116,1043,0.6926086472020027,1.0,0.015350351177806146,0.0134347415789843,8,7.094006799359783,2,0
117,1051,0.652594694890694,1.0,0.015350351177806146,0.0134347415789843,8,7.168145851800288,2,0
118,1059,0.6240203307767967,1.0,0.015350351177806146,0.0134347415789843,8,7.188117862245028,2,0
119,1067,0.6373352452967495,1.0,0.015350351177806146,0.0134347415789843,8,7.2677342435169106,2,0
120,1075,0.6448659505293131,1.0,0.015350351177806146,0.0134347415789843,8,7.363083169985987,2,0
121,1083,0.6453295836586981,1.0,0.015350351177806146,0.0134347415789843,8,7.414179774316123,2,0
122,1091,0.639452190428518,1.0,0.015350351177806146,0.0134347415789843,8,7.425251779160994,2,0
123,1099,0.6101024449905231,1.0,0.015350351177806146,0.0134347415789843,8,7.426393463531637,2,0
124,1107,0.5600990060999582,1.0,0.015350351177806146,0.0134347415789843,8,7.396729452341439,2,0
125,1115,0.5285717449039009,1.0,0.015350351177806146,0.0134347415789843,8,7.457482337623903,2,0
126,1123,0.568946028517557,1.0,0.015350351177806146,0.0134347415789843,8,7.856589955778972,2,0
127,1131,0.5527825901888243,1.0,0.015350351177806146,0.0134347415789843,8,7.8286014276586595,2,0
128,1139,0.5138811346410401,1.0,0.015350351177806146,0.0134347415789843,8,8.137692959806877,2,0
129,1147,0.49143491898467356,1.0,0.015350351177806146,0.0134347415789843,8,8.42175472399255,2,0
130,1155,0.4919566091665466,1.0,0.015350351177806146,0.0134347415789843,8,8.626560064469615,2,0
131,1163,0.49433751378010665,1.0,0.015350351177806146,0.0134347415789843,8,8.849764396530526,2,0
132,1171,0.4931888859818474,1.0,0.015350351177806146,0.0134347415789843,8,8.791482472252282,2,0
133,1179,0.46599097002173656,1.0,0.015350351177806146,0.0134347415789843,8,8.838392526262258,2,0
134,1187,0.4453613932534894,1.0,0.015350351177806146,0.0134347415789843,8,8.52924378741012,2,0
135,1195,0.43121792279226207,1.0,0.015350351177806146,0.0134347415789843,8,8.414270897290216,2,0
136,1203,0.4174542428945378,1.0,0.015350351177806146,0.0134347415789843,8,8.549396162671872,2,0
137,1211,0.4065641586923173,1.0,0.015350351177806146,0.0134347415789843,8,8.358080727474995,2,0
138,1219,0.37987945960843106,1.0,0.015350351177806146,0.0134347415789843,8,8.074413718923335,2,0
139,1227,0.35723380459306897,1.0,0.015350351177806146,0.0134347415789843,8,7.97451414880329,2,0
140,1235,0.32647789455455517,1.0,0.015350351177806146,0.0134347415789843,8,7.4857684157493996,2,0
141,1243,0.28900894822273854,1.0,0.015350351177806146,0.0134347415789843,8,7.669655374320259,2,0
142,1251,0.2723960593578007,1.0,0.015350351177806146,0.0134347415789843,8,7.813627958818549,2,0
143,1258,0.26764367245744136,1.0,0.01541798803902277,0.007143250586288005,7,8.108857137515965,2,0
144,1265,0.2652744126680752,1.0,0.01541798803902277,0.007143250586288005,7,8.35652129887529,2,0
145,1272,0.2686599717982698,1.0,0.01541798803902277,0.007143250586288005,7,8.665416756230366,2,0
146,1279,0.2798574550740243,1.0,0.01541798803902277,0.007143250586288005,7,8.494883901647528,2,0
147,1286,0.28576646844322456,1.0,0.01541798803902277,0.007143250586288005,7,9.132963280431827,2,0
148,1293,0.2970814121034505,1.0,0.01541798803902277,0.007143250586288005,7,9.611334700367035,2,0
149,1300,0.28418104317474585,1.0,0.01541798803902277,0.007143250586288005,7,9.64967093540785,2,0
150,1307,0.288549770262497,1.0,0.01541798803902277,0.007143250586288005,7,9.44188378857968,2,0
151,1314,0.3141228577505189,1.0,0.01541798803902277,0.007143250586288005,7,9.922019819085289,2,0
152,1321,0.32404571303431834,1.0,0.01541798803902277,0.007143250586288005,7,10.130351581961019,2,0
153,1328,0.3323913388158912,0.8571428571428571,0.01541798803902277,0.007143250586288005,7,10.224201180577529,2,0
154,1335,0.35050385761680036,1.0,0.01541798803902277,0.007143250586288005,7,10.443152121205946,2,0
155,1342,0.3791469301136017,1.0,0.01541798803902277,0.007143250586288005,7,10.347607836136447,2,0
156,1349,0.4021935338345123,1.0,0.01541798803902277,0.007143250586288005,7,10.534486563345682,2,0
157,1356,0.4230164351517686,1.0,0.01541798803902277,0.007143250586288005,7,9.929299937410962,2,0
158,1363,0.4509475513629032,1.0,0.01541798803902277,0.007143250586288005,7,9.805327069193233,2,0
159,1370,0.44971963851632213,1.0,0.01541798803902277,0.007143250586288005,7,10.147971920663737,2,0
160,1377,0.45391592595818203,1.0,0.01541798803902277,0.007143250586288005,7,10.217736918393081,2,0
161,1384,0.449852475018466,1.0,0.01541798803902277,0.007143250586288005,7,10.234731340030395,2,0
162,1391,0.46941299682433696,1.0,0.01541798803902277,0.007143250586288005,7,10.505662348858431,2,0
163,1398,0.4803433450304469,1.0,0.01541798803902277,0.007143250586288005,7,10.328302929698348,2,0
164,1405,0.48832015710726706,1.0,0.01541798803902277,0.007143250586288005,7,10.556194488510954,2,0
165,1412,0.4843402137694389,1.0,0.01541798803902277,0.007143250586288005,7,10.912271235242304,2,0
166,1419,0.4510201675113743,1.0,0.01541798803902277,0.007143250586288005,7,11.493641484329912,2,0
167,1426,0.4239342281917773,1.0,0.01541798803902277,0.007143250586288005,7,11.901489464589371,2,0
168,1433,0.39537809347263336,1.0,0.01541798803902277,0.007143250586288005,7,11.936988419878434,2,0
169,1440,0.3637528905728928,0.5714285714285714,0.01541798803902277,0.007143250586288005,7,11.678259220835036,2,0
170,1447,0.35362954379236,1.0,0.01541798803902277,0.007143250586288005,7,11.634954193146925,2,0
171,1454,0.34885727552492496,1.0,0.01541798803902277,0.007143250586288005,7,11.77609704849136,2,0
172,1461,0.35268448095589083,1.0,0.01541798803902277,0.007143250586288005,7,11.600584444550258,2,0
173,1468,0.34920033253141236,1.0,0.01541798803902277,0.007143250586288005,7,12.55200666355905,2,0
174,1475,0.36423465913331216,1.0,0.01541798803902277,0.007143250586288005,7,13.134557046800964,2,0
175,1482,0.3759158335894225,1.0,0.01541798803902277,0.007143250586288005,7,12.837704678922167,2,0
176,1489,0.3940231924721602,1.0,0.01541798803902277,0.007143250586288005,7,13.366195364412862,2,0
177,1496,0.4139909891157118,1.0,0.01541798803902277,0.007143250586288005,7,13.116111360776554,2,0
178,1503,0.46212310876366,1.0,0.01541798803902277,0.007143250586288005,7,12.929324169702275,2,0
179,1510,0.477807576700657,1.0,0.01541798803902277,0.007143250586288005,7,13.306061575199685,2,0
180,1517,0.48392581244511296,1.0,0.01541798803902277,0.007143250586288005,7,13.371597423410195,2,0
181,1524,0.512243511514021,1.0,0.01541798803902277,0.007143250586288005,7,12.543461755603383,2,0
182,1531,0.5194459231377491,1.0,0.01541798803902277,0.007143250586288005,7,12.520319108355059,2,0
183,1538,0.5516659782528289,1.0,0.01541798803902277,0.007143250586288005,7,12.551297380572214,2,0
184,1545,0.570932734093993,1.0,0.01541798803902277,0.007143250586288005,7,13.132003724517737,2,0
185,1552,0.5600566362612569,1.0,0.01541798803902277,0.007143250586288005,7,12.904114265983427,2,0
186,1559,0.5816085294594796,1.0,0.01541798803902277,0.007143250586288005,7,12.590577406644858,2,0
187,1566,0.603816821630563,1.0,0.01541798803902277,0.007143250586288005,7,12.549446079380703,2,0
188,1573,0.6058697190610736,1.0,0.01541798803902277,0.007143250586288005,7,12.890911763343345,2,0
189,1580,0.5907972439175615,1.0,0.01541798803902277,0.007143250586288005,7,12.608215284709688,2,0
190,1587,0.5973430901437438,1.0,0.01541798803902277,0.007143250586288005,7,13.179879753099481,2,0
191,1594,0.5992350569024585,1.0,0.01541798803902277,0.007143250586288005,7,13.085440478814814,2,0
192,1601,0.6049123042555504,1.0,0.01541798803902277,0.007143250586288005,7,13.00712156138164,2,0
193,1608,0.6205856062469228,1.0,0.01541798803902277,0.007143250586288005,7,12.554439310849492,2,0
194,1615,0.5973252733236065,1.0,0.01541798803902277,0.007143250586288005,7,12.6763337507361,2,0
195,1622,0.5597611746920557,1.0,0.01541798803902277,0.007143250586288005,7,12.55612378132798,2,0
196,1629,0.5301134361188119,1.0,0.01541798803902277,0.007143250586288005,7,13.087443045531073,2,0
197,1636,0.5134256550197985,1.0,0.01541798803902277,0.007143250586288005,7,13.596794307894386,2,0
198,1643,0.4733518409919735,1.0,0.01541798803902277,0.007143250586288005,7,12.630504843838336,2,0
199,1650,0.42408805789693366,1.0,0.01541798803902277,0.007143250586288005,7,12.923497024218458,2,0
200,1657,0.41846924229255006,0.14285714285714285,0.01541798803902277,0.007143250586288005,7,12.928961803700803,2,0
201,1664,0.41314752030098983,1.0,0.01541798803902277,0.007143250586288005,7,14.003184328490528,2,0
202,1671,0.4184526376316082,1.0,0.01541798803902277,0.007143250586288005,7,14.178944711703767,2,0
203,1678,0.42934121257945496,1.0,0.01541798803902277,0.007143250586288005,7,14.36116552153935,2,0
204,1685,0.43731505441851853,1.0,0.01541798803902277,0.007143250586288005,7,14.909538250435903,2,0
205,1692,0.46081686154146956,1.0,0.01541798803902277,0.007143250586288005,7,15.828231443946551,2,0
206,1699,0.45017198255721974,1.0,0.01541798803902277,0.007143250586288005,7,15.822150905972753,2,0
207,1706,0.4359577220323746,1.0,0.01541798803902277,0.007143250586288005,7,16.15789967170043,2,0
208,1713,0.42867854019481655,1.0,0.01541798803902277,0.007143250586288005,7,16.395748277604696,2,0
209,1720,0.4275663942381906,1.0,0.01541798803902277,0.007143250586288005,7,16.290080001903636,2,0
210,1727,0.42256151041351075,1.0,0.01541798803902277,0.007143250586288005,7,16.247383185845425,2,0
211,1734,0.419194602908062,1.0,0.01541798803902277,0.007143250586288005,7,17.30848487910546,2,0
212,1741,0.4121849368279175,1.0,0.01541798803902277,0.007143250586288005,7,17.935262318658186,2,0
213,1748,0.4070047966833911,1.0,0.01541798803902277,0.007143250586288005,7,17.846312529031813,2,0
214,1755,0.389445120270457,1.0,0.01541798803902277,0.007143250586288005,7,17.391347209502765,2,0
215,1761,0.39162318080320174,1.0,0.01541798803902277,0.007143250586288005,6,18.534558936251926,2,0
216,1767,0.37428755451942425,1.0,0.01541798803902277,0.007143250586288005,6,18.263474600176753,2,0
217,1773,0.3689309133912778,1.0,0.01541798803902277,0.007143250586288005,6,18.780974828580554,2,0
218,1779,0.3544002982636269,1.0,0.01541798803902277,0.007143250586288005,6,19.61198972137802,2,0
219,1785,0.36359936863399056,1.0,0.01541798803902277,0.007143250586288005,6,19.405379076011,2,0
220,1791,0.3575852172734861,1.0,0.01541798803902277,0.007143250586288005,6,20.279098227875803,2,0
221,1797,0.36391766813689214,0.0,0.01541798803902277,0.007143250586288005,6,20.26844328881871,2,0
222,1803,0.35784873733237854,1.0,0.01541798803902277,0.007143250586288005,6,20.367100845188475,2,0
223,1809,0.350924891230194,1.0,0.01541798803902277,0.007143250586288005,6,20.677662737853566,2,0
224,1815,0.3272041627710089,1.0,0.01541798803902277,0.007143250586288005,6,21.11607388463387,2,0
225,1821,0.31251121275686755,1.0,0.01541798803902277,0.007143250586288005,6,21.12110608135679,2,0
226,1827,0.3215136885497571,1.0,0.01541798803902277,0.007143250586288005,6,22.157509793628122,2,0
227,1833,0.3117946898073271,1.0,0.01541798803902277,0.007143250586288005,6,24.024111447489695,2,0
228,1839,0.2969133755435194,1.0,0.01541798803902277,0.007143250586288005,6,24.50346600550338,2,0
229,1845,0.2967501097931089,1.0,0.01541798803902277,0.007143250586288005,6,25.310170914569607,2,0
230,1851,0.3082347857384824,1.0,0.01541798803902277,0.007143250586288005,6,24.36801543522304,2,0
231,1857,0.31315686633442485,1.0,0.01541798803902277,0.007143250586288005,6,24.29231810124999,2,0
232,1863,0.33297223680265353,1.0,0.01541798803902277,0.007143250586288005,6,23.583074143059818,2,0
233,1869,0.35231770375865457,1.0,0.01541798803902277,0.007143250586288005,6,24.07358052509166,2,0
234,1875,0.37520266869662794,1.0,0.01541798803902277,0.007143250586288005,6,24.427114309260027,2,0
235,1881,0.3950449727883205,1.0,0.01541798803902277,0.007143250586288005,6,25.11749708197738,2,0
236,1887,0.39598996364977995,1.0,0.01541798803902277,0.007143250586288005,6,25.492847236429075,2,0
237,1893,0.4317198400838437,1.0,0.01541798803902277,0.007143250586288005,6,26.31796783356789,2,0
238,1899,0.468338335363982,1.0,0.01541798803902277,0.007143250586288005,6,26.52191731764597,2,0
239,1905,0.4641078425103778,1.0,0.01541798803902277,0.007143250586288005,6,26.116102220240965,2,0
240,1911,0.44471416890773763,1.0,0.01541798803902277,0.007143250586288005,6,25.38797692593227,2,0
241,1917,0.4294061730638735,1.0,0.01541798803902277,0.007143250586288005,6,25.898817576468264,2,0
242,1923,0.3958744621505435,1.0,0.01541798803902277,0.007143250586288005,6,25.26261748053076,2,0
243,1929,0.37501134596411184,1.0,0.01541798803902277,0.007143250586288005,6,25.801536079137556,2,0
244,1935,0.34927252904616285,0.8333333333333334,0.01541798803902277,0.007143250586288005,6,26.281379516029993,2,0
245,1941,0.3383954813946926,1.0,0.01541798803902277,0.007143250586288005,6,26.65527631094501,2,0
246,1947,0.3376650865528447,1.0,0.01541798803902277,0.007143250586288005,6,27.702266656081147,2,0
247,1953,0.3305878980402856,1.0,0.01541798803902277,0.007143250586288005,6,27.453188663025244,2,0
248,1959,0.33678434483908004,1.0,0.01541798803902277,0.007143250586288005,6,27.6023933443721,2,0
249,1965,0.33457119835071863,1.0,0.01541798803902277,0.007143250586288005,6,27.453088173550395,2,0
250,1971,0.33281816424783817,1.0,0.01541798803902277,0.007143250586288005,6,27.091093449172952,2,0
251,1977,0.31563923188407916,1.0,0.01541798803902277,0.007143250586288005,6,27.14542951576777,2,0
252,1983,0.2976983927068821,1.0,0.01541798803902277,0.007143250586288005,6,28.17686202268796,2,0
253,1989,0.29603784058487326,1.0,0.01541798803902277,0.007143250586288005,6,28.598554741829208,2,0
254,1995,0.29203434232659314,1.0,0.01541798803902277,0.007143250586288005,6,28.253181626089717,2,0
255,2001,0.28891881095458644,1.0,0.01541798803902277,0.007143250586288005,6,28.25734892519805,2,0
256,2007,0.2884473911703596,1.0,0.01541798803902277,0.007143250586288005,6,28.275862426026226,2,0
257,2013,0.2922624267711221,1.0,0.01541798803902277,0.007143250586288005,6,28.238125774744656,2,0
258,2019,0.30050344725388434,1.0,0.01541798803902277,0.007143250586288005,6,28.729228582124197,2,0
259,2025,0.31342686073860776,1.0,0.01541798803902277,0.007143250586288005,6,28.38797875980992,2,0
260,2031,0.3217904656842874,1.0,0.01541798803902277,0.007143250586288005,6,28.098554929693375,2,0
261,2037,0.3423325480721778,1.0,0.01541798803902277,0.007143250586288005,6,29.04054288386659,2,0
262,2043,0.3573760112047099,1.0,0.01541798803902277,0.007143250586288005,6,29.185874277501338,2,0
263,2049,0.39613706779052116,1.0,0.01541798803902277,0.007143250586288005,6,28.627657233642804,2,0
264,2055,0.43551989158454035,1.0,0.01541798803902277,0.007143250586288005,6,28.251875969535735,2,0
265,2061,0.46190731788681905,1.0,0.01541798803902277,0.007143250586288005,6,28.110870760025854,2,0
266,2067,0.4694162682378213,1.0,0.01541798803902277,0.007143250586288005,6,28.616118056405657,2,0
267,2073,0.4616668696730452,1.0,0.01541798803902277,0.007143250586288005,6,28.524717633213477,2,0
268,2079,0.46653944485419946,1.0,0.01541798803902277,0.007143250586288005,6,29.695822517286835,2,0
269,2085,0.4991296697718817,1.0,0.01541798803902277,0.007143250586288005,6,29.252932754702375,2,0
270,2091,0.5078976902179513,1.0,0.01541798803902277,0.007143250586288005,6,29.364058757007427,2,0
271,2097,0.5115835226087103,1.0,0.01541798803902277,0.007143250586288005,6,29.883624016810472,2,0
272,2103,0.5084695740499249,1.0,0.01541798803902277,0.007143250586288005,6,29.983882746220534,2,0
273,2109,0.47829054123019693,1.0,0.01541798803902277,0.007143250586288005,6,30.43258498417466,2,0
274,2115,0.45429537285560384,1.0,0.01541798803902277,0.007143250586288005,6,32.67849927715371,2,0
275,2121,0.4479625319415954,1.0,0.01541798803902277,0.007143250586288005,6,31.3382408229132,2,0
276,2127,0.44276837273193004,1.0,0.01541798803902277,0.007143250586288005,6,33.21270776038076,2,0
277,2133,0.44675624004168446,1.0,0.01541798803902277,0.007143250586288005,6,32.49176873631396,2,0
278,2139,0.46159205209772797,1.0,0.01541798803902277,0.007143250586288005,6,33.79619396971627,2,0
279,2145,0.46018496872981485,1.0,0.01541798803902277,0.007143250586288005,6,33.716672981493595,2,0
280,2151,0.4571238532773652,1.0,0.01541798803902277,0.007143250586288005,6,33.12931163097153,2,0
281,2157,0.47655873628866396,1.0,0.01541798803902277,0.007143250586288005,6,36.1606958867731,2,0
282,2163,0.48428975315737754,1.0,0.01541798803902277,0.007143250586288005,6,37.10890745229733,2,0
283,2169,0.4943435602241131,1.0,0.01541798803902277,0.007143250586288005,6,39.828038163920844,2,0
284,2175,0.49631315988782704,1.0,0.01541798803902277,0.007143250586288005,6,40.92396296944337,2,0
285,2181,0.4729548974025697,1.0,0.01541798803902277,0.007143250586288005,6,40.03645696557216,2,0
286,2187,0.43911442676431317,1.0,0.01541798803902277,0.007143250586288005,6,40.807573682575786,2,0
287,2193,0.41959565607758603,1.0,0.01541798803902277,0.007143250586288005,6,40.25970703661487,2,0
288,2199,0.4074773782598757,1.0,0.01541798803902277,0.007143250586288005,6,42.370457782188716,2,0
289,2205,0.4051234311808194,1.0,0.01541798803902277,0.007143250586288005,6,41.55580770252891,2,0
290,2211,0.3938831985802919,1.0,0.01541798803902277,0.007143250586288005,6,41.44241036247992,2,0
291,2217,0.3868597053111644,1.0,0.01541798803902277,0.007143250586288005,6,39.379381008905284,2,0
292,2223,0.3823841528538188,0.0,0.01541798803902277,0.007143250586288005,6,40.47770983880136,2,0
293,2229,0.37789183768671636,1.0,0.01541798803902277,0.007143250586288005,6,39.72894200606063,2,0
294,2235,0.34275964583560575,1.0,0.01541798803902277,0.007143250586288005,6,40.05866883848866,2,0
295,2241,0.3302266097076167,1.0,0.01541798803902277,0.007143250586288005,6,39.84122212695393,2,0
296,2247,0.3451269551691433,1.0,0.01541798803902277,0.007143250586288005,6,41.10553242648629,2,0
297,2253,0.34396605611788145,1.0,0.01541798803902277,0.007143250586288005,6,41.51352531057557,2,0
298,2258,0.3280502975782579,1.0,0.015485894338048995,0.0019912029254017106,5,40.05791737745043,2,0
299,2263,0.3132766930901574,1.0,0.015485894338048995,0.0019912029254017106,5,40.159663309401324,2,0
300,2268,0.29125485058105627,1.0,0.015485894338048995,0.0019912029254017106,5,41.38433041150214,2,0
301,2273,0.2890537299708079,1.0,0.015485894338048995,0.0019912029254017106,5,39.68718693917066,2,0
302,2278,0.2967335697005019,1.0,0.015485894338048995,0.0019912029254017106,5,42.11298688223401,2,0
303,2283,0.3078846790710498,1.0,0.015485894338048995,0.0019912029254017106,5,45.04573625844965,2,0
304,2288,0.3224849803012909,1.0,0.015485894338048995,0.0019912029254017106,5,44.908799451488726,2,0
305,2293,0.3301618437647608,1.0,0.015485894338048995,0.0019912029254017106,5,44.700659444609244,2,0
306,2298,0.3283855631783522,1.0,0.015485894338048995,0.0019912029254017106,5,47.54710108394022,2,0
307,2303,0.32176657420178967,1.0,0.015485894338048995,0.0019912029254017106,5,47.78912247142275,2,0
308,2308,0.3375804166721061,1.0,0.015485894338048995,0.0019912029254017106,5,48.997442405556754,2,0
309,2313,0.32759219292679487,1.0,0.015485894338048995,0.0019912029254017106,5,47.36356444537766,2,0
310,2318,0.3375233810430146,1.0,0.015485894338048995,0.0019912029254017106,5,47.91132601394824,2,0
311,2323,0.3363910857969879,1.0,0.015485894338048995,0.0019912029254017106,5,49.20179849268903,2,0
312,2328,0.3436843645037772,1.0,0.015485894338048995,0.0019912029254017106,5,53.14240694445151,2,0
313,2333,0.3348824206261257,1.0,0.015485894338048995,0.0019912029254017106,5,51.955607562645916,2,0
314,2338,0.34341385035595123,1.0,0.015485894338048995,0.0019912029254017106,5,51.87911563734495,2,0
315,2343,0.3559838754954861,1.0,0.015485894338048995,0.0019912029254017106,5,52.70346148351016,2,0
316,2348,0.3555943932904293,1.0,0.015485894338048995,0.0019912029254017106,5,55.62086181898592,2,0
317,2353,0.34781419887443915,1.0,0.015485894338048995,0.0019912029254017106,5,58.95069056215578,2,0
318,2358,0.34350676073743275,1.0,0.015485894338048995,0.0019912029254017106,5,62.3430437902627,2,0
319,2363,0.3257843447545947,1.0,0.015485894338048995,0.0019912029254017106,5,62.74963764747668,2,0
320,2368,0.3183113980151887,1.0,0.015485894338048995,0.0019912029254017106,5,62.47903768469708,2,0
321,2373,0.31301182182022047,1.0,0.015485894338048995,0.0019912029254017106,5,60.64300562747417,2,0
322,2378,0.32410986320677077,1.0,0.015485894338048995,0.0019912029254017106,5,60.685308344631046,2,0
323,2383,0.3305686011566148,1.0,0.015485894338048995,0.0019912029254017106,5,60.59060623032535,2,0
324,2388,0.3417096674556244,1.0,0.015485894338048995,0.0019912029254017106,5,62.106566999664956,2,0
325,2393,0.33484555684936174,1.0,0.015485894338048995,0.0019912029254017106,5,61.121362564969154,2,0
326,2398,0.338432875511155,1.0,0.015485894338048995,0.0019912029254017106,5,61.343952592005955,2,0
327,2403,0.3516759706815889,1.0,0.015485894338048995,0.0019912029254017106,5,62.2075804816507,2,0
328,2408,0.35330928605164014,1.0,0.015485894338048995,0.0019912029254017106,5,62.039575329888464,2,0
329,2413,0.37837616742526525,1.0,0.015485894338048995,0.0019912029254017106,5,62.8069711338216,2,0
330,2418,0.3982835526170042,1.0,0.015485894338048995,0.0019912029254017106,5,63.700275507231616,2,0
331,2423,0.4173879979056806,1.0,0.015485894338048995,0.0019912029254017106,5,62.84846161939639,2,0
332,2428,0.42771159049880525,1.0,0.015485894338048995,0.0019912029254017106,5,64.01382868772504,2,0
333,2433,0.44361783047933745,1.0,0.015485894338048995,0.0019912029254017106,5,64.10867668959547,2,0
334,2438,0.5005367258601916,1.0,0.015485894338048995,0.0019912029254017106,5,65.96458224618401,2,0
335,2443,0.5411870346342069,1.0,0.015485894338048995,0.0019912029254017106,5,65.34439272649878,2,0
336,2448,0.5708154848030794,1.0,0.015485894338048995,0.0019912029254017106,5,63.67807780319678,2,0
337,2453,0.6029220895254124,1.0,0.015485894338048995,0.0019912029254017106,5,62.20851828482585,2,0
338,2458,0.6229074968893308,1.0,0.015485894338048995,0.0019912029254017106,5,62.611108998822345,2,0
339,2463,0.6085481664275306,1.0,0.015485894338048995,0.0019912029254017106,5,58.10445921215813,2,0
340,2468,0.5949256521363614,1.0,0.015485894338048995,0.0019912029254017106,5,62.61850417400981,2,0
341,2473,0.5578281953361983,1.0,0.015485894338048995,0.0019912029254017106,5,64.0651495960507,2,0
342,2478,0.5474055860492719,1.0,0.015485894338048995,0.0019912029254017106,5,63.97401616730978,2,0
343,2483,0.5393604484563977,1.0,0.015485894338048995,0.0019912029254017106,5,67.08299341560169,2,0
344,2488,0.5171236729966657,1.0,0.015485894338048995,0.0019912029254017106,5,64.0312179001021,2,0
345,2493,0.4872620596093929,1.0,0.015485894338048995,0.0019912029254017106,5,62.142071129727384,2,0
346,2498,0.4691548739691461,1.0,0.015485894338048995,0.0019912029254017106,5,60.704728820259206,2,0
347,2503,0.4399118971937411,1.0,0.015485894338048995,0.0019912029254017106,5,61.519786788340234,2,0
348,2508,0.41075906504939175,1.0,0.015485894338048995,0.0019912029254017106,5,61.646125306771886,2,0
349,2513,0.39313075325244917,1.0,0.015485894338048995,0.0019912029254017106,5,60.30035449692151,2,0
350,2518,0.37362715552288284,1.0,0.015485894338048995,0.0019912029254017106,5,56.773138131376996,2,0
351,2523,0.37030686292668236,1.0,0.015485894338048995,0.0019912029254017106,5,57.04259105012966,2,0
352,2528,0.35984170752452443,1.0,0.015485894338048995,0.0019912029254017106,5,57.05364717157121,2,0
353,2533,0.37772366753032205,1.0,0.015485894338048995,0.0019912029254017106,5,57.42255055025272,2,0
354,2538,0.3970101982827376,1.0,0.015485894338048995,0.0019912029254017106,5,57.66504644516327,2,0
355,2543,0.4172125652253443,1.0,0.015485894338048995,0.0019912029254017106,5,52.15388607176586,2,0
356,2548,0.42241548389638645,1.0,0.015485894338048995,0.0019912029254017106,5,50.10048496303739,2,0
357,2553,0.43978719891594814,1.0,0.015485894338048995,0.0019912029254017106,5,49.86591112378501,2,0
358,2558,0.4336001708740249,1.0,0.015485894338048995,0.0019912029254017106,5,48.90190903221922,2,0
359,2563,0.4331128077866958,1.0,0.015485894338048995,0.0019912029254017106,5,49.10330915575945,2,0
360,2568,0.4397580826863227,1.0,0.015485894338048995,0.0019912029254017106,5,49.910494657950615,2,0
361,2573,0.42295068199534813,1.0,0.015485894338048995,0.0019912029254017106,5,49.50335378561641,2,0
362,2578,0.4080028228501758,1.0,0.015485894338048995,0.0019912029254017106,5,50.544033479469086,2,0
363,2583,0.4054734748202329,1.0,0.015485894338048995,0.0019912029254017106,5,48.58227307492831,2,0
364,2588,0.3860307904034221,1.0,0.015485894338048995,0.0019912029254017106,5,48.734784635974215,2,0
365,2593,0.3904386497846523,1.0,0.015485894338048995,0.0019912029254017106,5,46.42361245094807,2,0
366,2598,0.4119710086708203,1.0,0.015485894338048995,0.0019912029254017106,5,47.75721480489552,2,0
367,2603,0.4090237961550706,1.0,0.015485894338048995,0.0019912029254017106,5,47.374945932408416,2,0
368,2608,0.405117432212308,1.0,0.015485894338048995,0.0019912029254017106,5,49.10748633463445,2,0
369,2613,0.39518656335981794,1.0,0.015485894338048995,0.0019912029254017106,5,49.34393536624493,2,0
370,2618,0.38587738488607537,1.0,0.015485894338048995,0.0019912029254017106,5,49.196430603027075,2,0
371,2623,0.38833315636053245,1.0,0.015485894338048995,0.0019912029254017106,5,49.24802193464278,2,0
372,2628,0.3871547658223737,1.0,0.015485894338048995,0.0019912029254017106,5,50.55933645817711,2,0
373,2633,0.39398106222339374,1.0,0.015485894338048995,0.0019912029254017106,5,52.947587882037794,2,0
374,2638,0.400127266152467,1.0,0.015485894338048995,0.0019912029254017106,5,54.36267406516689,2,0
375,2643,0.40006321718445037,1.0,0.015485894338048995,0.0019912029254017106,5,50.90688865591869,2,0
376,2648,0.40169283442318415,1.0,0.015485894338048995,0.0019912029254017106,5,52.333296607971235,2,0
377,2653,0.39613612607145154,1.0,0.015485894338048995,0.0019912029254017106,5,52.365369795695436,2,0
378,2658,0.3849037071160576,1.0,0.015485894338048995,0.0019912029254017106,5,55.348984739702196,2,0
379,2663,0.37183103747381113,1.0,0.015485894338048995,0.0019912029254017106,5,55.38435601983497,2,0
380,2668,0.3662316628123993,1.0,0.015485894338048995,0.0019912029254017106,5,60.222765159493164,2,0
381,2673,0.34950429800812244,1.0,0.015485894338048995,0.0019912029254017106,5,59.7652471500552,2,0
382,2678,0.3253129738728525,1.0,0.015485894338048995,0.0019912029254017106,5,60.45270720658364,2,0
383,2683,0.3088315255632615,1.0,0.015485894338048995,0.0019912029254017106,5,57.72780933426966,2,0
384,2688,0.2910745682269204,1.0,0.015485894338048995,0.0019912029254017106,5,61.384948872426676,2,0
385,2693,0.2835593813224006,1.0,0.015485894338048995,0.0019912029254017106,5,62.67299932286178,2,0
386,2698,0.2733360679048697,1.0,0.015485894338048995,0.0019912029254017106,5,65.62954448813919,2,0
387,2703,0.2720571950101531,1.0,0.015485894338048995,0.0019912029254017106,5,65.17533924208698,2,0
388,2708,0.2526824252805857,1.0,0.015485894338048995,0.0019912029254017106,5,62.04839320602027,2,0
389,2713,0.2422372824864451,1.0,0.015485894338048995,0.0019912029254017106,5,65.17561339076707,2,0
390,2718,0.23624799768015284,1.0,0.015485894338048995,0.0019912029254017106,5,64.179913983083,2,0
391,2723,0.24013351060017143,1.0,0.015485894338048995,0.0019912029254017106,5,67.07008875802983,2,0
392,2728,0.24049271195151206,1.0,0.015485894338048995,0.0019912029254017106,5,65.7523379455517,2,0
393,2733,0.22644768642699784,1.0,0.015485894338048995,0.0019912029254017106,5,65.73275447041225,2,0
394,2738,0.2144222448043773,1.0,0.015485894338048995,0.0019912029254017106,5,61.72519565922576,2,0
395,2743,0.19515871131132517,1.0,0.015485894338048995,0.0019912029254017106,5,62.26210320765471,2,0
396,2748,0.18627116614197528,1.0,0.015485894338048995,0.0019912029254017106,5,62.5997009931116,2,0
397,2753,0.1791885584767678,1.0,0.015485894338048995,0.0019912029254017106,5,62.19946937559422,2,0
398,2757,0.17871529220973736,1.0,0.015485894338048995,0.0019912029254017106,4,60.977363401752726,2,0
399,2761,0.1747609360935915,1.0,0.015485894338048995,0.0019912029254017106,4,60.052975348714135,2,0
400,2765,0.1719445177061869,0.0,0.015485894338048995,0.0019912029254017106,4,64.89132857150979,2,0
401,2769,0.17722645770932685,1.0,0.015485894338048995,0.0019912029254017106,4,67.52914063864614,2,0
402,2773,0.1705437077185999,1.0,0.015485894338048995,0.0019912029254017106,4,73.84711974115862,2,0
403,2777,0.16499681607510625,1.0,0.015485894338048995,0.0019912029254017106,4,74.52167953217364,2,0
404,2781,0.16248742174506156,1.0,0.015485894338048995,0.0019912029254017106,4,75.54879319596235,2,0
405,2785,0.15428764427981528,1.0,0.015485894338048995,0.0019912029254017106,4,74.718472551762,2,0
406,2789,0.15154765815428603,1.0,0.015485894338048995,0.0019912029254017106,4,76.90585142713388,2,0
407,2793,0.151929585755059,1.0,0.015485894338048995,0.0019912029254017106,4,73.43738174355023,2,0
408,2797,0.14827151022509746,1.0,0.015485894338048995,0.0019912029254017106,4,74.29602777393522,2,0
409,2801,0.14535567941343921,1.0,0.015485894338048995,0.0019912029254017106,4,75.78809570977116,2,0
410,2805,0.14099126008577548,1.0,0.015485894338048995,0.0019912029254017106,4,78.23769569543529,2,0
411,2809,0.13623990603423008,1.0,0.015485894338048995,0.0019912029254017106,4,73.98511025440108,2,0
412,2813,0.13444861521330595,1.0,0.015485894338048995,0.0019912029254017106,4,72.00519163153187,2,0
413,2817,0.1340237437577226,1.0,0.015485894338048995,0.0019912029254017106,4,70.67664104893414,2,0
414,2821,0.13691224512173442,0.0,0.015485894338048995,0.0019912029254017106,4,74.54304614593946,2,0
415,2825,0.1428553972284625,1.0,0.015485894338048995,0.0019912029254017106,4,82.34756063761915,2,0
416,2829,0.14753544453568776,1.0,0.015485894338048995,0.0019912029254017106,4,83.40712771903517,2,0
417,2833,0.15251155816472445,1.0,0.015485894338048995,0.0019912029254017106,4,84.07775380320412,2,0
418,2837,0.15572108518228342,0.0,0.015485894338048995,0.0019912029254017106,4,86.99604705889088,2,0
419,2841,0.16454523747370406,1.0,0.015485894338048995,0.0019912029254017106,4,83.98114076086748,2,0
420,2845,0.1658885127552419,1.0,0.015485894338048995,0.0019912029254017106,4,84.06895140675132,2,0
421,2849,0.1692892116897983,1.0,0.015485894338048995,0.0019912029254017106,4,83.62524671519749,2,0
422,2853,0.1704839241836437,1.0,0.015485894338048995,0.0019912029254017106,4,84.057280286761,2,0
423,2857,0.17221590627572078,1.0,0.015485894338048995,0.0019912029254017106,4,82.14274346533448,2,0
424,2861,0.1706531966712799,1.0,0.015485894338048995,0.0019912029254017106,4,88.65666985532327,2,0
425,2865,0.17495660956160655,1.0,0.015485894338048995,0.0019912029254017106,4,96.96578715116905,2,0
426,2869,0.17038561936747212,0.0,0.015485894338048995,0.0019912029254017106,4,97.28213138285801,2,0
427,2873,0.1638731131700146,1.0,0.015485894338048995,0.0019912029254017106,4,99.96382984321009,2,0
428,2877,0.15727171777100077,1.0,0.015485894338048995,0.0019912029254017106,4,99.83131025113036,2,0
429,2881,0.1494463279962396,1.0,0.015485894338048995,0.0019912029254017106,4,96.31567191361657,2,0
430,2885,0.1465517793810926,1.0,0.015485894338048995,0.0019912029254017106,4,96.8598703067847,2,0
431,2889,0.1467928823213322,1.0,0.015485894338048995,0.0019912029254017106,4,101.23231110521952,2,0
432,2893,0.13996785006460896,1.0,0.015485894338048995,0.0019912029254017106,4,106.80748302360533,2,0
433,2897,0.13227916084629804,1.0,0.015485894338048995,0.0019912029254017106,4,113.02623292009895,2,0
434,2901,0.1365932797278334,1.0,0.015485894338048995,0.0019912029254017106,4,115.52357016978796,2,0
435,2905,0.13072737250330005,1.0,0.015485894338048995,0.0019912029254017106,4,114.22267446983503,2,0
436,2909,0.12188685301817172,1.0,0.015485894338048995,0.0019912029254017106,4,110.80643742075628,2,0
437,2913,0.11565688700063129,1.0,0.015485894338048995,0.0019912029254017106,4,111.95766788745257,2,0
438,2917,0.11459824358185629,1.0,0.015485894338048995,0.0019912029254017106,4,106.5558819948665,2,0
439,2921,0.10921591075501112,1.0,0.015485894338048995,0.0019912029254017106,4,106.28068388663043,2,0
440,2925,0.10263922722825224,1.0,0.015485894338048995,0.0019912029254017106,4,106.20894252224653,2,0
441,2929,0.098358247861807,1.0,0.015485894338048995,0.0019912029254017106,4,101.68532051600077,2,0
442,2933,0.09671866499923198,1.0,0.015485894338048995,0.0019912029254017106,4,102.0452147255542,2,0
443,2937,0.09420362509115117,1.0,0.015485894338048995,0.0019912029254017106,4,102.14855861440898,2,0
444,2941,0.0929537528013575,1.0,0.015485894338048995,0.0019912029254017106,4,104.48823040593474,2,0
445,2945,0.0999598610938133,1.0,0.015485894338048995,0.0019912029254017106,4,109.02896283096744,2,0
446,2949,0.10474611414657736,1.0,0.015485894338048995,0.0019912029254017106,4,108.42575843793047,2,0
447,2953,0.10291814053814534,1.0,0.015485894338048995,0.0019912029254017106,4,111.0281039146317,2,0
448,2957,0.1028917414592796,1.0,0.015485894338048995,0.0019912029254017106,4,111.49972683656901,2,0
449,2961,0.1100592690273062,0.0,0.015485894338048995,0.0019912029254017106,4,111.53301668806348,2,0
450,2965,0.11502211439575973,1.0,0.015485894338048995,0.0019912029254017106,4,112.24803369332719,2,0
451,2969,0.1169308379693361,1.0,0.015485894338048995,0.0019912029254017106,4,111.19291746311643,2,0
452,2973,0.11615924986783059,0.0,0.015485894338048995,0.0019912029254017106,4,110.11923535795009,2,0
453,2977,0.11144013890978452,1.0,0.015485894338048995,0.0019912029254017106,4,110.61758650224658,2,0
454,2981,0.11020544653535257,1.0,0.015485894338048995,0.0019912029254017106,4,114.94301422011284,2,0
455,2985,0.1095744550656877,1.0,0.015485894338048995,0.0019912029254017106,4,120.14666313961446,2,0
456,2989,0.11095787042026169,0.0,0.015485894338048995,0.0019912029254017106,4,122.78603817810283,2,0
457,2993,0.10845939336336559,0.0,0.015485894338048995,0.0019912029254017106,4,120.75850393402845,2,0
458,2997,0.1071012622145212,1.0,0.015485894338048995,0.0019912029254017106,4,125.27202521977496,2,0
459,3001,0.10863507683690397,1.0,0.015485894338048995,0.0019912029254017106,4,125.87788689138956,2,0
0,10,1.972560971073982,0.9,0.015283824524751714,0.02015428276120837,10,1.1170277485859266,3,0
1,20,1.7288714830139083,1.0,0.015283824524751714,0.02015428276120837,10,1.180139014949802,3,0
2,30,1.593499938341468,1.0,0.015283824524751714,0.02015428276120837,10,1.2507271845440517,3,0
3,40,1.5377834070432126,1.0,0.015283824524751714,0.02015428276120837,10,1.2672247957729887,3,0
4,50,1.4409626264021507,1.0,0.015283824524751714,0.02015428276120837,10,1.288670104825769,3,0
5,60,1.3995402485342892,1.0,0.015283824524751714,0.02015428276120837,10,1.3229998655583535,3,0
6,69,1.4161226363606032,1.0,0.015350351177806146,0.0134347415789843,9,1.3537747993236902,3,0
7,78,1.3618599804012455,1.0,0.015350351177806146,0.0134347415789843,9,1.411254804066038,3,0
8,87,1.3027941700396402,1.0,0.015350351177806146,0.0134347415789843,9,1.4269453966209655,3,0
9,96,1.284001884559066,1.0,0.015350351177806146,0.0134347415789843,9,1.48175475801732,3,0
10,105,1.3972534717509864,1.0,0.015350351177806146,0.0134347415789843,9,1.4648241974091403,3,0
11,114,1.4941856696127096,1.0,0.015350351177806146,0.0134347415789843,9,1.512947557547216,3,0
12,123,1.616866542582126,1.0,0.015350351177806146,0.0134347415789843,9,1.564977217192072,3,0
13,132,1.7164873713028923,1.0,0.015350351177806146,0.0134347415789843,9,1.6210385384981336,3,0
14,141,1.7360621940722516,1.0,0.015350351177806146,0.0134347415789843,9,1.6385646749721314,3,0
15,150,1.7203161137903826,1.0,0.015350351177806146,0.0134347415789843,9,1.6260746898600738,3,0
16,159,1.7595040283719248,1.0,0.015350351177806146,0.0134347415789843,9,1.664455201744143,3,0
17,168,1.739149108852489,1.0,0.015350351177806146,0.0134347415789843,9,1.7571339352441622,3,0
18,176,1.8116326857447327,1.0,0.015350351177806146,0.0134347415789843,8,1.83643496123171,3,0
19,184,1.7815935344610754,1.0,0.015350351177806146,0.0134347415789843,8,1.8960463531968732,3,0
20,192,1.7889505093537204,1.0,0.015350351177806146,0.0134347415789843,8,1.9754390938712487,3,0
21,200,1.6877105704889994,1.0,0.015350351177806146,0.0134347415789843,8,2.0465035029662557,3,0
22,208,1.6093600814001872,1.0,0.015350351177806146,0.0134347415789843,8,2.1152247605659102,3,0
23,216,1.5334667554641277,1.0,0.015350351177806146,0.0134347415789843,8,2.1889244188411294,3,0
24,224,1.4956505657435009,1.0,0.015350351177806146,0.0134347415789843,8,2.265084014885624,3,0
25,232,1.4652375941376228,1.0,0.015350351177806146,0.0134347415789843,8,2.2292896506186493,3,0
26,240,1.4357735271915555,1.0,0.015350351177806146,0.0134347415789843,8,2.1361450414481973,3,0
27,248,1.4917847847668706,1.0,0.015350351177806146,0.0134347415789843,8,2.1713394400208275,3,0
28,256,1.553086344285148,1.0,0.015350351177806146,0.0134347415789843,8,2.1956836258472014,3,0
29,264,1.6009971679893258,1.0,0.015350351177806146,0.0134347415789843,8,2.1622746477544714,3,0
30,272,1.623099267394649,1.0,0.015350351177806146,0.0134347415789843,8,2.118218534750576,3,0
31,280,1.6968867677579358,1.0,0.015350351177806146,0.0134347415789843,8,2.137851972361974,3,0
32,287,1.7677012758496227,1.0,0.01541798803902277,0.007143250586288005,7,2.2362260934100737,3,0
33,294,1.9079183481823794,1.0,0.01541798803902277,0.007143250586288005,7,2.299529215666822,3,0
34,301,2.041964190745461,1.0,0.01541798803902277,0.007143250586288005,7,2.293732137569149,3,0
35,308,2.167890900809419,1.0,0.01541798803902277,0.007143250586288005,7,2.307552798865411,3,0
36,315,2.2531236118271383,1.0,0.01541798803902277,0.007143250586288005,7,2.3114754073731154,3,0
37,322,2.320539049959433,1.0,0.01541798803902277,0.007143250586288005,7,2.297042702188504,3,0
38,329,2.483508547959822,1.0,0.01541798803902277,0.007143250586288005,7,2.299295162395748,3,0
39,336,2.535190823826033,1.0,0.01541798803902277,0.007143250586288005,7,2.4001687758708243,3,0
40,343,2.330517148657965,1.0,0.01541798803902277,0.007143250586288005,7,2.4840591093891224,3,0
41,350,2.294870278460507,1.0,0.01541798803902277,0.007143250586288005,7,2.4706674995668845,3,0
42,357,2.308197403764929,1.0,0.01541798803902277,0.007143250586288005,7,2.5534577752732575,3,0
43,364,2.2250983953685903,1.0,0.01541798803902277,0.007143250586288005,7,2.641681292145026,3,0
44,371,2.0269002605802307,1.0,0.01541798803902277,0.007143250586288005,7,2.717357656616514,3,0
45,378,1.9234497180799808,1.0,0.01541798803902277,0.007143250586288005,7,2.668310823714059,3,0
46,385,1.82911395084354,1.0,0.01541798803902277,0.007143250586288005,7,2.7766221530875606,3,0
47,392,1.6628414274427399,1.0,0.01541798803902277,0.007143250586288005,7,2.892494622626063,3,0
48,398,1.5516471924489055,1.0,0.01541798803902277,0.007143250586288005,6,3.0046797955235034,3,0
49,404,1.5270538002293605,1.0,0.01541798803902277,0.007143250586288005,6,3.0991696628197998,3,0
50,410,1.5488664993223262,1.0,0.01541798803902277,0.007143250586288005,6,3.1107628874563122,3,0
51,416,1.5724346439235117,1.0,0.01541798803902277,0.007143250586288005,6,3.2951871754899336,3,0
52,422,1.6185482640728035,1.0,0.01541798803902277,0.007143250586288005,6,3.327153151546074,3,0
53,428,1.7061604186486574,1.0,0.01541798803902277,0.007143250586288005,6,3.3729482168785254,3,0
54,434,1.753207882395167,1.0,0.01541798803902277,0.007143250586288005,6,3.325428643453133,3,0
55,440,1.7512693894399545,1.0,0.01541798803902277,0.007143250586288005,6,3.303873500994491,3,0
56,446,1.761997949284607,1.0,0.01541798803902277,0.007143250586288005,6,3.5584429802079964,3,0
57,452,1.7440987535158932,1.0,0.01541798803902277,0.007143250586288005,6,3.725996459111823,3,0
58,458,1.6745995881218554,1.0,0.01541798803902277,0.007143250586288005,6,3.837380657742239,3,0
59,464,1.6544871117288016,1.0,0.01541798803902277,0.007143250586288005,6,4.05776286737905,3,0
60,470,1.6446143834403077,1.0,0.01541798803902277,0.007143250586288005,6,3.9672974114438775,3,0
61,476,1.6249535813166383,1.0,0.01541798803902277,0.007143250586288005,6,3.91177185907201,3,0
62,482,1.6224125122791244,1.0,0.01541798803902277,0.007143250586288005,6,4.21387375325867,3,0
63,488,1.560968034601445,1.0,0.01541798803902277,0.007143250586288005,6,4.3037785714547425,3,0
64,494,1.5327232293080977,1.0,0.01541798803902277,0.007143250586288005,6,4.714426918194232,3,0
65,500,1.5017852906916953,1.0,0.01541798803902277,0.007143250586288005,6,4.78519904740286,3,0
66,505,1.4500989950851952,1.0,0.015485894338048995,0.0019912029254017106,5,4.879503948326475,3,0
67,510,1.3490333681253361,1.0,0.015485894338048995,0.0019912029254017106,5,4.998195255668639,3,0
68,515,1.3225257327760451,1.0,0.015485894338048995,0.0019912029254017106,5,4.921532735166407,3,0
69,520,1.259928808404526,1.0,0.015485894338048995,0.0019912029254017106,5,5.079381633999083,3,0
70,525,1.228108094445653,1.0,0.015485894338048995,0.0019912029254017106,5,4.820978727174863,3,0
71,530,1.2073665552994086,1.0,0.015485894338048995,0.0019912029254017106,5,4.92554642044598,3,0
72,535,1.2032933479543315,1.0,0.015485894338048995,0.0019912029254017106,5,4.900513974637504,3,0
73,540,1.2210577039257389,1.0,0.015485894338048995,0.0019912029254017106,5,5.173344831406042,3,0
74,545,1.2416577496220342,1.0,0.015485894338048995,0.0019912029254017106,5,5.126361162959499,3,0
75,550,1.2635358841261415,1.0,0.015485894338048995,0.0019912029254017106,5,5.1513857286003155,3,0
76,555,1.2225244691463144,1.0,0.015485894338048995,0.0019912029254017106,5,5.8896783826749255,3,0
77,560,1.1524823650430067,1.0,0.015485894338048995,0.0019912029254017106,5,5.858137084916432,3,0
78,565,1.089034618123732,1.0,0.015485894338048995,0.0019912029254017106,5,6.018053279995431,3,0
79,570,1.0469159976338915,0.2,0.015485894338048995,0.0019912029254017106,5,6.03323221829095,3,0
80,575,1.0257488804088999,1.0,0.015485894338048995,0.0019912029254017106,5,6.151872863105505,3,0
81,580,0.9939186951278919,1.0,0.015485894338048995,0.0019912029254017106,5,6.384643954391764,3,0
82,585,0.9881642904281018,1.0,0.015485894338048995,0.0019912029254017106,5,6.585999475717219,3,0
83,590,1.0369061685227465,1.0,0.015485894338048995,0.0019912029254017106,5,6.768901406934783,3,0
84,595,1.0931795413181327,1.0,0.015485894338048995,0.0019912029254017106,5,6.734985701458908,3,0
85,600,1.0952116581772156,1.0,0.015485894338048995,0.0019912029254017106,5,6.612760804328204,3,0
86,605,1.0750400108162306,1.0,0.015485894338048995,0.0019912029254017106,5,6.328135880834647,3,0
87,610,1.0997984064408726,1.0,0.015485894338048995,0.0019912029254017106,5,6.272976230000274,3,0
88,615,1.0766524159070054,1.0,0.015485894338048995,0.0019912029254017106,5,6.040468376092037,3,0
89,619,1.0467559568163314,1.0,0.015485894338048995,0.0019912029254017106,4,6.497337005424393,3,0
90,623,1.0630778250882662,1.0,0.015485894338048995,0.0019912029254017106,4,6.530925028645083,3,0
91,627,1.0351762174253945,1.0,0.015485894338048995,0.0019912029254017106,4,6.229900541754247,3,0
92,631,1.0880190040980886,1.0,0.015485894338048995,0.0019912029254017106,4,6.633998543646676,3,0
93,635,1.063140453988854,1.0,0.015485894338048995,0.0019912029254017106,4,6.682730280461275,3,0
94,639,1.0256758969368045,1.0,0.015485894338048995,0.0019912029254017106,4,7.101914138486289,3,0
95,643,1.0016474391965637,1.0,0.015485894338048995,0.0019912029254017106,4,7.254612881903462,3,0
96,647,0.9711582105512655,1.0,0.015485894338048995,0.0019912029254017106,4,7.337070842456907,3,0
97,651,0.9561527568230314,1.0,0.015485894338048995,0.0019912029254017106,4,8.042187087000983,3,0
98,655,1.0394851197556845,1.0,0.015485894338048995,0.0019912029254017106,4,8.350202181171468,3,0
99,659,1.0881961482214584,1.0,0.015485894338048995,0.0019912029254017106,4,8.45527629351142,3,0
100,663,1.1736900589021,1.0,0.015485894338048995,0.0019912029254017106,4,8.405374562517164,3,0
101,667,1.2517092574025452,1.0,0.015485894338048995,0.0019912029254017106,4,8.49198607493989,3,0
0,10,0.4572813651688902,0.2,0.015283824524751714,0.02015428276120837,10,1.1431266530588549,0,1
1,20,0.455471341055354,1.0,0.015283824524751714,0.02015428276120837,10,1.1836733717225918,0,1
2,30,0.4349195833276645,1.0,0.015283824524751714,0.02015428276120837,10,1.2664233117111028,0,1
3,40,0.4405815313011306,1.0,0.015283824524751714,0.02015428276120837,10,1.2784618670447867,0,1
4,50,0.4582993749649742,1.0,0.015283824524751714,0.02015428276120837,10,1.3698592139357015,0,1
5,60,0.4788442497249996,1.0,0.015283824524751714,0.02015428276120837,10,1.4715844324256784,0,1
6,70,0.464995680724128,1.0,0.015283824524751714,0.02015428276120837,10,1.534062571564828,0,1
7,80,0.5002272843110613,1.0,0.015283824524751714,0.02015428276120837,10,1.571227291421045,0,1
8,90,0.5412089417012945,1.0,0.015283824524751714,0.02015428276120837,10,1.581058385164415,0,1
9,99,0.6021589401610101,1.0,0.015350351177806146,0.0134347415789843,9,1.642420034373978,0,1
10,108,0.655314669432925,1.0,0.015350351177806146,0.0134347415789843,9,1.614084428116534,0,1
11,117,0.714977881327759,1.0,0.015350351177806146,0.0134347415789843,9,1.6508349722774605,0,1
12,126,0.7019449025455856,1.0,0.015350351177806146,0.0134347415789843,9,1.7719944321940226,0,1
13,135,0.7321996630405072,1.0,0.015350351177806146,0.0134347415789843,9,1.8003639806348686,0,1
14,144,0.702570155279938,1.0,0.015350351177806146,0.0134347415789843,9,1.8052712292772088,0,1
15,153,0.6432902543806177,1.0,0.015350351177806146,0.0134347415789843,9,1.886292781266363,0,1
16,162,0.59244139211544,1.0,0.015350351177806146,0.0134347415789843,9,1.9278737824682308,0,1
17,171,0.5622211368359215,1.0,0.015350351177806146,0.0134347415789843,9,1.9566155504086193,0,1
18,180,0.5132051436011194,1.0,0.015350351177806146,0.0134347415789843,9,1.9244493749909628,0,1
19,189,0.5148494468515262,1.0,0.015350351177806146,0.0134347415789843,9,1.9954209029756276,0,1
20,198,0.5388251014091009,1.0,0.015350351177806146,0.0134347415789843,9,2.079824401902111,0,1
21,207,0.5522997247928828,1.0,0.015350351177806146,0.0134347415789843,9,2.028706847821868,0,1
22,216,0.5683247884083238,1.0,0.015350351177806146,0.0134347415789843,9,2.1055490006596314,0,1
23,225,0.5418784209046557,1.0,0.015350351177806146,0.0134347415789843,9,2.1659073487399247,0,1
24,234,0.5384265343827284,1.0,0.015350351177806146,0.0134347415789843,9,2.2823777006030554,0,1
25,243,0.5888455521938617,1.0,0.015350351177806146,0.0134347415789843,9,2.2780867554717092,0,1
26,252,0.6755595990156864,1.0,0.015350351177806146,0.0134347415789843,9,2.3426251620925984,0,1
27,260,0.8191890463459075,1.0,0.015350351177806146,0.0134347415789843,8,2.421335437047721,0,1
28,268,0.9403278405669157,1.0,0.015350351177806146,0.0134347415789843,8,2.4860257758118256,0,1
29,276,1.0032246787512409,1.0,0.015350351177806146,0.0134347415789843,8,2.406138623408812,0,1
30,284,1.015379059010437,1.0,0.015350351177806146,0.0134347415789843,8,2.3844484487454447,0,1
31,292,0.9622019302831599,1.0,0.015350351177806146,0.0134347415789843,8,2.3940082794425006,0,1
32,300,0.9341207092456625,1.0,0.015350351177806146,0.0134347415789843,8,2.304118060273836,0,1
33,308,0.8843538754360818,1.0,0.015350351177806146,0.0134347415789843,8,2.4499867990413224,0,1
34,316,0.8435157647589984,1.0,0.015350351177806146,0.0134347415789843,8,2.386228509829827,0,1
35,324,0.7995635547734654,1.0,0.015350351177806146,0.0134347415789843,8,2.460489058421731,0,1
36,332,0.7883149036412329,1.0,0.015350351177806146,0.0134347415789843,8,2.4734722400003357,0,1
37,340,0.8208318663100321,1.0,0.015350351177806146,0.0134347415789843,8,2.6552030670246354,0,1
38,348,0.8090551895242704,1.0,0.015350351177806146,0.0134347415789843,8,2.6540764263656365,0,1
39,356,0.7913991345832017,1.0,0.015350351177806146,0.0134347415789843,8,2.4972835964320392,0,1
40,364,0.7845290725568336,1.0,0.015350351177806146,0.0134347415789843,8,2.5207750180806086,0,1
41,372,0.8119017874798409,1.0,0.015350351177806146,0.0134347415789843,8,2.50448250580801,0,1
42,380,0.8482398351016045,1.0,0.015350351177806146,0.0134347415789843,8,2.663382877070422,0,1
43,388,0.8588503054252892,1.0,0.015350351177806146,0.0134347415789843,8,2.694997076144481,0,1
44,396,0.8058993543372919,1.0,0.015350351177806146,0.0134347415789843,8,2.7518232111429666,0,1
45,404,0.8277698720111775,1.0,0.015350351177806146,0.0134347415789843,8,2.925462250664956,0,1
46,412,0.8292103980208442,1.0,0.015350351177806146,0.0134347415789843,8,2.991586341386415,0,1
47,420,0.821842078428179,1.0,0.015350351177806146,0.0134347415789843,8,2.9798344358986473,0,1
48,427,0.8116101476799437,1.0,0.01541798803902277,0.007143250586288005,7,2.9800849636288596,0,1
49,434,0.7971583067387908,1.0,0.01541798803902277,0.007143250586288005,7,3.0216048505561464,0,1
50,441,0.751128666574428,1.0,0.01541798803902277,0.007143250586288005,7,3.125550511630291,0,1
51,448,0.6838375833776168,1.0,0.01541798803902277,0.007143250586288005,7,3.1735031428190195,0,1
52,455,0.6394669380063814,1.0,0.01541798803902277,0.007143250586288005,7,3.197419201964809,0,1
53,462,0.6317762049977028,1.0,0.01541798803902277,0.007143250586288005,7,3.1811631084882044,0,1
54,469,0.6116679982154094,1.0,0.01541798803902277,0.007143250586288005,7,3.303919381808203,0,1
55,476,0.6181811932207503,1.0,0.01541798803902277,0.007143250586288005,7,3.3330189720700707,0,1
56,483,0.6234482301029063,1.0,0.01541798803902277,0.007143250586288005,7,3.5418793776428092,0,1
57,490,0.6128367876111978,1.0,0.01541798803902277,0.007143250586288005,7,3.5252135493810366,0,1
58,497,0.620647189649996,0.7142857142857143,0.01541798803902277,0.007143250586288005,7,3.396068216270771,0,1
59,504,0.6170449545218226,1.0,0.01541798803902277,0.007143250586288005,7,3.7031586279810127,0,1
60,511,0.588812429535557,1.0,0.01541798803902277,0.007143250586288005,7,3.694150137903669,0,1
61,518,0.5389210326678069,1.0,0.01541798803902277,0.007143250586288005,7,3.7081106434194173,0,1
62,525,0.49889092808396757,1.0,0.01541798803902277,0.007143250586288005,7,3.5606665963250066,0,1
63,532,0.46654691465744186,1.0,0.01541798803902277,0.007143250586288005,7,3.4971603594046723,0,1
64,539,0.4429508192072099,1.0,0.01541798803902277,0.007143250586288005,7,3.2808620295336337,0,1
65,546,0.4574385316180452,1.0,0.01541798803902277,0.007143250586288005,7,3.313210115201996,0,1
66,553,0.4678457500942399,1.0,0.01541798803902277,0.007143250586288005,7,3.3745285975359325,0,1
67,560,0.4648028162430941,1.0,0.01541798803902277,0.007143250586288005,7,3.42863816596129,0,1
68,567,0.48154890767619496,1.0,0.01541798803902277,0.007143250586288005,7,3.4363699869587374,0,1
69,574,0.4940383307894236,1.0,0.01541798803902277,0.007143250586288005,7,3.7202907242354284,0,1
70,581,0.5088548976168712,1.0,0.01541798803902277,0.007143250586288005,7,3.644864837712501,0,1
71,588,0.5034963520895699,1.0,0.01541798803902277,0.007143250586288005,7,3.519072502628955,0,1
72,594,0.4915609069766673,1.0,0.01541798803902277,0.007143250586288005,6,3.555668449799973,0,1
73,600,0.45405634706216874,1.0,0.01541798803902277,0.007143250586288005,6,3.627166940707785,0,1
74,606,0.43977847918901414,1.0,0.01541798803902277,0.007143250586288005,6,3.6877406062374667,0,1
75,612,0.4175350959446375,1.0,0.01541798803902277,0.007143250586288005,6,3.672012451109853,0,1
76,618,0.4107903009831831,1.0,0.01541798803902277,0.007143250586288005,6,3.621456099648017,0,1
77,624,0.40153024790844294,1.0,0.01541798803902277,0.007143250586288005,6,3.492211469297628,0,1
78,630,0.3959061966127297,1.0,0.01541798803902277,0.007143250586288005,6,3.5573047643222995,0,1
79,636,0.4023908173269664,1.0,0.01541798803902277,0.007143250586288005,6,3.436244069548948,0,1
80,642,0.4135457856572985,1.0,0.01541798803902277,0.007143250586288005,6,3.5921590770347067,0,1
81,648,0.4378237359862107,1.0,0.01541798803902277,0.007143250586288005,6,3.847858632081615,0,1
82,654,0.4235113671361714,1.0,0.01541798803902277,0.007143250586288005,6,3.8917359609489632,0,1
83,660,0.4221588149365842,1.0,0.01541798803902277,0.007143250586288005,6,3.8545686939154717,0,1
84,666,0.43497569940172526,1.0,0.01541798803902277,0.007143250586288005,6,3.906084598750489,0,1
85,672,0.4581637780221447,1.0,0.01541798803902277,0.007143250586288005,6,4.086557597311418,0,1
86,678,0.47121378779650713,1.0,0.01541798803902277,0.007143250586288005,6,4.09956951963737,0,1
87,684,0.50049859310536,1.0,0.01541798803902277,0.007143250586288005,6,4.206337633062977,0,1
88,690,0.5110352570714507,1.0,0.01541798803902277,0.007143250586288005,6,4.202149012497613,0,1
89,696,0.5027090696056412,1.0,0.01541798803902277,0.007143250586288005,6,4.271019724096703,0,1
90,702,0.4729658523038017,1.0,0.01541798803902277,0.007143250586288005,6,4.658427853092953,0,1
91,708,0.4546192131973186,1.0,0.01541798803902277,0.007143250586288005,6,4.711670921415514,0,1
92,714,0.4438563520873733,1.0,0.01541798803902277,0.007143250586288005,6,4.747733826081172,0,1
93,720,0.4537723770203017,1.0,0.01541798803902277,0.007143250586288005,6,4.754068667378807,0,1
94,726,0.4559400305240528,1.0,0.01541798803902277,0.007143250586288005,6,4.742701226774165,0,1
95,732,0.4311857350357566,1.0,0.01541798803902277,0.007143250586288005,6,5.0392918379463545,0,1
96,738,0.39962151751885927,1.0,0.01541798803902277,0.007143250586288005,6,5.096550091836967,0,1
97,744,0.3924074556174532,1.0,0.01541798803902277,0.007143250586288005,6,5.096402063341944,0,1
98,750,0.3843656059773681,1.0,0.01541798803902277,0.007143250586288005,6,5.14311099452047,0,1
99,756,0.39270679608745523,1.0,0.01541798803902277,0.007143250586288005,6,5.1831178736121295,0,1
100,761,0.39366751833277897,1.0,0.015485894338048995,0.0019912029254017106,5,5.326375807466353,0,1
101,766,0.40106377778535146,1.0,0.015485894338048995,0.0019912029254017106,5,5.80744076480474,0,1
102,771,0.3882952311708854,1.0,0.015485894338048995,0.0019912029254017106,5,6.265018631569321,0,1
103,776,0.37883853960035235,1.0,0.015485894338048995,0.0019912029254017106,5,6.423273035800405,0,1
104,781,0.3788863983163576,1.0,0.015485894338048995,0.0019912029254017106,5,6.678630246734808,0,1
105,786,0.3980299920376702,1.0,0.015485894338048995,0.0019912029254017106,5,6.760840200073859,0,1
106,791,0.38617515845059736,1.0,0.015485894338048995,0.0019912029254017106,5,6.797809171781692,0,1
107,796,0.3844486261101826,1.0,0.015485894338048995,0.0019912029254017106,5,7.199133752693712,0,1
108,801,0.36510808894235336,1.0,0.015485894338048995,0.0019912029254017106,5,7.355056708567655,0,1
109,806,0.34937899281164114,1.0,0.015485894338048995,0.0019912029254017106,5,7.48604640981781,0,1
110,811,0.34228168857378605,1.0,0.015485894338048995,0.0019912029254017106,5,7.8626644854577705,0,1
111,816,0.3434434671926612,1.0,0.015485894338048995,0.0019912029254017106,5,8.332683735905135,0,1
112,821,0.35002581355077156,1.0,0.015485894338048995,0.0019912029254017106,5,8.62617181011897,0,1
113,826,0.34610075227030607,1.0,0.015485894338048995,0.0019912029254017106,5,8.614786779486677,0,1
114,831,0.35265254653585437,1.0,0.015485894338048995,0.0019912029254017106,5,8.043463277834976,0,1
115,836,0.35821148942208897,1.0,0.015485894338048995,0.0019912029254017106,5,7.855938779836568,0,1
116,841,0.3370902750047814,1.0,0.015485894338048995,0.0019912029254017106,5,8.308264913237888,0,1
117,846,0.32308019489121775,1.0,0.015485894338048995,0.0019912029254017106,5,8.342208812791828,0,1
118,851,0.30847818474878436,1.0,0.015485894338048995,0.0019912029254017106,5,8.460801309603168,0,1
119,856,0.3044912155314777,1.0,0.015485894338048995,0.0019912029254017106,5,8.849701870665154,0,1
120,861,0.31103193644544536,1.0,0.015485894338048995,0.0019912029254017106,5,9.062185123565081,0,1
121,866,0.3206548071260252,1.0,0.015485894338048995,0.0019912029254017106,5,9.167768259386833,0,1
122,871,0.3236563154424892,1.0,0.015485894338048995,0.0019912029254017106,5,10.054327384888264,0,1
123,876,0.3189824427254148,1.0,0.015485894338048995,0.0019912029254017106,5,10.288641900127699,0,1
124,881,0.3075463201656419,1.0,0.015485894338048995,0.0019912029254017106,5,10.57354799950451,0,1
125,886,0.30824761499135167,1.0,0.015485894338048995,0.0019912029254017106,5,11.894680588560597,0,1
126,891,0.30602000752294484,1.0,0.015485894338048995,0.0019912029254017106,5,13.277357184329443,0,1
127,896,0.3115225203672542,1.0,0.015485894338048995,0.0019912029254017106,5,13.70067956996255,0,1
128,901,0.31306793575193365,1.0,0.015485894338048995,0.0019912029254017106,5,13.439369937379139,0,1
129,906,0.312743048410288,1.0,0.015485894338048995,0.0019912029254017106,5,12.927442838848851,0,1
130,911,0.31672471802683705,1.0,0.015485894338048995,0.0019912029254017106,5,13.230054301677933,0,1
131,916,0.31695061914515826,1.0,0.015485894338048995,0.0019912029254017106,5,13.824041665783405,0,1
132,921,0.31101348284228436,1.0,0.015485894338048995,0.0019912029254017106,5,13.753521972459986,0,1
133,925,0.3023327034019007,1.0,0.015485894338048995,0.0019912029254017106,4,12.838345286602243,0,1
134,929,0.30167559919263814,1.0,0.015485894338048995,0.0019912029254017106,4,12.879281394815537,0,1
135,933,0.300195487350685,1.0,0.015485894338048995,0.0019912029254017106,4,13.354707262307258,0,1
136,937,0.29443647166563935,1.0,0.015485894338048995,0.0019912029254017106,4,13.859458560602414,0,1
137,941,0.285670197097408,1.0,0.015485894338048995,0.0019912029254017106,4,14.126769485003287,0,1
138,945,0.26815922736553593,1.0,0.015485894338048995,0.0019912029254017106,4,15.481598092128998,0,1
139,949,0.2555439957927622,1.0,0.015485894338048995,0.0019912029254017106,4,15.308756407380288,0,1
140,953,0.243632709524506,1.0,0.015485894338048995,0.0019912029254017106,4,15.142685871314072,0,1
141,957,0.22723832088511084,1.0,0.015485894338048995,0.0019912029254017106,4,14.707875819892967,0,1
142,961,0.21577073359001928,1.0,0.015485894338048995,0.0019912029254017106,4,14.734862537236292,0,1
143,965,0.21035827897177203,1.0,0.015485894338048995,0.0019912029254017106,4,14.05520835900648,0,1
144,969,0.20698972126937543,1.0,0.015485894338048995,0.0019912029254017106,4,14.117927129769532,0,1
145,973,0.20323981812042463,1.0,0.015485894338048995,0.0019912029254017106,4,15.153789243613609,0,1
146,977,0.19631474778939711,1.0,0.015485894338048995,0.0019912029254017106,4,15.304145694178304,0,1
147,981,0.1914949085576631,1.0,0.015485894338048995,0.0019912029254017106,4,16.668794583671428,0,1
148,985,0.18453711298016118,1.0,0.015485894338048995,0.0019912029254017106,4,17.55229903921012,0,1
149,989,0.18041697918920324,1.0,0.015485894338048995,0.0019912029254017106,4,18.27350852494785,0,1
150,993,0.1742764212465127,1.0,0.015485894338048995,0.0019912029254017106,4,17.64458818891294,0,1
151,997,0.17385565893380805,1.0,0.015485894338048995,0.0019912029254017106,4,16.8124596477954,0,1
152,1001,0.16911164640219564,1.0,0.015485894338048995,0.0019912029254017106,4,16.925164730545493,0,1
0,10,0.9568946430512529,0.0,0.015283824524751714,0.02015428276120837,10,1.1119309107926816,1,1
1,20,0.9301304486414851,1.0,0.015283824524751714,0.02015428276120837,10,1.1594626892918778,1,1
2,30,0.8839943939960773,1.0,0.015283824524751714,0.02015428276120837,10,1.2298738702782002,1,1
3,40,0.8204721680999582,1.0,0.015283824524751714,0.02015428276120837,10,1.2656383750564357,1,1
4,50,0.7582250244819604,1.0,0.015283824524751714,0.02015428276120837,10,1.3384180324282793,1,1
5,60,0.7436723440675046,1.0,0.015283824524751714,0.02015428276120837,10,1.3763065459140373,1,1
6,70,0.7701237920593651,1.0,0.015283824524751714,0.02015428276120837,10,1.3811231994837336,1,1
7,80,0.7128760269800108,1.0,0.015283824524751714,0.02015428276120837,10,1.3565741232611448,1,1
8,90,0.6771406755144583,1.0,0.015283824524751714,0.02015428276120837,10,1.3795071439894855,1,1
9,100,0.6326603886896079,1.0,0.015283824524751714,0.02015428276120837,10,1.4274053062393228,1,1
10,110,0.5927553453763506,1.0,0.015283824524751714,0.02015428276120837,10,1.4892461361430982,1,1
11,120,0.6086568660812272,1.0,0.015283824524751714,0.02015428276120837,10,1.4726879718758006,1,1
12,130,0.5901418845182714,1.0,0.015283824524751714,0.02015428276120837,10,1.548733015481023,1,1
13,140,0.5698857867418741,1.0,0.015283824524751714,0.02015428276120837,10,1.5676572011176586,1,1
14,150,0.6101703101713895,1.0,0.015283824524751714,0.02015428276120837,10,1.6175503623127552,1,1
15,160,0.5962339158671058,1.0,0.015283824524751714,0.02015428276120837,10,1.6012858410539763,1,1
16,170,0.597289800468897,1.0,0.015283824524751714,0.02015428276120837,10,1.6915637981716871,1,1
17,179,0.6173356379878462,1.0,0.015350351177806146,0.0134347415789843,9,1.6450241037747797,1,1
18,188,0.6090258912170275,1.0,0.015350351177806146,0.0134347415789843,9,1.6518335865519138,1,1
19,197,0.6132495000540934,1.0,0.015350351177806146,0.0134347415789843,9,1.6568725581727404,1,1
20,206,0.643606791008425,1.0,0.015350351177806146,0.0134347415789843,9,1.709738238584313,1,1
21,215,0.6265868501703501,1.0,0.015350351177806146,0.0134347415789843,9,1.7407928122514857,1,1
22,224,0.6068765498300227,1.0,0.015350351177806146,0.0134347415789843,9,1.7539715556150384,1,1
23,233,0.6199859778977959,1.0,0.015350351177806146,0.0134347415789843,9,1.7622950560948172,1,1
24,242,0.616706541884868,1.0,0.015350351177806146,0.0134347415789843,9,1.8042631647792762,1,1
25,251,0.5914878969286137,1.0,0.015350351177806146,0.0134347415789843,9,1.821814002523472,1,1
26,260,0.5367588790545487,1.0,0.015350351177806146,0.0134347415789843,9,1.9212641154420957,1,1
27,269,0.4925592394617899,1.0,0.015350351177806146,0.0134347415789843,9,1.9772829229438347,1,1
28,278,0.4592618884342078,1.0,0.015350351177806146,0.0134347415789843,9,2.0037902599334196,1,1
29,287,0.42764564225300916,1.0,0.015350351177806146,0.0134347415789843,9,2.0189495769494217,1,1
30,296,0.4383584044592355,1.0,0.015350351177806146,0.0134347415789843,9,2.131148143487732,1,1
31,305,0.4656920548393099,1.0,0.015350351177806146,0.0134347415789843,9,2.044239475005394,1,1
32,314,0.4693346293428697,1.0,0.015350351177806146,0.0134347415789843,9,2.00454493359747,1,1
33,323,0.47364391254346194,1.0,0.015350351177806146,0.0134347415789843,9,2.061860161962118,1,1
34,332,0.48185132708329387,1.0,0.015350351177806146,0.0134347415789843,9,2.1022571266962107,1,1
35,341,0.4921930810970728,1.0,0.015350351177806146,0.0134347415789843,9,2.0738147596850585,1,1
36,350,0.4908075168989568,1.0,0.015350351177806146,0.0134347415789843,9,2.0536600711197446,1,1
37,359,0.4829015325213727,1.0,0.015350351177806146,0.0134347415789843,9,2.1000269921584374,1,1
38,368,0.4571896416997924,1.0,0.015350351177806146,0.0134347415789843,9,2.0628224192838718,1,1
39,377,0.43883575477846715,1.0,0.015350351177806146,0.0134347415789843,9,2.0011303909584326,1,1
40,386,0.42551568407950396,1.0,0.015350351177806146,0.0134347415789843,9,1.9925470488683286,1,1
41,395,0.41922045552015047,1.0,0.015350351177806146,0.0134347415789843,9,2.018071505495674,1,1
42,404,0.4333741947097535,1.0,0.015350351177806146,0.0134347415789843,9,2.0080070640609313,1,1
43,413,0.47415750125341266,1.0,0.015350351177806146,0.0134347415789843,9,1.9552301822786318,1,1
44,422,0.5299152942712557,1.0,0.015350351177806146,0.0134347415789843,9,1.9739276801282803,1,1
45,431,0.5632181684533137,1.0,0.015350351177806146,0.0134347415789843,9,2.0251451915595378,1,1
46,440,0.6115752275651356,1.0,0.015350351177806146,0.0134347415789843,9,2.078859442596936,1,1
47,449,0.6227292662113184,1.0,0.015350351177806146,0.0134347415789843,9,2.0784600023635287,1,1
48,458,0.6318386532261727,1.0,0.015350351177806146,0.0134347415789843,9,2.096346668492976,1,1
49,467,0.6275565704173726,1.0,0.015350351177806146,0.0134347415789843,9,2.1240950748674856,1,1
50,476,0.6099551737170307,1.0,0.015350351177806146,0.0134347415789843,9,2.206702426606742,1,1
51,485,0.5849111208776807,1.0,0.015350351177806146,0.0134347415789843,9,2.2232897076247293,1,1
52,494,0.551034789488877,1.0,0.015350351177806146,0.0134347415789843,9,2.230659695729313,1,1
53,503,0.5362537991915494,1.0,0.015350351177806146,0.0134347415789843,9,2.2125903320492757,1,1
54,511,0.5405612550613925,1.0,0.015350351177806146,0.0134347415789843,8,2.1905257706707806,1,1
55,519,0.5342026866985984,1.0,0.015350351177806146,0.0134347415789843,8,2.189281946676012,1,1
56,527,0.5321708890464187,1.0,0.015350351177806146,0.0134347415789843,8,2.1966322114480157,1,1
57,535,0.5138132397618461,1.0,0.015350351177806146,0.0134347415789843,8,2.4512758860496557,1,1
58,543,0.4918881227688475,1.0,0.015350351177806146,0.0134347415789843,8,2.465693649481612,1,1
59,551,0.4889264661197526,1.0,0.015350351177806146,0.0134347415789843,8,2.5403475982261217,1,1
60,559,0.48199196246366655,1.0,0.015350351177806146,0.0134347415789843,8,2.5222396158639846,1,1
61,567,0.4431390658205048,1.0,0.015350351177806146,0.0134347415789843,8,2.5092266057273855,1,1
62,575,0.415443548586527,1.0,0.015350351177806146,0.0134347415789843,8,2.689210049923389,1,1
63,583,0.40484382421814097,1.0,0.015350351177806146,0.0134347415789843,8,2.644327578428185,1,1
64,591,0.38268729585751754,1.0,0.015350351177806146,0.0134347415789843,8,2.8336720214365436,1,1
65,599,0.3637333403598883,1.0,0.015350351177806146,0.0134347415789843,8,2.8374146127257522,1,1
66,607,0.339565393734445,1.0,0.015350351177806146,0.0134347415789843,8,2.776713999439664,1,1
67,615,0.3213062390262952,1.0,0.015350351177806146,0.0134347415789843,8,2.7697121673118863,1,1
68,623,0.2869685361276089,0.75,0.015350351177806146,0.0134347415789843,8,2.839383002119169,1,1
69,631,0.2677606347310814,1.0,0.015350351177806146,0.0134347415789843,8,2.8386608966827565,1,1
70,639,0.24725075649451617,1.0,0.015350351177806146,0.0134347415789843,8,2.960524699812264,1,1
71,647,0.22704337738954367,0.875,0.015350351177806146,0.0134347415789843,8,3.094310420640563,1,1
72,655,0.22692573446101383,1.0,0.015350351177806146,0.0134347415789843,8,2.9904197149168197,1,1
73,663,0.23650711599465202,1.0,0.015350351177806146,0.0134347415789843,8,2.98780352153551,1,1
74,671,0.25063466814001517,1.0,0.015350351177806146,0.0134347415789843,8,3.0983097711329166,1,1
75,679,0.265559954024375,1.0,0.015350351177806146,0.0134347415789843,8,3.02855771316101,1,1
76,687,0.26568484256417735,1.0,0.015350351177806146,0.0134347415789843,8,3.1881606996921934,1,1
77,695,0.26147043038832973,1.0,0.015350351177806146,0.0134347415789843,8,3.1848135791125207,1,1
78,703,0.24690690595850062,1.0,0.015350351177806146,0.0134347415789843,8,3.212034888586142,1,1
79,711,0.23476653637808637,1.0,0.015350351177806146,0.0134347415789843,8,3.3450062029666525,1,1
80,719,0.22835718115413692,1.0,0.015350351177806146,0.0134347415789843,8,3.2804305322958522,1,1
81,727,0.2231510720942769,1.0,0.015350351177806146,0.0134347415789843,8,3.251596204099466,1,1
82,735,0.23102085156374214,1.0,0.015350351177806146,0.0134347415789843,8,3.181158389620282,1,1
83,743,0.24613304720536863,1.0,0.015350351177806146,0.0134347415789843,8,3.108259473347865,1,1
84,751,0.25434295171457255,1.0,0.015350351177806146,0.0134347415789843,8,3.1352612851990815,1,1
85,759,0.2525244367096715,1.0,0.015350351177806146,0.0134347415789843,8,3.2031608267836154,1,1
86,767,0.25947656201397895,1.0,0.015350351177806146,0.0134347415789843,8,3.3962330350310315,1,1
87,775,0.2775383556401983,1.0,0.015350351177806146,0.0134347415789843,8,3.4159804112096834,1,1
88,783,0.29768140818082506,1.0,0.015350351177806146,0.0134347415789843,8,3.4176623663380776,1,1
89,791,0.32288495991451016,1.0,0.015350351177806146,0.0134347415789843,8,3.3865519469273773,1,1
90,799,0.33786704269326984,1.0,0.015350351177806146,0.0134347415789843,8,3.4912722348361855,1,1
91,807,0.33632069430166667,1.0,0.015350351177806146,0.0134347415789843,8,3.6020251881095797,1,1
92,815,0.32992477830753497,1.0,0.015350351177806146,0.0134347415789843,8,3.9247775280512083,1,1
93,823,0.3047551232845642,1.0,0.015350351177806146,0.0134347415789843,8,3.9227845379253465,1,1
94,831,0.31347187696467743,1.0,0.015350351177806146,0.0134347415789843,8,4.028801045424733,1,1
95,839,0.2980403522629089,1.0,0.015350351177806146,0.0134347415789843,8,4.1975712382837065,1,1
96,846,0.2933408512547658,1.0,0.01541798803902277,0.007143250586288005,7,4.3774778923221005,1,1
97,853,0.2828214968970347,1.0,0.01541798803902277,0.007143250586288005,7,4.525617049630116,1,1
98,860,0.2889120784346098,1.0,0.01541798803902277,0.007143250586288005,7,4.470568549461065,1,1
99,867,0.29558320542266925,1.0,0.01541798803902277,0.007143250586288005,7,4.4640810627224425,1,1
100,874,0.29025515851566447,1.0,0.01541798803902277,0.007143250586288005,7,4.716824202013715,1,1
101,881,0.28625866344956885,1.0,0.01541798803902277,0.007143250586288005,7,4.4902737226768155,1,1
102,888,0.28455407917495695,1.0,0.01541798803902277,0.007143250586288005,7,4.537876158235556,1,1
103,895,0.2978051838504982,1.0,0.01541798803902277,0.007143250586288005,7,4.9322601324812885,1,1
104,902,0.29192396296536227,1.0,0.01541798803902277,0.007143250586288005,7,5.100221715698644,1,1
105,909,0.2816540745193014,1.0,0.01541798803902277,0.007143250586288005,7,4.885865335501012,1,1
106,916,0.2691157257482208,1.0,0.01541798803902277,0.007143250586288005,7,5.110055570718729,1,1
107,923,0.2770380131312727,1.0,0.01541798803902277,0.007143250586288005,7,5.11107952972225,1,1
108,930,0.27996796198901913,1.0,0.01541798803902277,0.007143250586288005,7,5.1043536801140155,1,1
109,937,0.272932432288736,1.0,0.01541798803902277,0.007143250586288005,7,5.135230609201436,1,1
110,944,0.26400231319615497,1.0,0.01541798803902277,0.007143250586288005,7,5.2279010998942175,1,1
111,951,0.25238109847334705,1.0,0.01541798803902277,0.007143250586288005,7,5.247215798770562,1,1
112,958,0.2449796810195949,1.0,0.01541798803902277,0.007143250586288005,7,5.568655189806913,1,1
113,965,0.24241211895989886,1.0,0.01541798803902277,0.007143250586288005,7,5.848105786911648,1,1
114,972,0.23562428972571717,1.0,0.01541798803902277,0.007143250586288005,7,5.579728231130615,1,1
115,979,0.22535904961554745,1.0,0.01541798803902277,0.007143250586288005,7,5.7972625540012075,1,1
116,986,0.21717049987918186,1.0,0.01541798803902277,0.007143250586288005,7,5.622824565434587,1,1
117,993,0.22246432997258275,1.0,0.01541798803902277,0.007143250586288005,7,5.33771609948103,1,1
118,1000,0.21915464730631368,1.0,0.01541798803902277,0.007143250586288005,7,5.385483133318138,1,1
119,1007,0.22944048497251687,1.0,0.01541798803902277,0.007143250586288005,7,5.400517065710425,1,1
120,1014,0.23755421626330753,1.0,0.01541798803902277,0.007143250586288005,7,5.76880288990554,1,1
121,1021,0.2506013822168917,1.0,0.01541798803902277,0.007143250586288005,7,6.068033674403883,1,1
122,1028,0.25503450169826836,1.0,0.01541798803902277,0.007143250586288005,7,5.8504670008686235,1,1
123,1035,0.2514652445798336,1.0,0.01541798803902277,0.007143250586288005,7,5.851116200359508,1,1
124,1042,0.24707903448135562,1.0,0.01541798803902277,0.007143250586288005,7,5.979576653876298,1,1
125,1049,0.24461495378311263,1.0,0.01541798803902277,0.007143250586288005,7,6.191624512229049,1,1
126,1056,0.24532354921648147,1.0,0.01541798803902277,0.007143250586288005,7,6.462517014143695,1,1
127,1063,0.23051550562302792,1.0,0.01541798803902277,0.007143250586288005,7,6.278828366300857,1,1
128,1070,0.22640526535110383,1.0,0.01541798803902277,0.007143250586288005,7,6.281575833053038,1,1
129,1077,0.22715604312421997,1.0,0.01541798803902277,0.007143250586288005,7,6.4924885465694535,1,1
130,1084,0.2331973262736772,1.0,0.01541798803902277,0.007143250586288005,7,6.4828749769968095,1,1
131,1091,0.24897121188860022,1.0,0.01541798803902277,0.007143250586288005,7,6.422923867897608,1,1
132,1098,0.2530388560225438,1.0,0.01541798803902277,0.007143250586288005,7,6.728473801402158,1,1
133,1105,0.251425689127232,1.0,0.01541798803902277,0.007143250586288005,7,6.729807900093693,1,1
134,1112,0.24902702257308065,1.0,0.01541798803902277,0.007143250586288005,7,6.7079409779854275,1,1
135,1119,0.24868979970694166,1.0,0.01541798803902277,0.007143250586288005,7,6.735165425211613,1,1
136,1126,0.24880861667143014,1.0,0.01541798803902277,0.007143250586288005,7,6.808181002607184,1,1
137,1133,0.2466334205705558,1.0,0.01541798803902277,0.007143250586288005,7,6.8388780489675325,1,1
138,1140,0.23303557859392296,1.0,0.01541798803902277,0.007143250586288005,7,6.97945033826675,1,1
139,1147,0.22174486736409293,1.0,0.01541798803902277,0.007143250586288005,7,7.259879893825251,1,1
140,1154,0.22182066683675256,1.0,0.01541798803902277,0.007143250586288005,7,7.184259237906755,1,1
141,1161,0.23014866776776963,1.0,0.01541798803902277,0.007143250586288005,7,7.214378883363276,1,1
142,1168,0.2533346737013037,1.0,0.01541798803902277,0.007143250586288005,7,7.421967246506778,1,1
143,1174,0.2647380961572395,1.0,0.01541798803902277,0.007143250586288005,6,7.36736984957919,1,1
144,1180,0.2802261666314333,1.0,0.01541798803902277,0.007143250586288005,6,7.8070692507082775,1,1
145,1186,0.2871517870201279,1.0,0.01541798803902277,0.007143250586288005,6,8.060830285245999,1,1
146,1192,0.2844733099411022,1.0,0.01541798803902277,0.007143250586288005,6,8.451455974644418,1,1
147,1198,0.2736456644862277,1.0,0.01541798803902277,0.007143250586288005,6,8.806054555016953,1,1
148,1204,0.2759110958882475,1.0,0.01541798803902277,0.007143250586288005,6,8.868326836854846,1,1
149,1210,0.27265643401010664,1.0,0.01541798803902277,0.007143250586288005,6,9.117482747796341,1,1
150,1216,0.25992946096850805,1.0,0.01541798803902277,0.007143250586288005,6,9.240002624822433,1,1
151,1222,0.25395974529891896,1.0,0.01541798803902277,0.007143250586288005,6,9.356803029708505,1,1
152,1228,0.2544528405039244,1.0,0.01541798803902277,0.007143250586288005,6,8.977532181563225,1,1
153,1234,0.2590493166826081,1.0,0.01541798803902277,0.007143250586288005,6,9.203166174683124,1,1
154,1240,0.2659491959548218,1.0,0.01541798803902277,0.007143250586288005,6,8.883532524872347,1,1
155,1246,0.2682961433859252,1.0,0.01541798803902277,0.007143250586288005,6,9.064133755259386,1,1
156,1252,0.24613912311275518,1.0,0.01541798803902277,0.007143250586288005,6,8.834839291807384,1,1
157,1258,0.2416577024560382,1.0,0.01541798803902277,0.007143250586288005,6,8.685842456062174,1,1
158,1264,0.24242764512255566,1.0,0.01541798803902277,0.007143250586288005,6,8.584660293779512,1,1
159,1270,0.24159479369299294,1.0,0.01541798803902277,0.007143250586288005,6,8.614066394476714,1,1
160,1276,0.2366518125404857,1.0,0.01541798803902277,0.007143250586288005,6,8.682338335357189,1,1
161,1282,0.22994708000517572,1.0,0.01541798803902277,0.007143250586288005,6,8.853148711510926,1,1
162,1288,0.22163248075729855,1.0,0.01541798803902277,0.007143250586288005,6,9.606082719207372,1,1
163,1294,0.21652874066722227,1.0,0.01541798803902277,0.007143250586288005,6,9.72300112866617,1,1
164,1300,0.22240237856246275,1.0,0.01541798803902277,0.007143250586288005,6,10.633895332553967,1,1
165,1306,0.21642313824867995,1.0,0.01541798803902277,0.007143250586288005,6,10.531897197057845,1,1
166,1312,0.21342862092468834,1.0,0.01541798803902277,0.007143250586288005,6,11.444015247180678,1,1
167,1318,0.20016583314233352,1.0,0.01541798803902277,0.007143250586288005,6,11.663839308335708,1,1
168,1324,0.20219376311868115,1.0,0.01541798803902277,0.007143250586288005,6,11.518033454118525,1,1
169,1330,0.20200641227047095,1.0,0.01541798803902277,0.007143250586288005,6,11.704512600216411,1,1
170,1336,0.20354287069992896,1.0,0.01541798803902277,0.007143250586288005,6,11.694345346355083,1,1
171,1342,0.2056257605240472,1.0,0.01541798803902277,0.007143250586288005,6,12.227136523658565,1,1
172,1348,0.19920765371720547,1.0,0.01541798803902277,0.007143250586288005,6,12.090388382733012,1,1
173,1354,0.19215151516690304,1.0,0.01541798803902277,0.007143250586288005,6,12.610167555984049,1,1
174,1360,0.18382817422095882,1.0,0.01541798803902277,0.007143250586288005,6,12.037284205646081,1,1
175,1366,0.17967134179088048,1.0,0.01541798803902277,0.007143250586288005,6,11.991751686504351,1,1
176,1372,0.17655114815900552,1.0,0.01541798803902277,0.007143250586288005,6,11.79255872314873,1,1
177,1378,0.16183757182344408,1.0,0.01541798803902277,0.007143250586288005,6,11.82864507467842,1,1
178,1384,0.15341251507676068,1.0,0.01541798803902277,0.007143250586288005,6,11.945382733422814,1,1
179,1390,0.14692940308085206,1.0,0.01541798803902277,0.007143250586288005,6,12.427903026899203,1,1
180,1396,0.1370415337300051,1.0,0.01541798803902277,0.007143250586288005,6,12.646979142869036,1,1
181,1402,0.12390675549838391,1.0,0.01541798803902277,0.007143250586288005,6,13.100789778230153,1,1
182,1408,0.11245719170002628,1.0,0.01541798803902277,0.007143250586288005,6,13.290556444725324,1,1
183,1414,0.10724193292759716,1.0,0.01541798803902277,0.007143250586288005,6,13.240628620551062,1,1
184,1420,0.10098002844344083,1.0,0.01541798803902277,0.007143250586288005,6,13.370439657098244,1,1
185,1426,0.09913826166690261,1.0,0.01541798803902277,0.007143250586288005,6,13.132953302493993,1,1
186,1432,0.09837904513061381,1.0,0.01541798803902277,0.007143250586288005,6,13.087057783458041,1,1
187,1438,0.09944932538998412,1.0,0.01541798803902277,0.007143250586288005,6,14.108184854527842,1,1
188,1444,0.10541509965035574,1.0,0.01541798803902277,0.007143250586288005,6,14.27488725436301,1,1
189,1450,0.11259829042359745,1.0,0.01541798803902277,0.007143250586288005,6,14.144718048522106,1,1
190,1456,0.11516429734936298,1.0,0.01541798803902277,0.007143250586288005,6,14.536965774895062,1,1
191,1462,0.1255908081133778,1.0,0.01541798803902277,0.007143250586288005,6,15.74544364870454,1,1
192,1468,0.1342131292383062,1.0,0.01541798803902277,0.007143250586288005,6,15.944320031199736,1,1
193,1474,0.1360105002457339,1.0,0.01541798803902277,0.007143250586288005,6,16.011534748932956,1,1
194,1480,0.13000377555582238,1.0,0.01541798803902277,0.007143250586288005,6,16.34622258489377,1,1
195,1486,0.12833575803191863,1.0,0.01541798803902277,0.007143250586288005,6,19.784327303203092,1,1
196,1492,0.12732668074644496,1.0,0.01541798803902277,0.007143250586288005,6,20.04842572445608,1,1
197,1498,0.12267251408642037,1.0,0.01541798803902277,0.007143250586288005,6,20.13751354490623,1,1
198,1504,0.12028495373889211,1.0,0.01541798803902277,0.007143250586288005,6,20.529713361809648,1,1
199,1509,0.11262053896913515,1.0,0.015485894338048995,0.0019912029254017106,5,19.985468273750605,1,1
200,1514,0.10934496724955657,1.0,0.015485894338048995,0.0019912029254017106,5,20.681312497067218,1,1
201,1519,0.10053044729851343,1.0,0.015485894338048995,0.0019912029254017106,5,21.13563430037856,1,1
202,1524,0.09270893689036691,1.0,0.015485894338048995,0.0019912029254017106,5,21.03569079343613,1,1
203,1529,0.0894377839831749,1.0,0.015485894338048995,0.0019912029254017106,5,21.3934268189334,1,1
204,1534,0.08865115842756832,1.0,0.015485894338048995,0.0019912029254017106,5,22.753761668729595,1,1
205,1539,0.08727769588398408,1.0,0.015485894338048995,0.0019912029254017106,5,23.108496895706107,1,1
206,1544,0.08564832371447303,1.0,0.015485894338048995,0.0019912029254017106,5,25.399525624776153,1,1
207,1549,0.08546591380107046,1.0,0.015485894338048995,0.0019912029254017106,5,25.975905273070484,1,1
208,1554,0.08156139374555058,1.0,0.015485894338048995,0.0019912029254017106,5,26.701936940644565,1,1
209,1559,0.07787050536820712,1.0,0.015485894338048995,0.0019912029254017106,5,26.371327483372585,1,1
210,1564,0.07236373861248287,1.0,0.015485894338048995,0.0019912029254017106,5,25.902991894900794,1,1
211,1569,0.06765536820048744,1.0,0.015485894338048995,0.0019912029254017106,5,25.594169760437584,1,1
212,1574,0.0627566797427233,1.0,0.015485894338048995,0.0019912029254017106,5,26.34300794832763,1,1
213,1579,0.059707382334920935,1.0,0.015485894338048995,0.0019912029254017106,5,27.411718441272228,1,1
214,1584,0.058044293056353904,1.0,0.015485894338048995,0.0019912029254017106,5,26.994800405187398,1,1
215,1589,0.057755691096491736,1.0,0.015485894338048995,0.0019912029254017106,5,26.611147806519664,1,1
216,1594,0.056654264535182436,1.0,0.015485894338048995,0.0019912029254017106,5,27.305770590409878,1,1
217,1599,0.05749955261874434,1.0,0.015485894338048995,0.0019912029254017106,5,26.20989171686129,1,1
218,1604,0.057105458593459266,1.0,0.015485894338048995,0.0019912029254017106,5,26.74952075873795,1,1
219,1609,0.05592633911360432,1.0,0.015485894338048995,0.0019912029254017106,5,27.88405886975104,1,1
220,1614,0.05511140588169604,1.0,0.015485894338048995,0.0019912029254017106,5,29.35210184575118,1,1
221,1619,0.055303455888148806,1.0,0.015485894338048995,0.0019912029254017106,5,29.276695680696662,1,1
222,1624,0.05685695227953724,1.0,0.015485894338048995,0.0019912029254017106,5,30.201168523239918,1,1
223,1629,0.05828523586062801,1.0,0.015485894338048995,0.0019912029254017106,5,31.069370138758227,1,1
224,1634,0.05798462755537766,1.0,0.015485894338048995,0.0019912029254017106,5,31.82632104381402,1,1
225,1639,0.05889596578352662,1.0,0.015485894338048995,0.0019912029254017106,5,30.40981950101275,1,1
226,1644,0.05714950988665633,1.0,0.015485894338048995,0.0019912029254017106,5,31.248688577180562,1,1
227,1649,0.05661007708179158,1.0,0.015485894338048995,0.0019912029254017106,5,29.3928463520665,1,1
228,1654,0.058565060542009516,1.0,0.015485894338048995,0.0019912029254017106,5,29.64313379658112,1,1
229,1659,0.06206278666870032,1.0,0.015485894338048995,0.0019912029254017106,5,29.455835286245097,1,1
230,1664,0.06338882622349269,1.0,0.015485894338048995,0.0019912029254017106,5,30.718797360097653,1,1
231,1669,0.06340355622895837,1.0,0.015485894338048995,0.0019912029254017106,5,30.982855262215786,1,1
232,1674,0.06480927536311727,1.0,0.015485894338048995,0.0019912029254017106,5,31.143487189165445,1,1
233,1679,0.06617317820843403,1.0,0.015485894338048995,0.0019912029254017106,5,30.335095076262952,1,1
234,1684,0.0660936951184665,1.0,0.015485894338048995,0.0019912029254017106,5,30.984028872779415,1,1
235,1689,0.06637145668528877,1.0,0.015485894338048995,0.0019912029254017106,5,34.9575190492041,1,1
236,1694,0.0644591601952884,1.0,0.015485894338048995,0.0019912029254017106,5,36.46624462639544,1,1
237,1699,0.06367046567866846,1.0,0.015485894338048995,0.0019912029254017106,5,35.2292632929226,1,1
238,1704,0.06022096526051505,1.0,0.015485894338048995,0.0019912029254017106,5,35.5743798415859,1,1
239,1709,0.05870672759070992,1.0,0.015485894338048995,0.0019912029254017106,5,36.03397241535555,1,1
240,1714,0.05695073495944579,1.0,0.015485894338048995,0.0019912029254017106,5,38.45445002360485,1,1
241,1719,0.055397168580194694,1.0,0.015485894338048995,0.0019912029254017106,5,37.13393336895235,1,1
242,1724,0.054569587290172285,1.0,0.015485894338048995,0.0019912029254017106,5,37.54503776080114,1,1
243,1729,0.05375645120186345,1.0,0.015485894338048995,0.0019912029254017106,5,37.545577726022124,1,1
244,1734,0.054991275400381616,1.0,0.015485894338048995,0.0019912029254017106,5,37.75581009164527,1,1
245,1739,0.060750725426069636,1.0,0.015485894338048995,0.0019912029254017106,5,39.28076045043003,1,1
246,1744,0.06800666382824362,1.0,0.015485894338048995,0.0019912029254017106,5,38.8298437566489,1,1
247,1749,0.07450368191415012,1.0,0.015485894338048995,0.0019912029254017106,5,39.04421258239516,1,1
248,1754,0.07731810104391862,1.0,0.015485894338048995,0.0019912029254017106,5,38.91816679341582,1,1
249,1759,0.07703312765248427,1.0,0.015485894338048995,0.0019912029254017106,5,39.44118684382027,1,1
250,1764,0.07731470202513034,1.0,0.015485894338048995,0.0019912029254017106,5,40.108408049825115,1,1
251,1769,0.07555924865357555,1.0,0.015485894338048995,0.0019912029254017106,5,39.630520434955166,1,1
252,1774,0.07581724957489672,1.0,0.015485894338048995,0.0019912029254017106,5,40.05523475682608,1,1
253,1779,0.07237336979345332,1.0,0.015485894338048995,0.0019912029254017106,5,41.280221145784914,1,1
254,1784,0.07074068033487128,1.0,0.015485894338048995,0.0019912029254017106,5,42.71039407873038,1,1
255,1789,0.0687999556797865,1.0,0.015485894338048995,0.0019912029254017106,5,40.92082110923787,1,1
256,1794,0.07053501179512407,1.0,0.015485894338048995,0.0019912029254017106,5,40.474249363857304,1,1
257,1799,0.07410269449781957,1.0,0.015485894338048995,0.0019912029254017106,5,40.42764030084202,1,1
258,1804,0.07860630634607828,1.0,0.015485894338048995,0.0019912029254017106,5,38.62773805382504,1,1
259,1809,0.08286558586831344,1.0,0.015485894338048995,0.0019912029254017106,5,42.972961616410714,1,1
260,1814,0.08536764528638444,1.0,0.015485894338048995,0.0019912029254017106,5,41.60485764355337,1,1
261,1819,0.08803799733782897,1.0,0.015485894338048995,0.0019912029254017106,5,40.68628649500625,1,1
262,1824,0.09095478201865949,1.0,0.015485894338048995,0.0019912029254017106,5,40.43889086018505,1,1
263,1829,0.09399546711293781,1.0,0.015485894338048995,0.0019912029254017106,5,41.10613989984977,1,1
264,1834,0.0913018981188252,1.0,0.015485894338048995,0.0019912029254017106,5,42.225042852936944,1,1
265,1838,0.091070316347117,1.0,0.015485894338048995,0.0019912029254017106,4,40.72388180590262,1,1
266,1842,0.08664262557231546,1.0,0.015485894338048995,0.0019912029254017106,4,43.09296338944201,1,1
267,1846,0.0830871003541043,1.0,0.015485894338048995,0.0019912029254017106,4,43.31468282150253,1,1
268,1850,0.08221864029302563,1.0,0.015485894338048995,0.0019912029254017106,4,40.81358438374627,1,1
269,1854,0.07849400941715345,1.0,0.015485894338048995,0.0019912029254017106,4,41.31116151043241,1,1
270,1858,0.07682174821765049,1.0,0.015485894338048995,0.0019912029254017106,4,42.137200118660914,1,1
271,1862,0.07395092154171988,1.0,0.015485894338048995,0.0019912029254017106,4,40.42065387121704,1,1
272,1866,0.07171470611712598,1.0,0.015485894338048995,0.0019912029254017106,4,42.38021964943914,1,1
273,1870,0.07208039981003235,1.0,0.015485894338048995,0.0019912029254017106,4,45.745969167574756,1,1
274,1874,0.07211784860513967,1.0,0.015485894338048995,0.0019912029254017106,4,46.66711112068803,1,1
275,1878,0.07406981483042799,1.0,0.015485894338048995,0.0019912029254017106,4,45.94792146914094,1,1
276,1882,0.07819372490409426,1.0,0.015485894338048995,0.0019912029254017106,4,45.31618903629035,1,1
277,1886,0.08275696722992348,1.0,0.015485894338048995,0.0019912029254017106,4,44.37398455590366,1,1
278,1890,0.08399956256170267,0.0,0.015485894338048995,0.0019912029254017106,4,45.98317765462361,1,1
279,1894,0.08175459150506818,1.0,0.015485894338048995,0.0019912029254017106,4,44.95993221695225,1,1
280,1898,0.08204183721032077,1.0,0.015485894338048995,0.0019912029254017106,4,45.29402411800318,1,1
281,1902,0.07832824543653459,1.0,0.015485894338048995,0.0019912029254017106,4,43.56696620099432,1,1
282,1906,0.07898480196375043,1.0,0.015485894338048995,0.0019912029254017106,4,43.56603534596492,1,1
283,1910,0.07632031539110731,1.0,0.015485894338048995,0.0019912029254017106,4,41.71895324201438,1,1
284,1914,0.07341913530311064,1.0,0.015485894338048995,0.0019912029254017106,4,40.00883914874977,1,1
285,1918,0.0764463962103484,1.0,0.015485894338048995,0.0019912029254017106,4,39.58410595027399,1,1
286,1922,0.07834714599971673,1.0,0.015485894338048995,0.0019912029254017106,4,39.67542988397307,1,1
287,1926,0.07983342984344274,1.0,0.015485894338048995,0.0019912029254017106,4,40.21526383346498,1,1
288,1930,0.08027245023117498,1.0,0.015485894338048995,0.0019912029254017106,4,40.08325768814104,1,1
289,1934,0.0810031835722435,1.0,0.015485894338048995,0.0019912029254017106,4,40.50503907371658,1,1
290,1938,0.08194780767897719,1.0,0.015485894338048995,0.0019912029254017106,4,39.84803110051788,1,1
291,1942,0.08238649247287745,1.0,0.015485894338048995,0.0019912029254017106,4,41.000494274222284,1,1
292,1946,0.0795116334578287,1.0,0.015485894338048995,0.0019912029254017106,4,40.36228617700088,1,1
293,1950,0.07743125952455795,1.0,0.015485894338048995,0.0019912029254017106,4,40.03959721681436,1,1
294,1954,0.07373151973610022,1.0,0.015485894338048995,0.0019912029254017106,4,39.618833635048674,1,1
295,1958,0.07349149612846419,1.0,0.015485894338048995,0.0019912029254017106,4,40.46135188988512,1,1
296,1962,0.07240167989327889,1.0,0.015485894338048995,0.0019912029254017106,4,40.12448588875655,1,1
297,1966,0.07716512856242941,1.0,0.015485894338048995,0.0019912029254017106,4,39.61741637239386,1,1
298,1970,0.07874096391909,1.0,0.015485894338048995,0.0019912029254017106,4,40.3605658391339,1,1
299,1974,0.08049023785741469,1.0,0.015485894338048995,0.0019912029254017106,4,40.372392271862566,1,1
300,1978,0.07854490682761729,1.0,0.015485894338048995,0.0019912029254017106,4,39.530735102906085,1,1
301,1982,0.07751617215581552,1.0,0.015485894338048995,0.0019912029254017106,4,38.24726420264915,1,1
302,1986,0.07279484660076259,1.0,0.015485894338048995,0.0019912029254017106,4,38.4329362050893,1,1
303,1990,0.07227965279460542,1.0,0.015485894338048995,0.0019912029254017106,4,37.874514550395354,1,1
304,1994,0.0765085809233492,1.0,0.015485894338048995,0.0019912029254017106,4,38.8112961549357,1,1
305,1998,0.08509096849070721,1.0,0.015485894338048995,0.0019912029254017106,4,38.325361514961095,1,1
306,2002,0.09663067114541968,1.0,0.015485894338048995,0.0019912029254017106,4,40.828535368295924,1,1
0,10,1.7825458265009348,0.6,0.015283824524751714,0.02015428276120837,10,1.1616504530911786,2,1
1,20,1.765207075709212,1.0,0.015283824524751714,0.02015428276120837,10,1.2650133332136329,2,1
2,30,1.6250805215921293,1.0,0.015283824524751714,0.02015428276120837,10,1.289657668698786,2,1
3,40,1.5571097237380627,1.0,0.015283824524751714,0.02015428276120837,10,1.3454375545931676,2,1
4,50,1.6207098647486227,1.0,0.015283824524751714,0.02015428276120837,10,1.3450639873041415,2,1
5,60,1.569971814707608,1.0,0.015283824524751714,0.02015428276120837,10,1.3791573041890703,2,1
6,70,1.6434495149526867,1.0,0.015283824524751714,0.02015428276120837,10,1.4476600840312133,2,1
7,80,1.6932698667687966,1.0,0.015283824524751714,0.02015428276120837,10,1.4996258797328241,2,1
8,90,1.6940854456642105,1.0,0.015283824524751714,0.02015428276120837,10,1.5529113261725722,2,1
9,100,1.7255546862712154,1.0,0.015283824524751714,0.02015428276120837,10,1.5653061902972953,2,1
10,110,1.768047485547677,1.0,0.015283824524751714,0.02015428276120837,10,1.6103929782030082,2,1
11,120,1.783198812795296,1.0,0.015283824524751714,0.02015428276120837,10,1.6377325888833218,2,1
12,130,1.7225926092677326,1.0,0.015283824524751714,0.02015428276120837,10,1.7229486807796914,2,1
13,140,1.561654218687444,1.0,0.015283824524751714,0.02015428276120837,10,1.806973625798341,2,1
14,150,1.4725257169316943,1.0,0.015283824524751714,0.02015428276120837,10,1.811478104314468,2,1
15,160,1.4093374147382571,1.0,0.015283824524751714,0.02015428276120837,10,1.8286277265335014,2,1
16,170,1.3045532814637724,1.0,0.015283824524751714,0.02015428276120837,10,1.8718381096768775,2,1
17,180,1.258313732757433,1.0,0.015283824524751714,0.02015428276120837,10,1.8900548469112894,2,1
18,190,1.2633613420499774,1.0,0.015283824524751714,0.02015428276120837,10,1.9712447247737284,2,1
19,200,1.1688666196628623,1.0,0.015283824524751714,0.02015428276120837,10,1.991551023379332,2,1
20,210,1.0758515175866439,1.0,0.015283824524751714,0.02015428276120837,10,2.053363115282705,2,1
21,220,0.996428109716956,1.0,0.015283824524751714,0.02015428276120837,10,2.1326364704223217,2,1
22,230,0.9419117274979374,1.0,0.015283824524751714,0.02015428276120837,10,2.116437043377825,2,1
23,240,0.8492768513933286,1.0,0.015283824524751714,0.02015428276120837,10,2.1052505696092627,2,1
24,250,0.7934507065588536,1.0,0.015283824524751714,0.02015428276120837,10,2.148785309926717,2,1
25,260,0.7363859251345155,1.0,0.015283824524751714,0.02015428276120837,10,2.2522038955606214,2,1
26,269,0.7036774068223852,1.0,0.015350351177806146,0.0134347415789843,9,2.3660311375908,2,1
27,278,0.7163370385966565,1.0,0.015350351177806146,0.0134347415789843,9,2.3017381882365133,2,1
28,287,0.6944103029641839,1.0,0.015350351177806146,0.0134347415789843,9,2.2623937195234225,2,1
29,296,0.7048789214042639,1.0,0.015350351177806146,0.0134347415789843,9,2.231367422404323,2,1
30,305,0.7129434830189851,1.0,0.015350351177806146,0.0134347415789843,9,2.232010869518196,2,1
31,314,0.7110636183090526,1.0,0.015350351177806146,0.0134347415789843,9,2.3756644837322116,2,1
32,323,0.7288298052215004,1.0,0.015350351177806146,0.0134347415789843,9,2.321347259225098,2,1
33,332,0.6976434874065172,1.0,0.015350351177806146,0.0134347415789843,9,2.253958804249289,2,1
34,341,0.6958778050562507,1.0,0.015350351177806146,0.0134347415789843,9,2.2036279707113064,2,1
35,350,0.7145475155345283,1.0,0.015350351177806146,0.0134347415789843,9,2.1166120017804584,2,1
36,359,0.72250540923279,1.0,0.015350351177806146,0.0134347415789843,9,2.1086229607103353,2,1
37,368,0.7036181082034701,1.0,0.015350351177806146,0.0134347415789843,9,2.107151492360375,2,1
38,377,0.6891700322567607,1.0,0.015350351177806146,0.0134347415789843,9,2.1269945852831116,2,1
39,386,0.7047641603893648,1.0,0.015350351177806146,0.0134347415789843,9,2.163234356916878,2,1
40,395,0.721352611439813,1.0,0.015350351177806146,0.0134347415789843,9,2.207041099878901,2,1
41,404,0.7314704288384903,1.0,0.015350351177806146,0.0134347415789843,9,2.2496773412251736,2,1
42,413,0.7461056508012985,1.0,0.015350351177806146,0.0134347415789843,9,2.2186442481373665,2,1
43,422,0.7407472596014467,0.8888888888888888,0.015350351177806146,0.0134347415789843,9,2.21597754824529,2,1
44,431,0.7252058356875134,1.0,0.015350351177806146,0.0134347415789843,9,2.25986659475813,2,1
45,440,0.7209800044355144,1.0,0.015350351177806146,0.0134347415789843,9,2.226071309503164,2,1
46,449,0.7020143728555427,1.0,0.015350351177806146,0.0134347415789843,9,2.3054030691120686,2,1
47,458,0.7166890687650859,1.0,0.015350351177806146,0.0134347415789843,9,2.359812720707253,2,1
48,467,0.6959981762654288,1.0,0.015350351177806146,0.0134347415789843,9,2.3701289240718975,2,1
49,476,0.6779645557606108,1.0,0.015350351177806146,0.0134347415789843,9,2.3782831846793924,2,1
50,485,0.6810788271092496,1.0,0.015350351177806146,0.0134347415789843,9,2.5091936109269466,2,1
51,494,0.6431997975704956,1.0,0.015350351177806146,0.0134347415789843,9,2.4165064068293267,2,1
52,503,0.6386884296644462,1.0,0.015350351177806146,0.0134347415789843,9,2.409394822498341,2,1
53,512,0.6410172519003267,1.0,0.015350351177806146,0.0134347415789843,9,2.370500590487489,2,1
54,521,0.6595996649021061,1.0,0.015350351177806146,0.0134347415789843,9,2.3854935911967443,2,1
55,530,0.6592134225183571,1.0,0.015350351177806146,0.0134347415789843,9,2.4092034930131883,2,1
56,539,0.6686966903142608,1.0,0.015350351177806146,0.0134347415789843,9,2.4037279932826867,2,1
57,548,0.666434416241341,1.0,0.015350351177806146,0.0134347415789843,9,2.502715593480441,2,1
58,557,0.6108440640532524,1.0,0.015350351177806146,0.0134347415789843,9,2.546705419345296,2,1
59,566,0.5811892281519019,1.0,0.015350351177806146,0.0134347415789843,9,2.4859444801761112,2,1
60,575,0.5846821134415003,1.0,0.015350351177806146,0.0134347415789843,9,2.4624141114881164,2,1
61,584,0.6176501143922937,1.0,0.015350351177806146,0.0134347415789843,9,2.4744540538951787,2,1
62,593,0.6586901279435182,1.0,0.015350351177806146,0.0134347415789843,9,2.3948637171375564,2,1
63,602,0.6885597345881317,1.0,0.015350351177806146,0.0134347415789843,9,2.400043516924848,2,1
64,611,0.7256360515967064,1.0,0.015350351177806146,0.0134347415789843,9,2.577125449101683,2,1
65,620,0.8062877309382831,1.0,0.015350351177806146,0.0134347415789843,9,2.6271865973177184,2,1
66,629,0.859829245567939,1.0,0.015350351177806146,0.0134347415789843,9,2.541757266140142,2,1
67,638,0.8383202942367671,1.0,0.015350351177806146,0.0134347415789843,9,2.521515673533756,2,1
68,647,0.7937120273483068,1.0,0.015350351177806146,0.0134347415789843,9,2.6217829837025692,2,1
69,656,0.7642253798046703,1.0,0.015350351177806146,0.0134347415789843,9,2.4802591176604327,2,1
70,665,0.7552922877386739,1.0,0.015350351177806146,0.0134347415789843,9,2.6258059743721893,2,1
71,674,0.7906950719600003,1.0,0.015350351177806146,0.0134347415789843,9,2.6959556378626606,2,1
72,683,0.7740166257556005,1.0,0.015350351177806146,0.0134347415789843,9,2.6714168799934654,2,1
73,692,0.7512262337442197,1.0,0.015350351177806146,0.0134347415789843,9,2.6631375444073617,2,1
74,701,0.6879298995198456,1.0,0.015350351177806146,0.0134347415789843,9,2.7864080385943626,2,1
75,710,0.7184377514343602,1.0,0.015350351177806146,0.0134347415789843,9,2.6433165006494246,2,1
76,719,0.7549197350806087,1.0,0.015350351177806146,0.0134347415789843,9,2.784179621316007,2,1
77,728,0.695840292197971,1.0,0.015350351177806146,0.0134347415789843,9,2.8125832642661592,2,1
78,737,0.6652352474341917,1.0,0.015350351177806146,0.0134347415789843,9,2.788105134491888,2,1
79,746,0.6553570410215916,1.0,0.015350351177806146,0.0134347415789843,9,2.792610547089108,2,1
80,755,0.6367913833959815,1.0,0.015350351177806146,0.0134347415789843,9,2.8000229130719916,2,1
81,763,0.6502349945642294,1.0,0.015350351177806146,0.0134347415789843,8,2.860784597315016,2,1
82,771,0.6238006531343414,1.0,0.015350351177806146,0.0134347415789843,8,2.928280307255312,2,1
83,779,0.6578010849211344,1.0,0.015350351177806146,0.0134347415789843,8,2.8916238649421877,2,1
84,787,0.663156514162406,1.0,0.015350351177806146,0.0134347415789843,8,3.0714636970599054,2,1
85,795,0.6365153818891602,1.0,0.015350351177806146,0.0134347415789843,8,3.0470813543365125,2,1
86,803,0.6173592443530053,1.0,0.015350351177806146,0.0134347415789843,8,3.0222678324213277,2,1
87,811,0.591661409360354,1.0,0.015350351177806146,0.0134347415789843,8,3.0359034488843797,2,1
88,819,0.5866347438109974,1.0,0.015350351177806146,0.0134347415789843,8,3.1061302263745376,2,1
89,827,0.6061323518411189,1.0,0.015350351177806146,0.0134347415789843,8,3.185161495263615,2,1
90,835,0.6155183148633239,1.0,0.015350351177806146,0.0134347415789843,8,3.2256294713737113,2,1
91,843,0.6152108249239943,1.0,0.015350351177806146,0.0134347415789843,8,3.1886790124683486,2,1
92,851,0.6557187751162943,1.0,0.015350351177806146,0.0134347415789843,8,3.1618247855672537,2,1
93,859,0.6519205313717286,1.0,0.015350351177806146,0.0134347415789843,8,3.1882824344121725,2,1
94,867,0.6322349606025155,1.0,0.015350351177806146,0.0134347415789843,8,3.2650828047526357,2,1
95,875,0.6005438517267014,1.0,0.015350351177806146,0.0134347415789843,8,3.206503963457676,2,1
96,883,0.5701254072744445,1.0,0.015350351177806146,0.0134347415789843,8,3.6215142395882745,2,1
97,891,0.5720003110912144,1.0,0.015350351177806146,0.0134347415789843,8,3.755412094003082,2,1
98,899,0.564356915697628,1.0,0.015350351177806146,0.0134347415789843,8,3.911985676244962,2,1
99,907,0.5593111702414585,1.0,0.015350351177806146,0.0134347415789843,8,3.92146242790683,2,1
100,915,0.5715552459967904,1.0,0.015350351177806146,0.0134347415789843,8,4.2236128429805415,2,1
101,923,0.6055312681913887,1.0,0.015350351177806146,0.0134347415789843,8,4.248171734876542,2,1
102,931,0.6228803392687885,1.0,0.015350351177806146,0.0134347415789843,8,4.359895398959984,2,1
103,939,0.6668632060349139,1.0,0.015350351177806146,0.0134347415789843,8,4.4497495110177665,2,1
104,947,0.66720617723588,1.0,0.015350351177806146,0.0134347415789843,8,4.269670457392727,2,1
105,955,0.6564906782870252,1.0,0.015350351177806146,0.0134347415789843,8,4.265656924026819,2,1
106,963,0.6652171854615998,1.0,0.015350351177806146,0.0134347415789843,8,4.12090801990441,2,1
107,971,0.6623358930966295,1.0,0.015350351177806146,0.0134347415789843,8,4.280103492522404,2,1
108,979,0.646103475624082,1.0,0.015350351177806146,0.0134347415789843,8,4.194929180763612,2,1
109,987,0.6246067669152279,1.0,0.015350351177806146,0.0134347415789843,8,4.519348465907266,2,1
110,995,0.6321225273572503,1.0,0.015350351177806146,0.0134347415789843,8,4.361533173191046,2,1
111,1003,0.642057688207332,1.0,0.015350351177806146,0.0134347415789843,8,4.070063244715297,2,1
112,1011,0.6490256952166278,1.0,0.015350351177806146,0.0134347415789843,8,4.378706618470076,2,1
113,1019,0.6465039571713739,1.0,0.015350351177806146,0.0134347415789843,8,4.3868754902088565,2,1
114,1027,0.6610671262837658,1.0,0.015350351177806146,0.0134347415789843,8,4.617211077172149,2,1
115,1035,0.6540937041784721,1.0,0.015350351177806146,0.0134347415789843,8,4.7790245927069,2,1
116,1043,0.6509115816689702,1.0,0.015350351177806146,0.0134347415789843,8,4.783192455913727,2,1
117,1051,0.636211391978216,1.0,0.015350351177806146,0.0134347415789843,8,4.821862477391628,2,1
118,1059,0.6185271210153567,1.0,0.015350351177806146,0.0134347415789843,8,5.008930413032096,2,1
119,1067,0.6353390850842607,1.0,0.015350351177806146,0.0134347415789843,8,4.918967929734829,2,1
120,1075,0.6186669709540686,1.0,0.015350351177806146,0.0134347415789843,8,4.902087375480615,2,1
121,1083,0.5806230659852707,1.0,0.015350351177806146,0.0134347415789843,8,4.901399757220509,2,1
122,1091,0.5286304564578541,1.0,0.015350351177806146,0.0134347415789843,8,4.969500558426107,2,1
123,1099,0.5155234486198775,1.0,0.015350351177806146,0.0134347415789843,8,5.098288429646082,2,1
124,1107,0.5397324523131446,1.0,0.015350351177806146,0.0134347415789843,8,5.043376199575411,2,1
125,1115,0.5397825313470348,1.0,0.015350351177806146,0.0134347415789843,8,5.040130682957013,2,1
126,1123,0.4975238835323517,1.0,0.015350351177806146,0.0134347415789843,8,5.50432903059274,2,1
127,1131,0.4933008516771736,1.0,0.015350351177806146,0.0134347415789843,8,5.567301322768171,2,1
128,1139,0.4808548839578399,1.0,0.015350351177806146,0.0134347415789843,8,5.378423163891615,2,1
129,1147,0.46015552714084107,1.0,0.015350351177806146,0.0134347415789843,8,5.468826123995026,2,1
130,1155,0.46523650487462587,1.0,0.015350351177806146,0.0134347415789843,8,5.6391290772930756,2,1
131,1163,0.4356338636282005,1.0,0.015350351177806146,0.0134347415789843,8,5.4021925117487894,2,1
132,1171,0.4108895624304851,1.0,0.015350351177806146,0.0134347415789843,8,5.366016466280795,2,1
133,1179,0.38842778378292864,1.0,0.015350351177806146,0.0134347415789843,8,5.47620346404645,2,1
134,1187,0.36922411966577534,1.0,0.015350351177806146,0.0134347415789843,8,5.331751120293977,2,1
135,1195,0.36813525589214047,1.0,0.015350351177806146,0.0134347415789843,8,5.675956477941779,2,1
136,1203,0.3641568430853801,1.0,0.015350351177806146,0.0134347415789843,8,6.0491792589831075,2,1
137,1211,0.3432356365405485,1.0,0.015350351177806146,0.0134347415789843,8,6.206631056508802,2,1
138,1219,0.31419866626932774,1.0,0.015350351177806146,0.0134347415789843,8,6.1490902682356126,2,1
139,1227,0.29294958751458916,1.0,0.015350351177806146,0.0134347415789843,8,6.1453255470842745,2,1
140,1235,0.2693391992724368,1.0,0.015350351177806146,0.0134347415789843,8,5.868241212004142,2,1
141,1243,0.2463018834363573,1.0,0.015350351177806146,0.0134347415789843,8,5.72449390549142,2,1
142,1251,0.24451078423525213,1.0,0.015350351177806146,0.0134347415789843,8,5.677076035585046,2,1
143,1258,0.24805564897854232,1.0,0.01541798803902277,0.007143250586288005,7,5.583094543458043,2,1
144,1265,0.25601414791525157,1.0,0.01541798803902277,0.007143250586288005,7,5.5136551656178305,2,1
145,1272,0.2512853968557112,1.0,0.01541798803902277,0.007143250586288005,7,5.684651433969878,2,1
146,1279,0.23793479838252904,1.0,0.01541798803902277,0.007143250586288005,7,5.722478429302351,2,1
147,1286,0.24518032987861357,1.0,0.01541798803902277,0.007143250586288005,7,5.5293394694768025,2,1
148,1293,0.2583449727937364,1.0,0.01541798803902277,0.007143250586288005,7,5.424548865132291,2,1
149,1300,0.2691388591515603,1.0,0.01541798803902277,0.007143250586288005,7,5.398012390154947,2,1
150,1307,0.27802571685814353,1.0,0.01541798803902277,0.007143250586288005,7,5.554065301698507,2,1
151,1314,0.27529747834216234,1.0,0.01541798803902277,0.007143250586288005,7,5.55740360005894,2,1
152,1321,0.2638868363780376,1.0,0.01541798803902277,0.007143250586288005,7,5.74520873538578,2,1
153,1328,0.25282587998559936,1.0,0.01541798803902277,0.007143250586288005,7,5.761849574140123,2,1
154,1335,0.2497365572650597,1.0,0.01541798803902277,0.007143250586288005,7,6.070583835768744,2,1
155,1342,0.25953405538270113,1.0,0.01541798803902277,0.007143250586288005,7,6.4833982962784065,2,1
156,1349,0.2680318998019545,1.0,0.01541798803902277,0.007143250586288005,7,6.597940959829436,2,1
157,1356,0.26989559627225784,1.0,0.01541798803902277,0.007143250586288005,7,6.592223956005582,2,1
158,1363,0.27780644700814466,1.0,0.01541798803902277,0.007143250586288005,7,6.4696027625620705,2,1
159,1370,0.27718142952832886,1.0,0.01541798803902277,0.007143250586288005,7,6.332611323742991,2,1
160,1377,0.26843484883785323,1.0,0.01541798803902277,0.007143250586288005,7,6.3232832631625735,2,1
161,1384,0.2549269544218207,1.0,0.01541798803902277,0.007143250586288005,7,6.4105140577773785,2,1
162,1391,0.24197553139884892,1.0,0.01541798803902277,0.007143250586288005,7,6.897196142927564,2,1
163,1398,0.23774271033272792,1.0,0.01541798803902277,0.007143250586288005,7,6.8421691783863885,2,1
164,1405,0.23801191191040008,1.0,0.01541798803902277,0.007143250586288005,7,6.977710789509953,2,1
165,1412,0.23937980849508145,1.0,0.01541798803902277,0.007143250586288005,7,6.835558719529947,2,1
166,1419,0.2518938694147668,1.0,0.01541798803902277,0.007143250586288005,7,7.08416307653423,2,1
167,1426,0.25132930717304464,1.0,0.01541798803902277,0.007143250586288005,7,7.389902062204972,2,1
168,1433,0.24826152911585153,1.0,0.01541798803902277,0.007143250586288005,7,7.291986368751285,2,1
169,1440,0.23975313518402366,1.0,0.01541798803902277,0.007143250586288005,7,7.385353167940792,2,1
170,1447,0.23196469314594367,1.0,0.01541798803902277,0.007143250586288005,7,7.398979984670297,2,1
171,1454,0.24135351483394593,1.0,0.01541798803902277,0.007143250586288005,7,7.711284708873243,2,1
172,1461,0.25690952914236165,1.0,0.01541798803902277,0.007143250586288005,7,7.791511440965148,2,1
173,1468,0.2548551419895513,1.0,0.01541798803902277,0.007143250586288005,7,7.712180038460232,2,1
174,1475,0.2532283737942942,1.0,0.01541798803902277,0.007143250586288005,7,7.89362319554573,2,1
175,1482,0.2467676961638492,1.0,0.01541798803902277,0.007143250586288005,7,8.058560806995064,2,1
176,1489,0.24505311225921397,1.0,0.01541798803902277,0.007143250586288005,7,7.917447298701896,2,1
177,1496,0.2538949093384983,1.0,0.01541798803902277,0.007143250586288005,7,8.135821944310209,2,1
178,1503,0.250379870583564,1.0,0.01541798803902277,0.007143250586288005,7,8.289930585421697,2,1
179,1510,0.2582343251799571,1.0,0.01541798803902277,0.007143250586288005,7,8.494955555326868,2,1
180,1517,0.2518021791599004,1.0,0.01541798803902277,0.007143250586288005,7,8.568203185831416,2,1
181,1524,0.2512589767236128,1.0,0.01541798803902277,0.007143250586288005,7,9.17077040948096,2,1
182,1531,0.23519915564006091,1.0,0.01541798803902277,0.007143250586288005,7,9.365897741875996,2,1
183,1538,0.2299984562685646,1.0,0.01541798803902277,0.007143250586288005,7,9.616211459145024,2,1
184,1545,0.22077953851856574,1.0,0.01541798803902277,0.007143250586288005,7,10.26330277228358,2,1
185,1552,0.2152589431710648,1.0,0.01541798803902277,0.007143250586288005,7,10.298901027207227,2,1
186,1559,0.2116498793596438,1.0,0.01541798803902277,0.007143250586288005,7,10.378251731157137,2,1
187,1566,0.20698640617411246,1.0,0.01541798803902277,0.007143250586288005,7,10.422172884371385,2,1
188,1573,0.2024101288343243,1.0,0.01541798803902277,0.007143250586288005,7,10.504193797090663,2,1
189,1580,0.20213443626128474,1.0,0.01541798803902277,0.007143250586288005,7,10.811242931266486,2,1
190,1587,0.192866305708,1.0,0.01541798803902277,0.007143250586288005,7,11.154217041381216,2,1
191,1594,0.19118474462470003,1.0,0.01541798803902277,0.007143250586288005,7,11.478490749117908,2,1
192,1601,0.18741914787140662,1.0,0.01541798803902277,0.007143250586288005,7,11.405614336179196,2,1
193,1608,0.18865649893860637,1.0,0.01541798803902277,0.007143250586288005,7,11.852022616578083,2,1
194,1615,0.1869629371169466,1.0,0.01541798803902277,0.007143250586288005,7,12.174402990924168,2,1
195,1622,0.18302443509308491,1.0,0.01541798803902277,0.007143250586288005,7,13.102661764798349,2,1
196,1629,0.18060629639594253,1.0,0.01541798803902277,0.007143250586288005,7,12.746045615650837,2,1
197,1636,0.1803912003662572,1.0,0.01541798803902277,0.007143250586288005,7,13.009585195390446,2,1
198,1643,0.18700745526124535,0.5714285714285714,0.01541798803902277,0.007143250586288005,7,13.51728445533667,2,1
199,1650,0.19409092789875051,1.0,0.01541798803902277,0.007143250586288005,7,13.821298352457447,2,1
200,1657,0.17968735764163352,1.0,0.01541798803902277,0.007143250586288005,7,14.037059685295864,2,1
201,1664,0.17504170669966687,1.0,0.01541798803902277,0.007143250586288005,7,13.95582095349532,2,1
202,1671,0.17067405174242273,1.0,0.01541798803902277,0.007143250586288005,7,13.8829427622702,2,1
203,1678,0.16006587100957453,1.0,0.01541798803902277,0.007143250586288005,7,13.686841012738599,2,1
204,1685,0.16043494713089848,1.0,0.01541798803902277,0.007143250586288005,7,14.358462631845901,2,1
205,1692,0.15453210724696578,1.0,0.01541798803902277,0.007143250586288005,7,14.90824994133192,2,1
206,1699,0.15556295117088823,1.0,0.01541798803902277,0.007143250586288005,7,16.03721409129796,2,1
207,1706,0.14831674429409594,1.0,0.01541798803902277,0.007143250586288005,7,16.706056772164736,2,1
208,1713,0.14358556948222653,1.0,0.01541798803902277,0.007143250586288005,7,17.10295569974932,2,1
209,1720,0.13761490234837653,1.0,0.01541798803902277,0.007143250586288005,7,17.511541819709777,2,1
210,1727,0.12990991473169153,1.0,0.01541798803902277,0.007143250586288005,7,17.01481681030478,2,1
211,1734,0.1202583682610712,1.0,0.01541798803902277,0.007143250586288005,7,16.68205162542762,2,1
212,1741,0.11502957853124882,1.0,0.01541798803902277,0.007143250586288005,7,16.807291018869726,2,1
213,1748,0.11365840946476832,1.0,0.01541798803902277,0.007143250586288005,7,16.454377037049824,2,1
214,1755,0.1166295503741246,1.0,0.01541798803902277,0.007143250586288005,7,16.183231348424226,2,1
215,1761,0.1240153464649472,1.0,0.01541798803902277,0.007143250586288005,6,16.08473784182243,2,1
216,1767,0.13403590247952393,1.0,0.01541798803902277,0.007143250586288005,6,16.04558205016321,2,1
217,1773,0.13867381699254347,1.0,0.01541798803902277,0.007143250586288005,6,15.92561445918007,2,1
218,1779,0.13721565566501953,1.0,0.01541798803902277,0.007143250586288005,6,14.79918463834298,2,1
219,1785,0.1319951231427615,1.0,0.01541798803902277,0.007143250586288005,6,14.744031290002383,2,1
220,1791,0.12902966960730816,1.0,0.01541798803902277,0.007143250586288005,6,14.23547504766829,2,1
221,1797,0.1305772337784998,1.0,0.01541798803902277,0.007143250586288005,6,14.329900689110932,2,1
222,1803,0.1270706154153643,1.0,0.01541798803902277,0.007143250586288005,6,14.711263407395027,2,1
223,1809,0.12281104781479123,1.0,0.01541798803902277,0.007143250586288005,6,14.882162816628853,2,1
224,1815,0.11984186031099263,1.0,0.01541798803902277,0.007143250586288005,6,14.471458843183061,2,1
225,1821,0.11313725671547846,1.0,0.01541798803902277,0.007143250586288005,6,14.659273958805173,2,1
226,1827,0.1146890636733851,1.0,0.01541798803902277,0.007143250586288005,6,14.574161056131024,2,1
227,1833,0.11784843177438084,1.0,0.01541798803902277,0.007143250586288005,6,14.561129749181687,2,1
228,1839,0.12699274019242318,1.0,0.01541798803902277,0.007143250586288005,6,15.24604899311082,2,1
229,1845,0.13145258581428837,1.0,0.01541798803902277,0.007143250586288005,6,16.671573261961974,2,1
230,1851,0.13543591166183122,1.0,0.01541798803902277,0.007143250586288005,6,16.772648886567584,2,1
231,1857,0.14564165152939632,1.0,0.01541798803902277,0.007143250586288005,6,16.486882305398954,2,1
232,1863,0.15481649550168772,1.0,0.01541798803902277,0.007143250586288005,6,16.574557406176165,2,1
233,1869,0.1554846494834952,1.0,0.01541798803902277,0.007143250586288005,6,16.990127955174145,2,1
234,1875,0.15236481828892656,1.0,0.01541798803902277,0.007143250586288005,6,18.436429756647847,2,1
235,1881,0.14336116560242762,1.0,0.01541798803902277,0.007143250586288005,6,19.137072645669942,2,1
236,1887,0.1353333825034011,1.0,0.01541798803902277,0.007143250586288005,6,20.22454288422107,2,1
237,1893,0.1312265836199468,1.0,0.01541798803902277,0.007143250586288005,6,20.37309744954316,2,1
238,1899,0.13202659890955515,1.0,0.01541798803902277,0.007143250586288005,6,20.36312861898375,2,1
239,1905,0.13024150769176226,1.0,0.01541798803902277,0.007143250586288005,6,20.424268380184245,2,1
240,1911,0.1298458775978217,1.0,0.01541798803902277,0.007143250586288005,6,20.827591822250287,2,1
241,1917,0.1357551597251688,1.0,0.01541798803902277,0.007143250586288005,6,20.385624923615524,2,1
242,1923,0.1394614710295323,1.0,0.01541798803902277,0.007143250586288005,6,23.063039004503082,2,1
243,1929,0.14306726211466103,1.0,0.01541798803902277,0.007143250586288005,6,22.046072570805958,2,1
244,1935,0.14509674941238795,1.0,0.01541798803902277,0.007143250586288005,6,22.06864630315208,2,1
245,1941,0.14798891035889428,1.0,0.01541798803902277,0.007143250586288005,6,23.055598735984503,2,1
246,1947,0.1553848409591469,1.0,0.01541798803902277,0.007143250586288005,6,23.11429332916624,2,1
247,1953,0.16597946534123822,1.0,0.01541798803902277,0.007143250586288005,6,23.50062196296096,2,1
248,1959,0.17034011712911404,1.0,0.01541798803902277,0.007143250586288005,6,22.147639517251893,2,1
249,1965,0.17013694879839583,1.0,0.01541798803902277,0.007143250586288005,6,22.714840159104497,2,1
250,1971,0.16915149367362392,1.0,0.01541798803902277,0.007143250586288005,6,22.79803729536683,2,1
251,1977,0.16912412416832506,1.0,0.01541798803902277,0.007143250586288005,6,23.058325863382752,2,1
252,1983,0.16408698336367578,1.0,0.01541798803902277,0.007143250586288005,6,23.27236772352315,2,1
253,1989,0.16466935191597176,1.0,0.01541798803902277,0.007143250586288005,6,21.49417733108739,2,1
254,1995,0.1667035694791206,1.0,0.01541798803902277,0.007143250586288005,6,21.837846169358567,2,1
255,2001,0.17589203178235543,1.0,0.01541798803902277,0.007143250586288005,6,21.550417050132125,2,1
256,2007,0.18693126403913282,1.0,0.01541798803902277,0.007143250586288005,6,22.299268461907264,2,1
257,2013,0.18962534534717226,1.0,0.01541798803902277,0.007143250586288005,6,22.46331492977973,2,1
258,2019,0.2025775731005569,1.0,0.01541798803902277,0.007143250586288005,6,22.480841557171313,2,1
259,2025,0.21485609665848363,1.0,0.01541798803902277,0.007143250586288005,6,23.17530036276583,2,1
260,2031,0.21187700266950493,1.0,0.01541798803902277,0.007143250586288005,6,24.653536218937898,2,1
261,2037,0.218189971772042,1.0,0.01541798803902277,0.007143250586288005,6,25.219965902588672,2,1
262,2043,0.22237747140482325,1.0,0.01541798803902277,0.007143250586288005,6,24.811716620325583,2,1
263,2049,0.21972653616573545,1.0,0.01541798803902277,0.007143250586288005,6,24.58431221519023,2,1
264,2055,0.21491927653580972,1.0,0.01541798803902277,0.007143250586288005,6,24.277176204118547,2,1
265,2061,0.21762935573765657,1.0,0.01541798803902277,0.007143250586288005,6,23.718444152878845,2,1
266,2067,0.21268358937987983,1.0,0.01541798803902277,0.007143250586288005,6,23.654133795310454,2,1
267,2073,0.20805649761685008,1.0,0.01541798803902277,0.007143250586288005,6,22.396245846986822,2,1
268,2079,0.2047834757153674,1.0,0.01541798803902277,0.007143250586288005,6,22.244950329009992,2,1
269,2085,0.20207745497173146,1.0,0.01541798803902277,0.007143250586288005,6,22.796859256966627,2,1
270,2091,0.2181190990200274,1.0,0.01541798803902277,0.007143250586288005,6,22.8485500333752,2,1
271,2097,0.24074502088543528,1.0,0.01541798803902277,0.007143250586288005,6,23.636924811408186,2,1
272,2103,0.2554279387647879,1.0,0.01541798803902277,0.007143250586288005,6,23.46082623142433,2,1
273,2109,0.27543696448321603,1.0,0.01541798803902277,0.007143250586288005,6,24.175482473148747,2,1
274,2115,0.2788724207483488,1.0,0.01541798803902277,0.007143250586288005,6,24.17589226344344,2,1
275,2121,0.26405663775671767,1.0,0.01541798803902277,0.007143250586288005,6,24.845093860088816,2,1
276,2127,0.24989048358836263,1.0,0.01541798803902277,0.007143250586288005,6,25.285405774537068,2,1
277,2133,0.23584172414115534,1.0,0.01541798803902277,0.007143250586288005,6,24.83229598056314,2,1
278,2139,0.24772283097331432,1.0,0.01541798803902277,0.007143250586288005,6,24.290646270801968,2,1
279,2145,0.27580508222351996,1.0,0.01541798803902277,0.007143250586288005,6,24.029855799844942,2,1
280,2151,0.29201317201667437,1.0,0.01541798803902277,0.007143250586288005,6,25.52107720682476,2,1
281,2157,0.3016059428181005,1.0,0.01541798803902277,0.007143250586288005,6,25.778854935811403,2,1
282,2163,0.2890045846421883,1.0,0.01541798803902277,0.007143250586288005,6,25.719233239883422,2,1
283,2169,0.2779378522356201,1.0,0.01541798803902277,0.007143250586288005,6,25.947231433983067,2,1
284,2175,0.2775021486870221,1.0,0.01541798803902277,0.007143250586288005,6,26.10131761078562,2,1
285,2181,0.28534835667114455,1.0,0.01541798803902277,0.007143250586288005,6,26.465102598226263,2,1
286,2187,0.3002556013515489,1.0,0.01541798803902277,0.007143250586288005,6,27.458586149714336,2,1
287,2193,0.30518869520315467,1.0,0.01541798803902277,0.007143250586288005,6,27.583355660308975,2,1
288,2199,0.3038771576012845,1.0,0.01541798803902277,0.007143250586288005,6,27.420288492452208,2,1
289,2205,0.31910763322520563,1.0,0.01541798803902277,0.007143250586288005,6,27.171741724158274,2,1
290,2211,0.3239811416123547,1.0,0.01541798803902277,0.007143250586288005,6,27.637091916091848,2,1
291,2217,0.3228717499443362,1.0,0.01541798803902277,0.007143250586288005,6,28.18896967841207,2,1
292,2223,0.31651599362619715,1.0,0.01541798803902277,0.007143250586288005,6,28.247002658176942,2,1
293,2229,0.3056792908754792,1.0,0.01541798803902277,0.007143250586288005,6,29.052072022369043,2,1
294,2235,0.30105093224562846,1.0,0.01541798803902277,0.007143250586288005,6,29.172346920046717,2,1
295,2241,0.3063005226505834,1.0,0.01541798803902277,0.007143250586288005,6,29.677707970677442,2,1
296,2247,0.3043725324029376,1.0,0.01541798803902277,0.007143250586288005,6,29.45914885649136,2,1
297,2253,0.30687087379494604,1.0,0.01541798803902277,0.007143250586288005,6,30.19986718040086,2,1
298,2258,0.30843434016711463,1.0,0.015485894338048995,0.0019912029254017106,5,33.12341863616752,2,1
299,2263,0.28979021535193034,1.0,0.015485894338048995,0.0019912029254017106,5,32.80972779417347,2,1
300,2268,0.2736130862151732,1.0,0.015485894338048995,0.0019912029254017106,5,32.09765985373169,2,1
301,2273,0.26607336821166844,1.0,0.015485894338048995,0.0019912029254017106,5,31.811523879786616,2,1
302,2278,0.2582905722038842,1.0,0.015485894338048995,0.0019912029254017106,5,32.44533331980972,2,1
303,2283,0.25426103863023924,1.0,0.015485894338048995,0.0019912029254017106,5,32.75870949689966,2,1
304,2288,0.25129008925730545,1.0,0.015485894338048995,0.0019912029254017106,5,32.919972625922185,2,1
305,2293,0.24967181729149734,1.0,0.015485894338048995,0.0019912029254017106,5,34.22570924060898,2,1
306,2298,0.24380537216869608,1.0,0.015485894338048995,0.0019912029254017106,5,33.39711627361676,2,1
307,2303,0.24561312098854746,1.0,0.015485894338048995,0.0019912029254017106,5,33.765879153165216,2,1
308,2308,0.24226098587693182,1.0,0.015485894338048995,0.0019912029254017106,5,37.25340947958697,2,1
309,2313,0.24727002244504084,1.0,0.015485894338048995,0.0019912029254017106,5,37.60934066100796,2,1
310,2318,0.2475692738179894,1.0,0.015485894338048995,0.0019912029254017106,5,37.78249360599807,2,1
311,2323,0.2445134676131066,1.0,0.015485894338048995,0.0019912029254017106,5,37.91133160190715,2,1
312,2328,0.24315774211286872,1.0,0.015485894338048995,0.0019912029254017106,5,39.84720153825733,2,1
313,2333,0.255224376317641,1.0,0.015485894338048995,0.0019912029254017106,5,41.5912795008928,2,1
314,2338,0.2683505772757723,1.0,0.015485894338048995,0.0019912029254017106,5,39.468016157247376,2,1
315,2343,0.2704555156982523,1.0,0.015485894338048995,0.0019912029254017106,5,36.917103083546934,2,1
316,2348,0.2684218272747938,1.0,0.015485894338048995,0.0019912029254017106,5,39.074462495711714,2,1
317,2353,0.26318347607889536,1.0,0.015485894338048995,0.0019912029254017106,5,39.48133701956663,2,1
318,2358,0.26257283331609044,1.0,0.015485894338048995,0.0019912029254017106,5,38.81577582237038,2,1
319,2363,0.2592970839788474,1.0,0.015485894338048995,0.0019912029254017106,5,39.265526572821216,2,1
320,2368,0.2470559740076254,1.0,0.015485894338048995,0.0019912029254017106,5,39.96415263323129,2,1
321,2373,0.24959211197201625,1.0,0.015485894338048995,0.0019912029254017106,5,39.84518210555841,2,1
322,2378,0.252955765813346,1.0,0.015485894338048995,0.0019912029254017106,5,40.94784008389209,2,1
323,2383,0.2511916869212766,1.0,0.015485894338048995,0.0019912029254017106,5,41.00399951390416,2,1
324,2388,0.2414907308289296,1.0,0.015485894338048995,0.0019912029254017106,5,39.77361462771406,2,1
325,2393,0.23532604440510427,1.0,0.015485894338048995,0.0019912029254017106,5,38.418578483761905,2,1
326,2398,0.21937104132102342,1.0,0.015485894338048995,0.0019912029254017106,5,35.114856525815,2,1
327,2403,0.21188024681128448,1.0,0.015485894338048995,0.0019912029254017106,5,36.08993538839356,2,1
328,2408,0.2072151138057831,1.0,0.015485894338048995,0.0019912029254017106,5,35.090671215561876,2,1
329,2413,0.22144333190068233,1.0,0.015485894338048995,0.0019912029254017106,5,35.7208350109325,2,1
330,2418,0.23644491956547753,1.0,0.015485894338048995,0.0019912029254017106,5,35.3017483773699,2,1
331,2423,0.26187024648664853,1.0,0.015485894338048995,0.0019912029254017106,5,35.865651859992035,2,1
332,2428,0.29234986287359394,1.0,0.015485894338048995,0.0019912029254017106,5,37.272522634856756,2,1
333,2433,0.30687572415883246,1.0,0.015485894338048995,0.0019912029254017106,5,38.82078400641241,2,1
334,2438,0.3113762870451887,1.0,0.015485894338048995,0.0019912029254017106,5,37.789940596615935,2,1
335,2443,0.31034464010314916,1.0,0.015485894338048995,0.0019912029254017106,5,38.39947780812361,2,1
336,2448,0.2944425289769439,1.0,0.015485894338048995,0.0019912029254017106,5,38.46320056159814,2,1
337,2453,0.3017638665045694,1.0,0.015485894338048995,0.0019912029254017106,5,37.99230898738354,2,1
338,2458,0.3205731997973666,1.0,0.015485894338048995,0.0019912029254017106,5,40.909778244125576,2,1
339,2463,0.3462940359570398,1.0,0.015485894338048995,0.0019912029254017106,5,40.73436785095313,2,1
340,2468,0.3595651244179427,0.0,0.015485894338048995,0.0019912029254017106,5,40.22162826991036,2,1
341,2473,0.36115718005860437,1.0,0.015485894338048995,0.0019912029254017106,5,41.14384237732161,2,1
342,2478,0.36401796590317165,1.0,0.015485894338048995,0.0019912029254017106,5,40.66995228265199,2,1
343,2483,0.36008441676814107,1.0,0.015485894338048995,0.0019912029254017106,5,40.0916812029106,2,1
344,2488,0.36641297460690175,1.0,0.015485894338048995,0.0019912029254017106,5,40.399702288201986,2,1
345,2493,0.34246229002045514,1.0,0.015485894338048995,0.0019912029254017106,5,39.71289873786365,2,1
346,2498,0.31706351306490094,1.0,0.015485894338048995,0.0019912029254017106,5,39.776331233121894,2,1
347,2503,0.305333624729341,1.0,0.015485894338048995,0.0019912029254017106,5,39.81732238466873,2,1
348,2508,0.28685176392257083,1.0,0.015485894338048995,0.0019912029254017106,5,42.20996061791544,2,1
349,2513,0.27778379878577025,1.0,0.015485894338048995,0.0019912029254017106,5,44.80382347983131,2,1
350,2518,0.277172480313545,1.0,0.015485894338048995,0.0019912029254017106,5,45.28606843806266,2,1
351,2523,0.28163073152130114,1.0,0.015485894338048995,0.0019912029254017106,5,44.71492407404774,2,1
352,2528,0.28185384802152974,1.0,0.015485894338048995,0.0019912029254017106,5,46.18656739232029,2,1
353,2533,0.2674317942841026,1.0,0.015485894338048995,0.0019912029254017106,5,45.08443913364742,2,1
354,2538,0.2478331885269281,1.0,0.015485894338048995,0.0019912029254017106,5,42.8480332912489,2,1
355,2543,0.23550101214088973,1.0,0.015485894338048995,0.0019912029254017106,5,43.55936345357913,2,1
356,2548,0.22171378671720118,1.0,0.015485894338048995,0.0019912029254017106,5,43.22143677441847,2,1
357,2553,0.20689828838655647,1.0,0.015485894338048995,0.0019912029254017106,5,42.24376789633881,2,1
358,2558,0.19904846096584905,1.0,0.015485894338048995,0.0019912029254017106,5,42.850840047564546,2,1
359,2563,0.1993026601146171,1.0,0.015485894338048995,0.0019912029254017106,5,42.90749363506056,2,1
360,2568,0.19596390929480842,1.0,0.015485894338048995,0.0019912029254017106,5,44.74189268585332,2,1
361,2573,0.19581732798799212,1.0,0.015485894338048995,0.0019912029254017106,5,45.43315244325507,2,1
362,2578,0.19995351677363982,1.0,0.015485894338048995,0.0019912029254017106,5,48.15166081869159,2,1
363,2583,0.20997776020704875,1.0,0.015485894338048995,0.0019912029254017106,5,48.01779544006626,2,1
364,2588,0.2188560343239686,1.0,0.015485894338048995,0.0019912029254017106,5,46.78970767102519,2,1
365,2593,0.21959563251325967,1.0,0.015485894338048995,0.0019912029254017106,5,44.842252089234435,2,1
366,2598,0.21718335884021642,1.0,0.015485894338048995,0.0019912029254017106,5,43.45111858243842,2,1
367,2603,0.22618000556518994,1.0,0.015485894338048995,0.0019912029254017106,5,42.43993579459497,2,1
368,2608,0.22878793082170362,1.0,0.015485894338048995,0.0019912029254017106,5,44.0175425825962,2,1
369,2613,0.2235525251655534,1.0,0.015485894338048995,0.0019912029254017106,5,43.457416050010984,2,1
370,2618,0.22119901361692815,1.0,0.015485894338048995,0.0019912029254017106,5,44.03123129274767,2,1
371,2623,0.210266046682728,1.0,0.015485894338048995,0.0019912029254017106,5,44.080590061166305,2,1
372,2628,0.2004409776414226,1.0,0.015485894338048995,0.0019912029254017106,5,43.15684176278324,2,1
373,2633,0.18943477481848991,1.0,0.015485894338048995,0.0019912029254017106,5,44.03721471805595,2,1
374,2638,0.18164381496583934,1.0,0.015485894338048995,0.0019912029254017106,5,44.86229572674816,2,1
375,2643,0.16940610872241657,1.0,0.015485894338048995,0.0019912029254017106,5,47.315066795653664,2,1
376,2648,0.1588915986860441,1.0,0.015485894338048995,0.0019912029254017106,5,50.74188979825511,2,1
377,2653,0.15188796437570942,1.0,0.015485894338048995,0.0019912029254017106,5,50.38406426147496,2,1
378,2658,0.1535825363487923,1.0,0.015485894338048995,0.0019912029254017106,5,53.75357204736878,2,1
379,2663,0.1476316147345323,1.0,0.015485894338048995,0.0019912029254017106,5,52.621868290633316,2,1
380,2668,0.14142885844929215,1.0,0.015485894338048995,0.0019912029254017106,5,55.80600456510359,2,1
381,2673,0.14405678116198345,1.0,0.015485894338048995,0.0019912029254017106,5,56.22088066423933,2,1
382,2678,0.14171958295276027,1.0,0.015485894338048995,0.0019912029254017106,5,58.081067375758,2,1
383,2683,0.14647863603215003,1.0,0.015485894338048995,0.0019912029254017106,5,59.0104485568343,2,1
384,2688,0.1488467326406108,1.0,0.015485894338048995,0.0019912029254017106,5,59.03750104427366,2,1
385,2693,0.14306262481799265,1.0,0.015485894338048995,0.0019912029254017106,5,57.86204466883937,2,1
386,2698,0.13718757629120243,1.0,0.015485894338048995,0.0019912029254017106,5,57.28761019743904,2,1
387,2703,0.14106321069954023,1.0,0.015485894338048995,0.0019912029254017106,5,57.05079578590037,2,1
388,2708,0.14061996866231172,1.0,0.015485894338048995,0.0019912029254017106,5,58.35463451880364,2,1
389,2713,0.1361949422822265,1.0,0.015485894338048995,0.0019912029254017106,5,59.3313886518491,2,1
390,2718,0.1298050099524409,1.0,0.015485894338048995,0.0019912029254017106,5,61.76199088827695,2,1
391,2723,0.13388710532218642,1.0,0.015485894338048995,0.0019912029254017106,5,60.08922064108191,2,1
392,2728,0.13519004191695427,1.0,0.015485894338048995,0.0019912029254017106,5,59.93233476778402,2,1
393,2733,0.139679397976638,1.0,0.015485894338048995,0.0019912029254017106,5,59.89228654354492,2,1
394,2738,0.15212110211649163,1.0,0.015485894338048995,0.0019912029254017106,5,62.30436174937342,2,1
395,2743,0.1621202543517281,1.0,0.015485894338048995,0.0019912029254017106,5,60.72282109241791,2,1
396,2748,0.166558883376571,0.0,0.015485894338048995,0.0019912029254017106,5,62.44984684066506,2,1
397,2753,0.1742559388087915,1.0,0.015485894338048995,0.0019912029254017106,5,62.25105010565101,2,1
398,2757,0.18106236059146077,1.0,0.015485894338048995,0.0019912029254017106,4,63.84153647180326,2,1
399,2761,0.1878516249814714,1.0,0.015485894338048995,0.0019912029254017106,4,67.77194146901236,2,1
400,2765,0.1879224789882952,1.0,0.015485894338048995,0.0019912029254017106,4,67.32263089052714,2,1
401,2769,0.19228147634330717,0.0,0.015485894338048995,0.0019912029254017106,4,61.87890813568064,2,1
402,2773,0.18455351286818344,1.0,0.015485894338048995,0.0019912029254017106,4,62.07576633737027,2,1
403,2777,0.177398613745564,1.0,0.015485894338048995,0.0019912029254017106,4,62.33018489742963,2,1
404,2781,0.17111965902428708,0.0,0.015485894338048995,0.0019912029254017106,4,65.99473958439663,2,1
405,2785,0.16060627616262454,1.0,0.015485894338048995,0.0019912029254017106,4,64.17786876134727,2,1
406,2789,0.1524526503311359,1.0,0.015485894338048995,0.0019912029254017106,4,62.928341184193755,2,1
407,2793,0.16027568277490545,1.0,0.015485894338048995,0.0019912029254017106,4,67.74049066759119,2,1
408,2797,0.15880059903341676,1.0,0.015485894338048995,0.0019912029254017106,4,70.46691999298378,2,1
409,2801,0.14970212990501053,1.0,0.015485894338048995,0.0019912029254017106,4,73.97474963477713,2,1
410,2805,0.14415253224997102,1.0,0.015485894338048995,0.0019912029254017106,4,80.80971406220526,2,1
411,2809,0.1390431375088078,1.0,0.015485894338048995,0.0019912029254017106,4,84.5669897320277,2,1
412,2813,0.1282603416653498,1.0,0.015485894338048995,0.0019912029254017106,4,85.7890486750462,2,1
413,2817,0.12192731788122736,1.0,0.015485894338048995,0.0019912029254017106,4,87.48416121705411,2,1
414,2821,0.12903358593792552,1.0,0.015485894338048995,0.0019912029254017106,4,88.90345341475528,2,1
415,2825,0.1384249019610308,1.0,0.015485894338048995,0.0019912029254017106,4,81.47223070558869,2,1
416,2829,0.14762929905602415,1.0,0.015485894338048995,0.0019912029254017106,4,81.49567476419566,2,1
417,2833,0.15404700066603752,1.0,0.015485894338048995,0.0019912029254017106,4,79.75280631377095,2,1
418,2837,0.16246382478198865,1.0,0.015485894338048995,0.0019912029254017106,4,78.2684906493262,2,1
419,2841,0.1634328826201172,1.0,0.015485894338048995,0.0019912029254017106,4,81.69742082945587,2,1
420,2845,0.15516491609936944,1.0,0.015485894338048995,0.0019912029254017106,4,81.06048393529909,2,1
421,2849,0.15511637553946328,0.0,0.015485894338048995,0.0019912029254017106,4,86.14828197407951,2,1
422,2853,0.15555728457219511,1.0,0.015485894338048995,0.0019912029254017106,4,85.06781001261524,2,1
423,2857,0.15608817054111504,0.0,0.015485894338048995,0.0019912029254017106,4,84.23365889748243,2,1
424,2861,0.15140638356550248,1.0,0.015485894338048995,0.0019912029254017106,4,86.72559283463059,2,1
425,2865,0.1506457300200189,1.0,0.015485894338048995,0.0019912029254017106,4,86.95726950515899,2,1
426,2869,0.14703643959339574,1.0,0.015485894338048995,0.0019912029254017106,4,87.57073592347031,2,1
427,2873,0.14223177723495786,1.0,0.015485894338048995,0.0019912029254017106,4,93.91463152046713,2,1
428,2877,0.14055175405873813,1.0,0.015485894338048995,0.0019912029254017106,4,93.53422462163121,2,1
429,2881,0.13847945981081183,1.0,0.015485894338048995,0.0019912029254017106,4,96.21120824060306,2,1
430,2885,0.13686512397421166,1.0,0.015485894338048995,0.0019912029254017106,4,103.60454872427725,2,1
431,2889,0.13231769164424942,1.0,0.015485894338048995,0.0019912029254017106,4,105.41486537474016,2,1
432,2893,0.12699880458551563,1.0,0.015485894338048995,0.0019912029254017106,4,106.0472122179575,2,1
433,2897,0.12343106500281054,1.0,0.015485894338048995,0.0019912029254017106,4,106.68473448951711,2,1
434,2901,0.11681227598072651,1.0,0.015485894338048995,0.0019912029254017106,4,106.70787458527514,2,1
435,2905,0.10663988209395138,1.0,0.015485894338048995,0.0019912029254017106,4,103.17873515734783,2,1
436,2909,0.09900748790634571,1.0,0.015485894338048995,0.0019912029254017106,4,99.15683241792134,2,1
437,2913,0.0928801537085927,1.0,0.015485894338048995,0.0019912029254017106,4,96.7896203516594,2,1
438,2917,0.08868101261749886,1.0,0.015485894338048995,0.0019912029254017106,4,94.00310206406567,2,1
439,2921,0.0804693776535167,1.0,0.015485894338048995,0.0019912029254017106,4,93.23099660558313,2,1
440,2925,0.0803754958966867,1.0,0.015485894338048995,0.0019912029254017106,4,91.74313123611374,2,1
441,2929,0.08144688869234018,1.0,0.015485894338048995,0.0019912029254017106,4,97.36230995219378,2,1
442,2933,0.08196767275002538,0.0,0.015485894338048995,0.0019912029254017106,4,99.18980524468317,2,1
443,2937,0.08405918266191313,1.0,0.015485894338048995,0.0019912029254017106,4,101.30478402282985,2,1
444,2941,0.08687297265341686,1.0,0.015485894338048995,0.0019912029254017106,4,101.76247374193503,2,1
445,2945,0.08854755876513648,1.0,0.015485894338048995,0.0019912029254017106,4,101.97483850474204,2,1
446,2949,0.09062476406491664,0.0,0.015485894338048995,0.0019912029254017106,4,109.20571158348395,2,1
447,2953,0.09418124954323616,1.0,0.015485894338048995,0.0019912029254017106,4,108.86829162483261,2,1
448,2957,0.09250785697736173,1.0,0.015485894338048995,0.0019912029254017106,4,106.4380301007577,2,1
449,2961,0.09151707946007986,1.0,0.015485894338048995,0.0019912029254017106,4,110.24631274661965,2,1
450,2965,0.08947500664171566,0.0,0.015485894338048995,0.0019912029254017106,4,108.36536794953096,2,1
451,2969,0.08544456873500507,1.0,0.015485894338048995,0.0019912029254017106,4,106.9816123063627,2,1
452,2973,0.08208546590177633,1.0,0.015485894338048995,0.0019912029254017106,4,105.44659209614949,2,1
453,2977,0.08714899548674422,1.0,0.015485894338048995,0.0019912029254017106,4,97.75328130207566,2,1
454,2981,0.08471971861003144,1.0,0.015485894338048995,0.0019912029254017106,4,96.06564498342865,2,1
455,2985,0.08550823061485723,1.0,0.015485894338048995,0.0019912029254017106,4,91.24310511239506,2,1
456,2989,0.08331846248899834,1.0,0.015485894338048995,0.0019912029254017106,4,91.04040621285527,2,1
457,2993,0.08176637182985944,1.0,0.015485894338048995,0.0019912029254017106,4,94.92406368845455,2,1
458,2997,0.08219837257581962,1.0,0.015485894338048995,0.0019912029254017106,4,93.08921094583607,2,1
459,3001,0.08387421863718963,1.0,0.015485894338048995,0.0019912029254017106,4,93.58664047738682,2,1
0,10,1.8660210103072297,0.9,0.015283824524751714,0.02015428276120837,10,1.1039593410430641,3,1
1,20,1.695203048150301,1.0,0.015283824524751714,0.02015428276120837,10,1.1815274520788746,3,1
2,30,1.5148879601787761,1.0,0.015283824524751714,0.02015428276120837,10,1.2514717860572229,3,1
3,40,1.4478778178558318,1.0,0.015283824524751714,0.02015428276120837,10,1.2984092708139305,3,1
4,50,1.5237405056479767,1.0,0.015283824524751714,0.02015428276120837,10,1.3427359214653465,3,1
5,60,1.529605826219181,1.0,0.015283824524751714,0.02015428276120837,10,1.3740052851881146,3,1
6,69,1.4190731640561567,1.0,0.015350351177806146,0.0134347415789843,9,1.3559495436599298,3,1
7,78,1.3737514118267047,1.0,0.015350351177806146,0.0134347415789843,9,1.4118358525789025,3,1
8,87,1.3064616296730334,1.0,0.015350351177806146,0.0134347415789843,9,1.4177921839120844,3,1
9,96,1.3450700795423098,1.0,0.015350351177806146,0.0134347415789843,9,1.4456856273208967,3,1
10,105,1.3095548222627384,1.0,0.015350351177806146,0.0134347415789843,9,1.4045421493242305,3,1
11,114,1.4009991750478605,1.0,0.015350351177806146,0.0134347415789843,9,1.4883337199836375,3,1
12,123,1.4162540566056812,1.0,0.015350351177806146,0.0134347415789843,9,1.526483150088956,3,1
13,132,1.4476654109710294,1.0,0.015350351177806146,0.0134347415789843,9,1.5310047454227829,3,1
14,141,1.461346303668584,1.0,0.015350351177806146,0.0134347415789843,9,1.5772450153870896,3,1
15,150,1.5473895080544524,1.0,0.015350351177806146,0.0134347415789843,9,1.5768334922603686,3,1
16,159,1.6269504116561058,1.0,0.015350351177806146,0.0134347415789843,9,1.6699697571529166,3,1
17,168,1.744138624419232,1.0,0.015350351177806146,0.0134347415789843,9,1.6333617952040387,3,1
18,176,1.7579189319701063,1.0,0.015350351177806146,0.0134347415789843,8,1.6634199651229886,3,1
19,184,1.7317606283407674,1.0,0.015350351177806146,0.0134347415789843,8,1.6780050273923197,3,1
20,192,1.7589301045848893,1.0,0.015350351177806146,0.0134347415789843,8,1.7339585723069073,3,1
21,200,1.6472347452662301,1.0,0.015350351177806146,0.0134347415789843,8,1.798716072677947,3,1
22,208,1.612526040676678,1.0,0.015350351177806146,0.0134347415789843,8,1.811162160359805,3,1
23,216,1.6628055644923416,1.0,0.015350351177806146,0.0134347415789843,8,1.8250908959762349,3,1
24,224,1.6991086295792992,1.0,0.015350351177806146,0.0134347415789843,8,1.8455769088983471,3,1
25,232,1.731247682673648,1.0,0.015350351177806146,0.0134347415789843,8,1.9257349055569073,3,1
26,240,1.7540237129847156,1.0,0.015350351177806146,0.0134347415789843,8,1.9781138181105176,3,1
27,248,1.6663318790353634,1.0,0.015350351177806146,0.0134347415789843,8,1.9536010820321887,3,1
28,256,1.5923116321322908,1.0,0.015350351177806146,0.0134347415789843,8,1.9561074210219431,3,1
29,264,1.4618607063155407,1.0,0.015350351177806146,0.0134347415789843,8,1.9622293560772963,3,1
30,272,1.4892078700520566,1.0,0.015350351177806146,0.0134347415789843,8,1.9728173092525891,3,1
31,280,1.5983728135229327,1.0,0.015350351177806146,0.0134347415789843,8,1.9450702636071406,3,1
32,287,1.606405044194637,1.0,0.01541798803902277,0.007143250586288005,7,1.984043915988174,3,1
33,294,1.6460226607717312,1.0,0.01541798803902277,0.007143250586288005,7,1.9710550367532755,3,1
34,301,1.6789751693521389,1.0,0.01541798803902277,0.007143250586288005,7,2.022756129434473,3,1
35,308,1.7294225979106226,1.0,0.01541798803902277,0.007143250586288005,7,2.0767496568637624,3,1
36,315,1.666847291357989,1.0,0.01541798803902277,0.007143250586288005,7,2.064350618301305,3,1
37,322,1.5597570776836067,1.0,0.01541798803902277,0.007143250586288005,7,2.111316386105034,3,1
38,329,1.5108181625710848,1.0,0.01541798803902277,0.007143250586288005,7,2.1020958006919455,3,1
39,336,1.5163905954308181,1.0,0.01541798803902277,0.007143250586288005,7,2.0664969256513124,3,1
40,343,1.5046839078453502,1.0,0.01541798803902277,0.007143250586288005,7,2.067515368930757,3,1
41,350,1.5510955316348622,1.0,0.01541798803902277,0.007143250586288005,7,2.120020305448317,3,1
42,357,1.6489402056481157,1.0,0.01541798803902277,0.007143250586288005,7,2.0995047293053255,3,1
43,364,1.720027679821973,1.0,0.01541798803902277,0.007143250586288005,7,2.157460559104213,3,1
44,371,1.785438695311167,1.0,0.01541798803902277,0.007143250586288005,7,2.1583222723552407,3,1
45,378,1.9496493040916003,1.0,0.01541798803902277,0.007143250586288005,7,2.1768710113957668,3,1
46,385,2.059072860022443,1.0,0.01541798803902277,0.007143250586288005,7,2.3062961129564665,3,1
47,392,2.0733483263992163,1.0,0.01541798803902277,0.007143250586288005,7,2.4101794452188816,3,1
48,398,2.0223144836549336,1.0,0.01541798803902277,0.007143250586288005,6,2.387721177316348,3,1
49,404,1.9879626132262298,1.0,0.01541798803902277,0.007143250586288005,6,2.412772534948146,3,1
50,410,1.8661286227365155,1.0,0.01541798803902277,0.007143250586288005,6,2.4182652113407204,3,1
51,416,1.7367525650494868,1.0,0.01541798803902277,0.007143250586288005,6,2.446246300483166,3,1
52,422,1.6264118343519982,1.0,0.01541798803902277,0.007143250586288005,6,2.4565767692899247,3,1
53,428,1.525069659418986,1.0,0.01541798803902277,0.007143250586288005,6,2.68863807344489,3,1
54,434,1.4442938765864912,1.0,0.01541798803902277,0.007143250586288005,6,2.8586769700570103,3,1
55,440,1.3862088210340702,1.0,0.01541798803902277,0.007143250586288005,6,2.952210539206604,3,1
56,446,1.3335697748597293,1.0,0.01541798803902277,0.007143250586288005,6,2.950851027796533,3,1
57,452,1.2850946375064634,1.0,0.01541798803902277,0.007143250586288005,6,2.970957280832019,3,1
58,458,1.3286518080209326,1.0,0.01541798803902277,0.007143250586288005,6,2.9588726336704037,3,1
59,464,1.3318883478561354,1.0,0.01541798803902277,0.007143250586288005,6,2.7395874551890556,3,1
60,470,1.3048494267499338,1.0,0.01541798803902277,0.007143250586288005,6,2.8840547008279285,3,1
61,476,1.2285887418022865,1.0,0.01541798803902277,0.007143250586288005,6,3.000173965148576,3,1
62,482,1.176233102957107,1.0,0.01541798803902277,0.007143250586288005,6,3.002300138638989,3,1
63,488,1.2010160862468613,1.0,0.01541798803902277,0.007143250586288005,6,3.0731792024190674,3,1
64,494,1.245612439311211,1.0,0.01541798803902277,0.007143250586288005,6,3.0809966686566828,3,1
65,500,1.2330053204008866,1.0,0.01541798803902277,0.007143250586288005,6,3.2197614096857965,3,1
66,506,1.1471302711261508,1.0,0.01541798803902277,0.007143250586288005,6,3.171089520154377,3,1
67,511,1.1767512068252233,1.0,0.015485894338048995,0.0019912029254017106,5,3.314461855416708,3,1
68,516,1.163917021180462,1.0,0.015485894338048995,0.0019912029254017106,5,3.2890413381667227,3,1
69,521,1.117092992678902,1.0,0.015485894338048995,0.0019912029254017106,5,3.266334090111218,3,1
70,526,1.0961049129704883,1.0,0.015485894338048995,0.0019912029254017106,5,3.204141741639053,3,1
71,531,1.1343197903600835,1.0,0.015485894338048995,0.0019912029254017106,5,3.2732512957374675,3,1
72,536,1.0830440345121648,1.0,0.015485894338048995,0.0019912029254017106,5,3.488817011751283,3,1
73,541,1.12297446084532,1.0,0.015485894338048995,0.0019912029254017106,5,3.426616476510151,3,1
74,546,1.1023973923964778,1.0,0.015485894338048995,0.0019912029254017106,5,3.6210826271327425,3,1
75,551,1.0707073873032082,1.0,0.015485894338048995,0.0019912029254017106,5,3.5656562497722404,3,1
76,556,0.9983034587634475,1.0,0.015485894338048995,0.0019912029254017106,5,3.8827057233080233,3,1
77,561,0.9366429580090743,0.8,0.015485894338048995,0.0019912029254017106,5,3.8499638540101264,3,1
78,566,0.8818986674064343,1.0,0.015485894338048995,0.0019912029254017106,5,3.8423858080170383,3,1
79,571,0.8289329372309131,1.0,0.015485894338048995,0.0019912029254017106,5,3.9104438809136175,3,1
80,576,0.7763739242494311,1.0,0.015485894338048995,0.0019912029254017106,5,4.03532590015467,3,1
81,581,0.7367620714932843,1.0,0.015485894338048995,0.0019912029254017106,5,4.012805628920831,3,1
82,586,0.716209991665886,1.0,0.015485894338048995,0.0019912029254017106,5,3.94892469180983,3,1
83,591,0.7289933467250638,1.0,0.015485894338048995,0.0019912029254017106,5,3.894337919579872,3,1
84,596,0.7513516061722275,1.0,0.015485894338048995,0.0019912029254017106,5,4.034203228580677,3,1
85,601,0.7606601265148557,1.0,0.015485894338048995,0.0019912029254017106,5,4.199504925065479,3,1
86,606,0.7790152623922902,0.8,0.015485894338048995,0.0019912029254017106,5,4.378787269298437,3,1
87,611,0.8549992177896943,1.0,0.015485894338048995,0.0019912029254017106,5,4.3203699724004005,3,1
88,616,0.8780380189759366,1.0,0.015485894338048995,0.0019912029254017106,5,4.358241600387788,3,1
89,620,0.9080671487684011,1.0,0.015485894338048995,0.0019912029254017106,4,4.4630692818423165,3,1
90,624,0.8834909650134496,1.0,0.015485894338048995,0.0019912029254017106,4,4.429828794868013,3,1
91,628,0.8475877042356492,1.0,0.015485894338048995,0.0019912029254017106,4,4.555038224855394,3,1
92,632,0.8150573220609748,1.0,0.015485894338048995,0.0019912029254017106,4,4.44526031878526,3,1
93,636,0.8070404728013485,1.0,0.015485894338048995,0.0019912029254017106,4,4.798757871902248,3,1
94,640,0.8011454929235322,1.0,0.015485894338048995,0.0019912029254017106,4,5.104721917522908,3,1
95,644,0.8239855247271373,1.0,0.015485894338048995,0.0019912029254017106,4,5.408409963735865,3,1
96,648,0.797181633159717,1.0,0.015485894338048995,0.0019912029254017106,4,5.435392444359327,3,1
97,652,0.7571450474972085,1.0,0.015485894338048995,0.0019912029254017106,4,5.998064000497889,3,1
98,656,0.7089632039177179,1.0,0.015485894338048995,0.0019912029254017106,4,6.1835199357291435,3,1
99,660,0.642850599620834,1.0,0.015485894338048995,0.0019912029254017106,4,6.033587873991427,3,1
100,664,0.5989733607705714,1.0,0.015485894338048995,0.0019912029254017106,4,5.79966571513386,3,1
101,668,0.56430561322371,1.0,0.015485894338048995,0.0019912029254017106,4,5.747467237444879,3,1
0,10,0.4682225523236969,0.3,0.015283824524751714,0.02015428276120837,10,1.1014918249853594,0,2
1,20,0.4403351488123872,1.0,0.015283824524751714,0.02015428276120837,10,1.1733775448486266,0,2
2,30,0.4490339978543794,1.0,0.015283824524751714,0.02015428276120837,10,1.2278971276691404,0,2
3,40,0.45911370133738844,1.0,0.015283824524751714,0.02015428276120837,10,1.2618622854773163,0,2
4,50,0.441106260105799,1.0,0.015283824524751714,0.02015428276120837,10,1.3327910903824982,0,2
5,60,0.4201989540149099,1.0,0.015283824524751714,0.02015428276120837,10,1.4192419220605863,0,2
6,70,0.43830191727668244,1.0,0.015283824524751714,0.02015428276120837,10,1.4964536922203044,0,2
7,80,0.45124873695177903,1.0,0.015283824524751714,0.02015428276120837,10,1.5371958259494092,0,2
8,90,0.45172953408968747,1.0,0.015283824524751714,0.02015428276120837,10,1.5562470292532875,0,2
9,99,0.4537461635889404,1.0,0.015350351177806146,0.0134347415789843,9,1.6157252615163418,0,2
10,108,0.44439316455304406,1.0,0.015350351177806146,0.0134347415789843,9,1.6851211137050912,0,2
11,117,0.42959068764771624,1.0,0.015350351177806146,0.0134347415789843,9,1.6851036679207583,0,2
12,126,0.43773114215410885,1.0,0.015350351177806146,0.0134347415789843,9,1.6993151558925217,0,2
13,135,0.458507516856541,1.0,0.015350351177806146,0.0134347415789843,9,1.7219623582329484,0,2
14,144,0.4682804035953109,1.0,0.015350351177806146,0.0134347415789843,9,1.7003891360542547,0,2
15,153,0.46985921672217673,1.0,0.015350351177806146,0.0134347415789843,9,1.8652717726604722,0,2
16,162,0.4769793396643728,1.0,0.015350351177806146,0.0134347415789843,9,1.9530306948911504,0,2
17,171,0.4836469911751013,1.0,0.015350351177806146,0.0134347415789843,9,1.992133175043219,0,2
18,180,0.4701231453493925,1.0,0.015350351177806146,0.0134347415789843,9,2.0516248195247,0,2
19,189,0.4525073404151713,1.0,0.015350351177806146,0.0134347415789843,9,2.059076119440463,0,2
20,198,0.42356347710301034,1.0,0.015350351177806146,0.0134347415789843,9,2.0923302372443713,0,2
21,207,0.4121909116753911,1.0,0.015350351177806146,0.0134347415789843,9,2.1053897692746735,0,2
22,216,0.42793063720595864,1.0,0.015350351177806146,0.0134347415789843,9,2.125227612283908,0,2
23,225,0.4422422985219563,1.0,0.015350351177806146,0.0134347415789843,9,2.1354150540734165,0,2
24,234,0.4334607100325136,1.0,0.015350351177806146,0.0134347415789843,9,2.3160482901571458,0,2
25,243,0.4295554963848696,1.0,0.015350351177806146,0.0134347415789843,9,2.235669479211742,0,2
26,252,0.43270632154148914,1.0,0.015350351177806146,0.0134347415789843,9,2.2774329382574128,0,2
27,260,0.41860318563508986,1.0,0.015350351177806146,0.0134347415789843,8,2.3347853651783916,0,2
28,268,0.4142795887222797,1.0,0.015350351177806146,0.0134347415789843,8,2.2944937936301373,0,2
29,276,0.4087378643460289,1.0,0.015350351177806146,0.0134347415789843,8,2.3984067144606924,0,2
30,284,0.395475485657966,1.0,0.015350351177806146,0.0134347415789843,8,2.457613552437124,0,2
31,292,0.4119186629229902,1.0,0.015350351177806146,0.0134347415789843,8,2.492638776272425,0,2
32,300,0.4141718172642229,1.0,0.015350351177806146,0.0134347415789843,8,2.484491288367843,0,2
33,308,0.3836351056152592,1.0,0.015350351177806146,0.0134347415789843,8,2.4394423268381176,0,2
34,316,0.3656751626268926,1.0,0.015350351177806146,0.0134347415789843,8,2.5027432076529275,0,2
35,324,0.3609168016314877,1.0,0.015350351177806146,0.0134347415789843,8,2.451354816842222,0,2
36,332,0.36396277857990467,1.0,0.015350351177806146,0.0134347415789843,8,2.4449841241324,0,2
37,340,0.3798459344608481,1.0,0.015350351177806146,0.0134347415789843,8,2.389866982279638,0,2
38,348,0.3985136059599749,1.0,0.015350351177806146,0.0134347415789843,8,2.2800664222618554,0,2
39,356,0.4094842799188328,1.0,0.015350351177806146,0.0134347415789843,8,2.2523643393707604,0,2
40,364,0.4171085160099154,1.0,0.015350351177806146,0.0134347415789843,8,2.2558731872607365,0,2
41,372,0.4811574220880274,1.0,0.015350351177806146,0.0134347415789843,8,2.322924791874759,0,2
42,380,0.4923825678142266,1.0,0.015350351177806146,0.0134347415789843,8,2.4113517706907137,0,2
43,388,0.49746924024268735,1.0,0.015350351177806146,0.0134347415789843,8,2.404620123423176,0,2
44,396,0.4978464527668767,1.0,0.015350351177806146,0.0134347415789843,8,2.378100263400346,0,2
45,404,0.5079328168710106,1.0,0.015350351177806146,0.0134347415789843,8,2.3678618629805817,0,2
46,412,0.5177551105617794,1.0,0.015350351177806146,0.0134347415789843,8,2.3395635357851754,0,2
47,420,0.49114540883785374,1.0,0.015350351177806146,0.0134347415789843,8,2.3275925522883973,0,2
48,427,0.47172669846498594,1.0,0.01541798803902277,0.007143250586288005,7,2.431037932309222,0,2
49,434,0.4424226939183012,1.0,0.01541798803902277,0.007143250586288005,7,2.445627060045799,0,2
50,441,0.42561096648449137,1.0,0.01541798803902277,0.007143250586288005,7,2.4269619269389113,0,2
51,448,0.3918814037246875,1.0,0.01541798803902277,0.007143250586288005,7,2.472947210563658,0,2
52,455,0.37236209453241714,1.0,0.01541798803902277,0.007143250586288005,7,2.480866830340263,0,2
53,462,0.3723646130993709,1.0,0.01541798803902277,0.007143250586288005,7,2.4547648990961664,0,2
54,469,0.38068979398874125,1.0,0.01541798803902277,0.007143250586288005,7,2.4465499054809037,0,2
55,476,0.3754479509051944,1.0,0.01541798803902277,0.007143250586288005,7,2.4821095812515,0,2
56,483,0.38639936850467665,1.0,0.01541798803902277,0.007143250586288005,7,2.4543247173166924,0,2
57,490,0.399285345331202,1.0,0.01541798803902277,0.007143250586288005,7,2.4860693613372336,0,2
58,497,0.4096633342485056,1.0,0.01541798803902277,0.007143250586288005,7,2.4875461562411285,0,2
59,504,0.4054032753509759,1.0,0.01541798803902277,0.007143250586288005,7,2.5674126612489503,0,2
60,511,0.38982417831731414,1.0,0.01541798803902277,0.007143250586288005,7,2.5924841557704568,0,2
61,518,0.3693787725340186,1.0,0.01541798803902277,0.007143250586288005,7,2.616786968160043,0,2
62,525,0.36876292907832686,0.8571428571428571,0.01541798803902277,0.007143250586288005,7,2.563099227750573,0,2
63,532,0.36348736772012136,1.0,0.01541798803902277,0.007143250586288005,7,2.5542756121227423,0,2
64,539,0.3399699243935509,1.0,0.01541798803902277,0.007143250586288005,7,2.5511264577834454,0,2
65,546,0.32405157423252046,1.0,0.01541798803902277,0.007143250586288005,7,2.6345442198934275,0,2
66,553,0.31967560681481794,1.0,0.01541798803902277,0.007143250586288005,7,2.5392863108778783,0,2
67,560,0.32041139419647313,1.0,0.01541798803902277,0.007143250586288005,7,2.5607801336552107,0,2
68,567,0.31747392394459806,1.0,0.01541798803902277,0.007143250586288005,7,2.739420587343679,0,2
69,574,0.30952980854529666,1.0,0.01541798803902277,0.007143250586288005,7,2.7524557653426815,0,2
70,581,0.2923522481692162,1.0,0.01541798803902277,0.007143250586288005,7,2.9169308904695375,0,2
71,588,0.2835867746910797,1.0,0.01541798803902277,0.007143250586288005,7,2.819322821977992,0,2
72,594,0.28374014257636626,1.0,0.01541798803902277,0.007143250586288005,6,2.8626231634245083,0,2
73,600,0.2938054211755831,1.0,0.01541798803902277,0.007143250586288005,6,2.8908511594701323,0,2
74,606,0.30103426914752895,1.0,0.01541798803902277,0.007143250586288005,6,2.9227321866764884,0,2
75,612,0.31214320389247185,1.0,0.01541798803902277,0.007143250586288005,6,3.049142282084535,0,2
76,618,0.30365657724225775,1.0,0.01541798803902277,0.007143250586288005,6,2.8685434804475967,0,2
77,624,0.29471009605548326,1.0,0.01541798803902277,0.007143250586288005,6,2.8489983072265965,0,2
78,630,0.28097748091739755,1.0,0.01541798803902277,0.007143250586288005,6,2.608043917085652,0,2
79,636,0.28151492210402534,1.0,0.01541798803902277,0.007143250586288005,6,2.5902356938075495,0,2
80,642,0.28892415288848916,1.0,0.01541798803902277,0.007143250586288005,6,2.8078886924236652,0,2
81,648,0.2855831981720605,1.0,0.01541798803902277,0.007143250586288005,6,2.8160610006093925,0,2
82,654,0.2880576229694603,1.0,0.01541798803902277,0.007143250586288005,6,2.8398338049888423,0,2
83,660,0.2815934462431357,1.0,0.01541798803902277,0.007143250586288005,6,2.8192283045468365,0,2
84,666,0.26595386390621506,1.0,0.01541798803902277,0.007143250586288005,6,2.894757372265362,0,2
85,672,0.2663553425680048,1.0,0.01541798803902277,0.007143250586288005,6,2.9948355308587975,0,2
86,678,0.2678465504889188,1.0,0.01541798803902277,0.007143250586288005,6,3.0576506488505752,0,2
87,684,0.2827322369897538,1.0,0.01541798803902277,0.007143250586288005,6,3.070275191890309,0,2
88,690,0.29913489346675326,1.0,0.01541798803902277,0.007143250586288005,6,3.1191291554002816,0,2
89,696,0.3092643537991663,1.0,0.01541798803902277,0.007143250586288005,6,3.231622085960013,0,2
90,702,0.32051521429697033,1.0,0.01541798803902277,0.007143250586288005,6,3.295789250208574,0,2
91,708,0.32288929513607106,1.0,0.01541798803902277,0.007143250586288005,6,3.3029577051201917,0,2
92,714,0.31975515681397987,1.0,0.01541798803902277,0.007143250586288005,6,3.2795190728077284,0,2
93,720,0.29744884416864203,1.0,0.01541798803902277,0.007143250586288005,6,3.375071146569969,0,2
94,726,0.2778113156863543,1.0,0.01541798803902277,0.007143250586288005,6,3.6572748554721857,0,2
95,732,0.2555246001768336,1.0,0.01541798803902277,0.007143250586288005,6,3.6417425873349316,0,2
96,738,0.24224170032113462,1.0,0.01541798803902277,0.007143250586288005,6,3.7292564824871755,0,2
97,744,0.23886455014548652,1.0,0.01541798803902277,0.007143250586288005,6,3.771098758131484,0,2
98,750,0.24773742550051464,1.0,0.01541798803902277,0.007143250586288005,6,3.593052996062078,0,2
99,756,0.25957401428522214,1.0,0.01541798803902277,0.007143250586288005,6,3.7440976403205624,0,2
100,761,0.2629818649966695,1.0,0.015485894338048995,0.0019912029254017106,5,3.7942217013338255,0,2
101,766,0.2584271969625062,1.0,0.015485894338048995,0.0019912029254017106,5,3.792472076568753,0,2
102,771,0.256761044081701,1.0,0.015485894338048995,0.0019912029254017106,5,3.8915202784883287,0,2
103,776,0.2513744427542404,1.0,0.015485894338048995,0.0019912029254017106,5,3.680060379762053,0,2
104,781,0.25636063441872103,1.0,0.015485894338048995,0.0019912029254017106,5,3.7204363235302966,0,2
105,786,0.26379931310533467,1.0,0.015485894338048995,0.0019912029254017106,5,3.881016934369253,0,2
106,791,0.26085345534502735,1.0,0.015485894338048995,0.0019912029254017106,5,3.61569537447889,0,2
107,796,0.265703288702721,1.0,0.015485894338048995,0.0019912029254017106,5,3.825964438390917,0,2
108,801,0.25889423720811416,1.0,0.015485894338048995,0.0019912029254017106,5,4.288092122484759,0,2
109,806,0.25751759248123046,1.0,0.015485894338048995,0.0019912029254017106,5,4.279989739354969,0,2
110,811,0.2414409134567712,1.0,0.015485894338048995,0.0019912029254017106,5,4.2539755420877094,0,2
111,816,0.23970347399729122,1.0,0.015485894338048995,0.0019912029254017106,5,4.41082378831899,0,2
112,821,0.25174710828042984,1.0,0.015485894338048995,0.0019912029254017106,5,4.770964468863098,0,2
113,826,0.2560804375766523,1.0,0.015485894338048995,0.0019912029254017106,5,4.663852180861955,0,2
114,831,0.2717230162519148,1.0,0.015485894338048995,0.0019912029254017106,5,4.785637312140315,0,2
115,836,0.27059423597933835,1.0,0.015485894338048995,0.0019912029254017106,5,4.754930535802137,0,2
116,841,0.2681708436711432,0.4,0.015485894338048995,0.0019912029254017106,5,4.64927785917922,0,2
117,846,0.26927991780551574,1.0,0.015485894338048995,0.0019912029254017106,5,4.676993597072437,0,2
118,851,0.2741196213578306,1.0,0.015485894338048995,0.0019912029254017106,5,4.840319664044559,0,2
119,856,0.27603401544530876,1.0,0.015485894338048995,0.0019912029254017106,5,5.1479645809934835,0,2
120,861,0.2925917448638418,1.0,0.015485894338048995,0.0019912029254017106,5,5.140029514023219,0,2
121,866,0.29821931518593664,1.0,0.015485894338048995,0.0019912029254017106,5,5.316059763415366,0,2
122,871,0.299903411006155,1.0,0.015485894338048995,0.0019912029254017106,5,5.319201246097899,0,2
123,876,0.2917115953124325,1.0,0.015485894338048995,0.0019912029254017106,5,5.797150980644469,0,2
124,881,0.27017355597368925,1.0,0.015485894338048995,0.0019912029254017106,5,5.954517729781703,0,2
125,886,0.26425536306464176,1.0,0.015485894338048995,0.0019912029254017106,5,6.726276791538832,0,2
126,891,0.26064218328203137,1.0,0.015485894338048995,0.0019912029254017106,5,6.8921243398294925,0,2
127,896,0.2528097081488134,1.0,0.015485894338048995,0.0019912029254017106,5,6.940155148300744,0,2
128,901,0.2437700061978217,1.0,0.015485894338048995,0.0019912029254017106,5,6.738780471340883,0,2
129,906,0.2349064944643058,1.0,0.015485894338048995,0.0019912029254017106,5,6.695118422149848,0,2
130,911,0.2343872151976583,1.0,0.015485894338048995,0.0019912029254017106,5,6.735475954078614,0,2
131,916,0.2540861619361999,0.8,0.015485894338048995,0.0019912029254017106,5,6.831951881617498,0,2
132,921,0.2675168107732777,1.0,0.015485894338048995,0.0019912029254017106,5,7.444498422743496,0,2
133,925,0.2663706992455852,1.0,0.015485894338048995,0.0019912029254017106,4,7.95354855674979,0,2
134,929,0.2714705503836247,1.0,0.015485894338048995,0.0019912029254017106,4,7.613527029065137,0,2
135,933,0.2627032492683828,1.0,0.015485894338048995,0.0019912029254017106,4,8.466557789128617,0,2
136,937,0.25007474161868537,1.0,0.015485894338048995,0.0019912029254017106,4,7.888062918082371,0,2
137,941,0.2389800919093963,1.0,0.015485894338048995,0.0019912029254017106,4,7.979306454489385,0,2
138,945,0.22796603484637518,1.0,0.015485894338048995,0.0019912029254017106,4,7.807859214262924,0,2
139,949,0.21979239909071588,1.0,0.015485894338048995,0.0019912029254017106,4,7.398731504630016,0,2
140,953,0.22290731437108144,1.0,0.015485894338048995,0.0019912029254017106,4,7.366278187150206,0,2
141,957,0.21971609003228507,1.0,0.015485894338048995,0.0019912029254017106,4,7.233664835247454,0,2
142,961,0.2087491855597445,1.0,0.015485894338048995,0.0019912029254017106,4,6.789426270714613,0,2
143,965,0.20001794015580948,1.0,0.015485894338048995,0.0019912029254017106,4,6.800094342235646,0,2
144,969,0.19328132111896237,1.0,0.015485894338048995,0.0019912029254017106,4,6.804987336134944,0,2
145,973,0.18883355772965876,1.0,0.015485894338048995,0.0019912029254017106,4,6.552477136878629,0,2
146,977,0.18596513967856684,1.0,0.015485894338048995,0.0019912029254017106,4,6.597090878455445,0,2
147,981,0.18446694823461549,1.0,0.015485894338048995,0.0019912029254017106,4,6.687884783831434,0,2
148,985,0.18105193366167813,1.0,0.015485894338048995,0.0019912029254017106,4,6.7206533794492245,0,2
149,989,0.1766629940952141,1.0,0.015485894338048995,0.0019912029254017106,4,6.792717447693742,0,2
150,993,0.17679922033501497,1.0,0.015485894338048995,0.0019912029254017106,4,6.975013610892519,0,2
151,997,0.16936669320484118,1.0,0.015485894338048995,0.0019912029254017106,4,7.124441273316271,0,2
152,1001,0.16013986938033786,1.0,0.015485894338048995,0.0019912029254017106,4,7.147877520963678,0,2
0,10,0.9164913725765049,0.4,0.015283824524751714,0.02015428276120837,10,1.1360714391812479,1,2
1,20,0.9046785162377775,1.0,0.015283824524751714,0.02015428276120837,10,1.2740769551652054,1,2
2,30,0.8627423280565228,1.0,0.015283824524751714,0.02015428276120837,10,1.3389252005360286,1,2
3,40,0.820585734900163,1.0,0.015283824524751714,0.02015428276120837,10,1.3552438956413038,1,2
4,50,0.8192936961127486,1.0,0.015283824524751714,0.02015428276120837,10,1.3822926635615884,1,2
5,60,0.8897272957936431,1.0,0.015283824524751714,0.02015428276120837,10,1.4463859255715026,1,2
6,70,0.9600157165297631,1.0,0.015283824524751714,0.02015428276120837,10,1.516420820913787,1,2
7,80,0.9494972421516543,1.0,0.015283824524751714,0.02015428276120837,10,1.5525935386742538,1,2
8,90,0.9577331785437446,1.0,0.015283824524751714,0.02015428276120837,10,1.620547921080995,1,2
9,100,0.942617648859016,1.0,0.015283824524751714,0.02015428276120837,10,1.7795137171468123,1,2
10,110,0.904950239439117,1.0,0.015283824524751714,0.02015428276120837,10,1.8270664333356517,1,2
11,120,0.8715754043962205,1.0,0.015283824524751714,0.02015428276120837,10,1.872143187933105,1,2
12,130,0.8684596303839719,1.0,0.015283824524751714,0.02015428276120837,10,1.8600504687010517,1,2
13,140,0.8441238518173383,1.0,0.015283824524751714,0.02015428276120837,10,1.8819033266926368,1,2
14,150,0.81908744616318,1.0,0.015283824524751714,0.02015428276120837,10,2.000942142041267,1,2
15,160,0.8142816058131328,1.0,0.015283824524751714,0.02015428276120837,10,2.05710416347806,1,2
16,170,0.8524109111816542,1.0,0.015283824524751714,0.02015428276120837,10,2.0298133038157427,1,2
17,179,0.9039641247310621,1.0,0.015350351177806146,0.0134347415789843,9,2.1584673582692195,1,2
18,188,1.0035129400428136,1.0,0.015350351177806146,0.0134347415789843,9,2.1571507077904952,1,2
19,197,1.061103276483153,1.0,0.015350351177806146,0.0134347415789843,9,2.133384548058044,1,2
20,206,1.129351154335834,1.0,0.015350351177806146,0.0134347415789843,9,2.1747561422519044,1,2
21,215,1.2474868793716225,1.0,0.015350351177806146,0.0134347415789843,9,2.241640414108994,1,2
22,224,1.297876378913679,1.0,0.015350351177806146,0.0134347415789843,9,2.2183130623225007,1,2
23,233,1.311237330552521,1.0,0.015350351177806146,0.0134347415789843,9,2.265484068730632,1,2
24,242,1.2015001088075912,1.0,0.015350351177806146,0.0134347415789843,9,2.2695197238693985,1,2
25,251,1.263587077564556,1.0,0.015350351177806146,0.0134347415789843,9,2.361439827168736,1,2
26,260,1.212875491121802,1.0,0.015350351177806146,0.0134347415789843,9,2.366320826408862,1,2
27,269,1.191411028199042,1.0,0.015350351177806146,0.0134347415789843,9,2.354678420042787,1,2
28,278,1.1492152987905322,1.0,0.015350351177806146,0.0134347415789843,9,2.491778389937048,1,2
29,287,1.1869678493417963,1.0,0.015350351177806146,0.0134347415789843,9,2.461036864498325,1,2
30,296,1.2427998438664711,1.0,0.015350351177806146,0.0134347415789843,9,2.4655719581514646,1,2
31,305,1.2306345771827083,1.0,0.015350351177806146,0.0134347415789843,9,2.4876629132801207,1,2
32,314,1.198943720828617,1.0,0.015350351177806146,0.0134347415789843,9,2.553594378820979,1,2
33,323,1.2303513260565921,1.0,0.015350351177806146,0.0134347415789843,9,2.5351636523735626,1,2
34,332,1.258773716495735,1.0,0.015350351177806146,0.0134347415789843,9,2.508665704527682,1,2
35,341,1.2565727149783705,1.0,0.015350351177806146,0.0134347415789843,9,2.553122137032747,1,2
36,350,1.23928929798911,1.0,0.015350351177806146,0.0134347415789843,9,2.556587587601685,1,2
37,359,1.2292527025118452,1.0,0.015350351177806146,0.0134347415789843,9,2.602746987767141,1,2
38,368,1.1618467678456348,1.0,0.015350351177806146,0.0134347415789843,9,2.5809650773030617,1,2
39,377,1.0785729690051862,1.0,0.015350351177806146,0.0134347415789843,9,2.697731256670061,1,2
40,386,1.0600566795092732,1.0,0.015350351177806146,0.0134347415789843,9,2.7585496892781376,1,2
41,395,1.00538041048908,1.0,0.015350351177806146,0.0134347415789843,9,2.8019572620296436,1,2
42,404,0.9413492576087249,1.0,0.015350351177806146,0.0134347415789843,9,2.8800758111176767,1,2
43,413,0.9227409963971657,1.0,0.015350351177806146,0.0134347415789843,9,2.7601039471239073,1,2
44,422,0.9184396718554629,1.0,0.015350351177806146,0.0134347415789843,9,2.999009849318957,1,2
45,431,0.9118899789524594,1.0,0.015350351177806146,0.0134347415789843,9,2.9234333740282037,1,2
46,440,0.8910876558474643,1.0,0.015350351177806146,0.0134347415789843,9,2.9596364838893954,1,2
47,449,0.8430848441718116,1.0,0.015350351177806146,0.0134347415789843,9,2.947023900583242,1,2
48,458,0.8387912668357911,1.0,0.015350351177806146,0.0134347415789843,9,2.99575749816852,1,2
49,467,0.8032594461861535,1.0,0.015350351177806146,0.0134347415789843,9,2.9887460152396175,1,2
50,476,0.748361254285096,1.0,0.015350351177806146,0.0134347415789843,9,2.983255550115688,1,2
51,485,0.7352213073656031,1.0,0.015350351177806146,0.0134347415789843,9,3.0262706310013643,1,2
52,494,0.7465131336694484,1.0,0.015350351177806146,0.0134347415789843,9,3.0075380705023322,1,2
53,503,0.7813359902099584,1.0,0.015350351177806146,0.0134347415789843,9,3.1733529030355823,1,2
54,511,0.8527975208723915,1.0,0.015350351177806146,0.0134347415789843,8,3.2284520126823946,1,2
55,519,0.8238688401025971,1.0,0.015350351177806146,0.0134347415789843,8,3.2198009121714377,1,2
56,527,0.8350307346964367,1.0,0.015350351177806146,0.0134347415789843,8,3.11421118276416,1,2
57,535,0.942483354639358,1.0,0.015350351177806146,0.0134347415789843,8,3.211559086277768,1,2
58,543,0.9960642208315904,1.0,0.015350351177806146,0.0134347415789843,8,3.2900961170988667,1,2
59,551,1.032663844147292,1.0,0.015350351177806146,0.0134347415789843,8,3.3760172484420656,1,2
60,559,0.9952894062310375,1.0,0.015350351177806146,0.0134347415789843,8,3.399594550011874,1,2
61,567,0.9743670430594074,1.0,0.015350351177806146,0.0134347415789843,8,3.4720626314116987,1,2
62,575,0.9270083736711487,1.0,0.015350351177806146,0.0134347415789843,8,3.484800163773028,1,2
63,583,0.8518544883406062,1.0,0.015350351177806146,0.0134347415789843,8,3.4344489416100847,1,2
64,591,0.8110735225390603,1.0,0.015350351177806146,0.0134347415789843,8,3.5934086852920624,1,2
65,599,0.7712008194079838,1.0,0.015350351177806146,0.0134347415789843,8,3.590035517911661,1,2
66,607,0.6949255450591258,1.0,0.015350351177806146,0.0134347415789843,8,3.5390088315631862,1,2
67,615,0.675134588283099,1.0,0.015350351177806146,0.0134347415789843,8,3.618877176208203,1,2
68,623,0.6504233684940695,1.0,0.015350351177806146,0.0134347415789843,8,3.721847547742634,1,2
69,631,0.6162684801680192,1.0,0.015350351177806146,0.0134347415789843,8,3.984135831204723,1,2
70,639,0.6061914348656405,1.0,0.015350351177806146,0.0134347415789843,8,4.109047070972556,1,2
71,647,0.5612864168012377,1.0,0.015350351177806146,0.0134347415789843,8,4.008448754935457,1,2
72,655,0.5478999817409188,1.0,0.015350351177806146,0.0134347415789843,8,3.9378611470972102,1,2
73,663,0.5250874167268975,1.0,0.015350351177806146,0.0134347415789843,8,4.027921608892656,1,2
74,671,0.5259352464624243,1.0,0.015350351177806146,0.0134347415789843,8,4.117020270620876,1,2
75,679,0.5352711483764606,1.0,0.015350351177806146,0.0134347415789843,8,4.311464856366769,1,2
76,687,0.5326544151827274,1.0,0.015350351177806146,0.0134347415789843,8,4.3713764869412985,1,2
77,695,0.5384508744427972,1.0,0.015350351177806146,0.0134347415789843,8,4.6539680455336585,1,2
78,703,0.538810223909219,1.0,0.015350351177806146,0.0134347415789843,8,4.853658826480866,1,2
79,711,0.534614353535884,1.0,0.015350351177806146,0.0134347415789843,8,4.856722611859009,1,2
80,719,0.5246530656304301,1.0,0.015350351177806146,0.0134347415789843,8,4.758312458711881,1,2
81,727,0.5273890610704395,1.0,0.015350351177806146,0.0134347415789843,8,4.695201151890336,1,2
82,735,0.5481092184861922,1.0,0.015350351177806146,0.0134347415789843,8,4.9370478578791,1,2
83,743,0.5116063892821223,1.0,0.015350351177806146,0.0134347415789843,8,5.078048028302284,1,2
84,751,0.4901763804828814,1.0,0.015350351177806146,0.0134347415789843,8,5.177757813706347,1,2
85,759,0.4990070312165225,1.0,0.015350351177806146,0.0134347415789843,8,5.058141033408575,1,2
86,767,0.5231966787870302,1.0,0.015350351177806146,0.0134347415789843,8,5.043364733109534,1,2
87,775,0.5343637175132754,1.0,0.015350351177806146,0.0134347415789843,8,4.967769708141957,1,2
88,783,0.56308859250672,1.0,0.015350351177806146,0.0134347415789843,8,4.922629403361231,1,2
89,791,0.56550002943227,1.0,0.015350351177806146,0.0134347415789843,8,5.109663718092574,1,2
90,799,0.5544103153822443,1.0,0.015350351177806146,0.0134347415789843,8,5.171580643345987,1,2
91,807,0.5523398922504493,1.0,0.015350351177806146,0.0134347415789843,8,5.218456187097572,1,2
92,815,0.5226709677912054,1.0,0.015350351177806146,0.0134347415789843,8,5.337678788750609,1,2
93,823,0.49856639122779733,1.0,0.015350351177806146,0.0134347415789843,8,5.483185282155744,1,2
94,831,0.47062259145755714,1.0,0.015350351177806146,0.0134347415789843,8,5.594862834646331,1,2
95,839,0.43948714411073647,1.0,0.015350351177806146,0.0134347415789843,8,5.423025740442724,1,2
96,846,0.41597915625616283,1.0,0.01541798803902277,0.007143250586288005,7,5.441483884058068,1,2
97,853,0.4089696453005035,1.0,0.01541798803902277,0.007143250586288005,7,5.547443686963931,1,2
98,860,0.3902311935704956,1.0,0.01541798803902277,0.007143250586288005,7,5.465170773497355,1,2
99,867,0.37925092403494215,1.0,0.01541798803902277,0.007143250586288005,7,5.447966157319338,1,2
100,874,0.3725733430370014,1.0,0.01541798803902277,0.007143250586288005,7,5.453948934491753,1,2
101,881,0.35933623941006515,1.0,0.01541798803902277,0.007143250586288005,7,5.463606208604353,1,2
102,888,0.3571602642785217,1.0,0.01541798803902277,0.007143250586288005,7,5.492244622343944,1,2
103,895,0.35781431006966674,1.0,0.01541798803902277,0.007143250586288005,7,5.772923480442711,1,2
104,902,0.34376396538467946,1.0,0.01541798803902277,0.007143250586288005,7,5.903455368296037,1,2
105,909,0.32615405832983047,1.0,0.01541798803902277,0.007143250586288005,7,5.626729435071944,1,2
106,916,0.2989540648083931,1.0,0.01541798803902277,0.007143250586288005,7,5.753076625316135,1,2
107,923,0.28575517050550925,1.0,0.01541798803902277,0.007143250586288005,7,5.651246722665261,1,2
108,930,0.2831425857082236,1.0,0.01541798803902277,0.007143250586288005,7,5.667177723179403,1,2
109,937,0.28064819715254635,1.0,0.01541798803902277,0.007143250586288005,7,5.720463881356842,1,2
110,944,0.2599542284155193,1.0,0.01541798803902277,0.007143250586288005,7,5.9463644738225625,1,2
111,951,0.24766648708636468,1.0,0.01541798803902277,0.007143250586288005,7,6.047909444532565,1,2
112,958,0.22692682916876508,1.0,0.01541798803902277,0.007143250586288005,7,6.302898473808082,1,2
113,965,0.22032533462659318,1.0,0.01541798803902277,0.007143250586288005,7,6.456602890324676,1,2
114,972,0.22177819410756744,1.0,0.01541798803902277,0.007143250586288005,7,6.324211253861915,1,2
115,979,0.21145870356542196,1.0,0.01541798803902277,0.007143250586288005,7,6.571949214645606,1,2
116,986,0.21107132927340994,1.0,0.01541798803902277,0.007143250586288005,7,6.635096322856069,1,2
117,993,0.20674403989489842,1.0,0.01541798803902277,0.007143250586288005,7,6.801263576657181,1,2
118,1000,0.20873796279818382,1.0,0.01541798803902277,0.007143250586288005,7,6.735634102103904,1,2
119,1007,0.20951058124356922,1.0,0.01541798803902277,0.007143250586288005,7,6.785716938132568,1,2
120,1014,0.22305082972616147,1.0,0.01541798803902277,0.007143250586288005,7,6.875825440682218,1,2
121,1021,0.22647842471025983,1.0,0.01541798803902277,0.007143250586288005,7,7.438785879524379,1,2
122,1028,0.22700754792544314,1.0,0.01541798803902277,0.007143250586288005,7,7.470441084920028,1,2
123,1035,0.22262930875930176,1.0,0.01541798803902277,0.007143250586288005,7,7.330119399966734,1,2
124,1042,0.22343085941841756,1.0,0.01541798803902277,0.007143250586288005,7,7.213209196354172,1,2
125,1049,0.22024104466441097,1.0,0.01541798803902277,0.007143250586288005,7,7.289541138053033,1,2
126,1056,0.20697273618191603,1.0,0.01541798803902277,0.007143250586288005,7,7.17255900205795,1,2
127,1063,0.20646218190810214,1.0,0.01541798803902277,0.007143250586288005,7,7.101626801566151,1,2
128,1070,0.21289928119882304,1.0,0.01541798803902277,0.007143250586288005,7,7.161159506342565,1,2
129,1077,0.23477426630175893,1.0,0.01541798803902277,0.007143250586288005,7,7.119895389330426,1,2
130,1084,0.24930859677473746,1.0,0.01541798803902277,0.007143250586288005,7,7.1633451110947375,1,2
131,1091,0.2648309370000216,1.0,0.01541798803902277,0.007143250586288005,7,7.094767526198283,1,2
132,1098,0.28040268145418323,1.0,0.01541798803902277,0.007143250586288005,7,7.130313893886577,1,2
133,1105,0.2906374486888437,0.8571428571428571,0.01541798803902277,0.007143250586288005,7,7.2569147950712685,1,2
134,1112,0.30066398757761803,1.0,0.01541798803902277,0.007143250586288005,7,7.473090962815183,1,2
135,1119,0.2986249718115822,1.0,0.01541798803902277,0.007143250586288005,7,7.51886005998555,1,2
136,1126,0.3068002282670263,1.0,0.01541798803902277,0.007143250586288005,7,7.478652196417783,1,2
137,1133,0.2931412193211662,1.0,0.01541798803902277,0.007143250586288005,7,7.660030178245492,1,2
138,1140,0.2756860066799931,1.0,0.01541798803902277,0.007143250586288005,7,7.667035435078446,1,2
139,1147,0.25945797245016117,1.0,0.01541798803902277,0.007143250586288005,7,7.475460345159256,1,2
140,1154,0.2613418988733504,1.0,0.01541798803902277,0.007143250586288005,7,7.213767335047195,1,2
141,1161,0.24767343415963014,1.0,0.01541798803902277,0.007143250586288005,7,7.391745720197697,1,2
142,1168,0.2503615786617939,1.0,0.01541798803902277,0.007143250586288005,7,7.490994678460123,1,2
143,1174,0.23999499125156262,1.0,0.01541798803902277,0.007143250586288005,6,8.126275187071238,1,2
144,1180,0.24362356317280498,1.0,0.01541798803902277,0.007143250586288005,6,7.954053085868503,1,2
145,1186,0.24658807121654466,1.0,0.01541798803902277,0.007143250586288005,6,8.126963233244762,1,2
146,1192,0.2577225928715478,0.16666666666666666,0.01541798803902277,0.007143250586288005,6,8.207648656478568,1,2
147,1198,0.27742250997446044,1.0,0.01541798803902277,0.007143250586288005,6,8.568957784745209,1,2
148,1204,0.26678822321441714,1.0,0.01541798803902277,0.007143250586288005,6,8.836810226139715,1,2
149,1210,0.2529058401214325,1.0,0.01541798803902277,0.007143250586288005,6,9.139556347457397,1,2
150,1216,0.2535229315988028,1.0,0.01541798803902277,0.007143250586288005,6,9.123635382074754,1,2
151,1222,0.24752628401152668,1.0,0.01541798803902277,0.007143250586288005,6,8.693488801831563,1,2
152,1228,0.25178376394030955,1.0,0.01541798803902277,0.007143250586288005,6,8.25642011137819,1,2
153,1234,0.25529155827138433,1.0,0.01541798803902277,0.007143250586288005,6,8.532218336584258,1,2
154,1240,0.251956490072101,1.0,0.01541798803902277,0.007143250586288005,6,8.546382430562941,1,2
155,1246,0.2591572663557695,1.0,0.01541798803902277,0.007143250586288005,6,8.72430710270669,1,2
156,1252,0.26851516275194676,1.0,0.01541798803902277,0.007143250586288005,6,8.814273015043426,1,2
157,1258,0.2785407762606876,0.3333333333333333,0.01541798803902277,0.007143250586288005,6,9.666045271645809,1,2
158,1264,0.3089886903072459,1.0,0.01541798803902277,0.007143250586288005,6,10.173830323172854,1,2
159,1270,0.3344458174803567,1.0,0.01541798803902277,0.007143250586288005,6,10.04034665258231,1,2
160,1276,0.33956713020451135,1.0,0.01541798803902277,0.007143250586288005,6,9.97567549028319,1,2
161,1282,0.32879056523040406,1.0,0.01541798803902277,0.007143250586288005,6,10.13679240057859,1,2
162,1288,0.32500351654839504,0.8333333333333334,0.01541798803902277,0.007143250586288005,6,10.081744878299098,1,2
163,1294,0.3282927247198802,1.0,0.01541798803902277,0.007143250586288005,6,10.16198574299822,1,2
164,1300,0.33582129819484713,1.0,0.01541798803902277,0.007143250586288005,6,10.126159760974238,1,2
165,1306,0.35797245184498044,1.0,0.01541798803902277,0.007143250586288005,6,10.302433932984679,1,2
166,1312,0.35054833739598384,1.0,0.01541798803902277,0.007143250586288005,6,10.058647026564781,1,2
167,1318,0.3597925446324294,0.3333333333333333,0.01541798803902277,0.007143250586288005,6,10.302521500965055,1,2
168,1324,0.37210728514442604,1.0,0.01541798803902277,0.007143250586288005,6,10.820885633647706,1,2
169,1330,0.3861871428272932,1.0,0.01541798803902277,0.007143250586288005,6,10.482734878933943,1,2
170,1336,0.3910436829218329,1.0,0.01541798803902277,0.007143250586288005,6,9.889405968435709,1,2
171,1342,0.391001853616286,1.0,0.01541798803902277,0.007143250586288005,6,9.343170315641412,1,2
172,1348,0.3807918556800524,1.0,0.01541798803902277,0.007143250586288005,6,9.861219915813134,1,2
173,1354,0.38746451956573486,1.0,0.01541798803902277,0.007143250586288005,6,9.868753089272275,1,2
174,1360,0.3969758004205989,1.0,0.01541798803902277,0.007143250586288005,6,9.963291470412624,1,2
175,1366,0.4028490158762372,1.0,0.01541798803902277,0.007143250586288005,6,11.036354115079984,1,2
176,1372,0.39802957035678116,1.0,0.01541798803902277,0.007143250586288005,6,11.143536568965596,1,2
177,1378,0.3769051323643365,1.0,0.01541798803902277,0.007143250586288005,6,11.32917801405808,1,2
178,1384,0.358194855422665,1.0,0.01541798803902277,0.007143250586288005,6,10.776353634387002,1,2
179,1390,0.3304307146167557,1.0,0.01541798803902277,0.007143250586288005,6,12.065176329635653,1,2
180,1396,0.32792206107558647,1.0,0.01541798803902277,0.007143250586288005,6,12.623555537314731,1,2
181,1402,0.3173978808874482,1.0,0.01541798803902277,0.007143250586288005,6,12.519391437128132,1,2
182,1408,0.334516406491727,1.0,0.01541798803902277,0.007143250586288005,6,12.337157869811081,1,2
183,1414,0.3388626333797982,1.0,0.01541798803902277,0.007143250586288005,6,12.228947179561677,1,2
184,1420,0.33788769097632976,1.0,0.01541798803902277,0.007143250586288005,6,11.888159326544306,1,2
185,1426,0.3456495641662929,1.0,0.01541798803902277,0.007143250586288005,6,12.30607726527716,1,2
186,1432,0.35702668640639046,1.0,0.01541798803902277,0.007143250586288005,6,12.052938197215573,1,2
187,1438,0.36422390395105086,1.0,0.01541798803902277,0.007143250586288005,6,11.732835848833155,1,2
188,1444,0.37632634744095067,1.0,0.01541798803902277,0.007143250586288005,6,11.709390766067498,1,2
189,1450,0.3809045902195338,1.0,0.01541798803902277,0.007143250586288005,6,11.969464586634965,1,2
190,1456,0.38878574416658784,1.0,0.01541798803902277,0.007143250586288005,6,11.914793959089632,1,2
191,1462,0.41080212387267234,1.0,0.01541798803902277,0.007143250586288005,6,12.195976205337278,1,2
192,1468,0.4152432029457034,1.0,0.01541798803902277,0.007143250586288005,6,12.239759594791224,1,2
193,1474,0.4462725325483083,1.0,0.01541798803902277,0.007143250586288005,6,11.995691844528842,1,2
194,1480,0.470536863226447,1.0,0.01541798803902277,0.007143250586288005,6,12.232933439917781,1,2
195,1486,0.4836181063719793,0.0,0.01541798803902277,0.007143250586288005,6,11.902223600533947,1,2
196,1492,0.48218574038771733,1.0,0.01541798803902277,0.007143250586288005,6,11.91648618830604,1,2
197,1498,0.4954385335133189,1.0,0.01541798803902277,0.007143250586288005,6,12.103396438839958,1,2
198,1504,0.5147762506290444,1.0,0.01541798803902277,0.007143250586288005,6,11.65810342680517,1,2
199,1509,0.5522346085318011,1.0,0.015485894338048995,0.0019912029254017106,5,11.741772353706946,1,2
200,1514,0.5517555510739314,1.0,0.015485894338048995,0.0019912029254017106,5,11.594316850952,1,2
201,1519,0.5544457092818358,1.0,0.015485894338048995,0.0019912029254017106,5,11.734269992404236,1,2
202,1524,0.5294295190635182,1.0,0.015485894338048995,0.0019912029254017106,5,11.71386484185634,1,2
203,1529,0.5324638085546732,1.0,0.015485894338048995,0.0019912029254017106,5,11.781309828796939,1,2
204,1534,0.527066626620161,1.0,0.015485894338048995,0.0019912029254017106,5,11.950982863739064,1,2
205,1539,0.5371239787629896,1.0,0.015485894338048995,0.0019912029254017106,5,11.262559533992652,1,2
206,1544,0.5251885464771131,1.0,0.015485894338048995,0.0019912029254017106,5,11.403822281973822,1,2
207,1549,0.4857237451705217,1.0,0.015485894338048995,0.0019912029254017106,5,11.319644736753123,1,2
208,1554,0.48978555748154284,1.0,0.015485894338048995,0.0019912029254017106,5,11.202042431073867,1,2
209,1559,0.5014024775024453,1.0,0.015485894338048995,0.0019912029254017106,5,11.547373661553575,1,2
210,1564,0.5030324390991163,1.0,0.015485894338048995,0.0019912029254017106,5,11.525038891940033,1,2
211,1569,0.5081495888101777,1.0,0.015485894338048995,0.0019912029254017106,5,11.553368328900468,1,2
212,1574,0.5163998071948844,1.0,0.015485894338048995,0.0019912029254017106,5,11.793411748834702,1,2
213,1579,0.49943268309981603,1.0,0.015485894338048995,0.0019912029254017106,5,11.990876944588795,1,2
214,1584,0.47462588166107167,1.0,0.015485894338048995,0.0019912029254017106,5,11.282272547834584,1,2
215,1589,0.44612371147862817,1.0,0.015485894338048995,0.0019912029254017106,5,11.078635680924444,1,2
216,1594,0.43133348064814586,1.0,0.015485894338048995,0.0019912029254017106,5,10.787807939231675,1,2
217,1599,0.4205056363887002,1.0,0.015485894338048995,0.0019912029254017106,5,11.052042004924017,1,2
218,1604,0.40069496750883477,1.0,0.015485894338048995,0.0019912029254017106,5,11.837507562406964,1,2
219,1609,0.37825835471947117,1.0,0.015485894338048995,0.0019912029254017106,5,12.660247091892858,1,2
220,1614,0.3708420946256547,1.0,0.015485894338048995,0.0019912029254017106,5,12.561687201985235,1,2
221,1619,0.3471469140676599,1.0,0.015485894338048995,0.0019912029254017106,5,12.586577443872292,1,2
222,1624,0.33398159080554585,1.0,0.015485894338048995,0.0019912029254017106,5,12.998460575750585,1,2
223,1629,0.32937828277942666,1.0,0.015485894338048995,0.0019912029254017106,5,14.010987623359934,1,2
224,1634,0.3303940562377804,1.0,0.015485894338048995,0.0019912029254017106,5,14.376355180692304,1,2
225,1639,0.32171509609361465,1.0,0.015485894338048995,0.0019912029254017106,5,14.661367964888026,1,2
226,1644,0.3156383554025824,1.0,0.015485894338048995,0.0019912029254017106,5,14.962618712255045,1,2
227,1649,0.2944034129601025,1.0,0.015485894338048995,0.0019912029254017106,5,14.95986247427334,1,2
228,1654,0.27312891353545615,1.0,0.015485894338048995,0.0019912029254017106,5,14.914536891156573,1,2
229,1659,0.26691680072464596,1.0,0.015485894338048995,0.0019912029254017106,5,15.868135743862979,1,2
230,1664,0.25520593331498703,1.0,0.015485894338048995,0.0019912029254017106,5,16.044191463269122,1,2
231,1669,0.25062452999853685,1.0,0.015485894338048995,0.0019912029254017106,5,15.23947795206491,1,2
232,1674,0.24530664397409033,1.0,0.015485894338048995,0.0019912029254017106,5,15.065836263747931,1,2
233,1679,0.239405303986881,1.0,0.015485894338048995,0.0019912029254017106,5,15.516408014185322,1,2
234,1684,0.2405154200200585,1.0,0.015485894338048995,0.0019912029254017106,5,15.691060778500413,1,2
235,1689,0.25801680686285994,1.0,0.015485894338048995,0.0019912029254017106,5,15.901319443164093,1,2
236,1694,0.2697242355116058,1.0,0.015485894338048995,0.0019912029254017106,5,17.360200797934063,1,2
237,1699,0.28824435001184456,1.0,0.015485894338048995,0.0019912029254017106,5,17.968611533928474,1,2
238,1704,0.29892225111949017,1.0,0.015485894338048995,0.0019912029254017106,5,18.57415769914647,1,2
239,1709,0.31721103801743084,1.0,0.015485894338048995,0.0019912029254017106,5,18.800329486769506,1,2
240,1714,0.32505545099878186,1.0,0.015485894338048995,0.0019912029254017106,5,18.679542156461554,1,2
241,1719,0.3301509034552226,1.0,0.015485894338048995,0.0019912029254017106,5,19.314926724849084,1,2
242,1724,0.32697802635647216,1.0,0.015485894338048995,0.0019912029254017106,5,20.14958141693604,1,2
243,1729,0.3192688179069538,1.0,0.015485894338048995,0.0019912029254017106,5,20.241054432789298,1,2
244,1734,0.30058054802570894,1.0,0.015485894338048995,0.0019912029254017106,5,20.46542058430019,1,2
245,1739,0.2924447353878528,1.0,0.015485894338048995,0.0019912029254017106,5,20.231493252179867,1,2
246,1744,0.26734957108536944,1.0,0.015485894338048995,0.0019912029254017106,5,19.46352369415011,1,2
247,1749,0.2568392037444313,1.0,0.015485894338048995,0.0019912029254017106,5,20.119639498878474,1,2
248,1754,0.24651881817587498,1.0,0.015485894338048995,0.0019912029254017106,5,20.246321017644963,1,2
249,1759,0.23206988331440756,1.0,0.015485894338048995,0.0019912029254017106,5,20.768888426573927,1,2
250,1764,0.22124574109657336,1.0,0.015485894338048995,0.0019912029254017106,5,21.588817520188847,1,2
251,1769,0.21310996030496757,1.0,0.015485894338048995,0.0019912029254017106,5,21.92002480075826,1,2
252,1774,0.1998691397191497,1.0,0.015485894338048995,0.0019912029254017106,5,21.91627094843361,1,2
253,1779,0.18988777068028953,1.0,0.015485894338048995,0.0019912029254017106,5,21.070804800797433,1,2
254,1784,0.18155918992386672,1.0,0.015485894338048995,0.0019912029254017106,5,19.213457579745494,1,2
255,1789,0.17956870155287913,1.0,0.015485894338048995,0.0019912029254017106,5,18.50456542083692,1,2
256,1794,0.1760453279668026,1.0,0.015485894338048995,0.0019912029254017106,5,18.485935338539324,1,2
257,1799,0.17505394834869623,1.0,0.015485894338048995,0.0019912029254017106,5,19.256693851408645,1,2
258,1804,0.17356643215029122,1.0,0.015485894338048995,0.0019912029254017106,5,18.73075591377945,1,2
259,1809,0.16924462904336401,1.0,0.015485894338048995,0.0019912029254017106,5,19.52911709807225,1,2
260,1814,0.1729714130567609,1.0,0.015485894338048995,0.0019912029254017106,5,19.77237014919266,1,2
261,1819,0.16915650117509318,1.0,0.015485894338048995,0.0019912029254017106,5,18.513769139011707,1,2
262,1824,0.16311040330903365,1.0,0.015485894338048995,0.0019912029254017106,5,18.253213983745738,1,2
263,1829,0.1484484611261901,1.0,0.015485894338048995,0.0019912029254017106,5,18.12918734339415,1,2
264,1834,0.13895549691399126,1.0,0.015485894338048995,0.0019912029254017106,5,18.68905989853731,1,2
265,1838,0.12777609704843085,1.0,0.015485894338048995,0.0019912029254017106,4,18.359980349380006,1,2
266,1842,0.12381672413183654,1.0,0.015485894338048995,0.0019912029254017106,4,19.365247510467825,1,2
267,1846,0.12215373624595374,1.0,0.015485894338048995,0.0019912029254017106,4,19.945165478343526,1,2
268,1850,0.12348989478961171,1.0,0.015485894338048995,0.0019912029254017106,4,19.706350200103703,1,2
269,1854,0.12162156368071787,1.0,0.015485894338048995,0.0019912029254017106,4,19.850116794326144,1,2
270,1858,0.11730900157877247,1.0,0.015485894338048995,0.0019912029254017106,4,19.362728289537177,1,2
271,1862,0.11478747873080605,1.0,0.015485894338048995,0.0019912029254017106,4,20.35392583794441,1,2
272,1866,0.11367007519674649,1.0,0.015485894338048995,0.0019912029254017106,4,20.937394216546284,1,2
273,1870,0.10677724732149113,1.0,0.015485894338048995,0.0019912029254017106,4,21.764312887189377,1,2
274,1874,0.09603245086302656,0.0,0.015485894338048995,0.0019912029254017106,4,21.98109583621564,1,2
275,1878,0.08868624241365232,1.0,0.015485894338048995,0.0019912029254017106,4,22.916469576554974,1,2
276,1882,0.08339488362000018,1.0,0.015485894338048995,0.0019912029254017106,4,23.390040549042226,1,2
277,1886,0.08140379430711188,1.0,0.015485894338048995,0.0019912029254017106,4,23.874488717809378,1,2
278,1890,0.07998020677509644,1.0,0.015485894338048995,0.0019912029254017106,4,23.620697725986567,1,2
279,1894,0.07757007179014774,1.0,0.015485894338048995,0.0019912029254017106,4,24.377857298356403,1,2
280,1898,0.07795961644417192,1.0,0.015485894338048995,0.0019912029254017106,4,24.678551611382076,1,2
281,1902,0.07593992533857324,1.0,0.015485894338048995,0.0019912029254017106,4,24.868177622284342,1,2
282,1906,0.0735900357260015,1.0,0.015485894338048995,0.0019912029254017106,4,25.2115394857683,1,2
283,1910,0.0727883408016389,1.0,0.015485894338048995,0.0019912029254017106,4,28.858214740679884,1,2
284,1914,0.06692259119648608,1.0,0.015485894338048995,0.0019912029254017106,4,30.55694053156501,1,2
285,1918,0.06370694551673171,1.0,0.015485894338048995,0.0019912029254017106,4,28.849851502541732,1,2
286,1922,0.06225080920106914,1.0,0.015485894338048995,0.0019912029254017106,4,28.510459344090133,1,2
287,1926,0.059073816356145004,1.0,0.015485894338048995,0.0019912029254017106,4,31.480160539511356,1,2
288,1930,0.05654127998512486,1.0,0.015485894338048995,0.0019912029254017106,4,31.92420254027511,1,2
289,1934,0.05278144090325218,1.0,0.015485894338048995,0.0019912029254017106,4,31.680460876341463,1,2
290,1938,0.04871406387275242,1.0,0.015485894338048995,0.0019912029254017106,4,32.54448127004196,1,2
291,1942,0.04694579543429212,1.0,0.015485894338048995,0.0019912029254017106,4,33.43163116245755,1,2
292,1946,0.04521685222187974,0.0,0.015485894338048995,0.0019912029254017106,4,34.07419859519223,1,2
293,1950,0.042485616227547124,1.0,0.015485894338048995,0.0019912029254017106,4,34.13742806214145,1,2
294,1954,0.0418062228966302,1.0,0.015485894338048995,0.0019912029254017106,4,34.80140401047276,1,2
295,1958,0.042376669792476236,1.0,0.015485894338048995,0.0019912029254017106,4,33.1985061234236,1,2
296,1962,0.04172998963322927,1.0,0.015485894338048995,0.0019912029254017106,4,33.43237620554493,1,2
297,1966,0.04059107662290031,1.0,0.015485894338048995,0.0019912029254017106,4,32.40353340628379,1,2
298,1970,0.04093079927590411,1.0,0.015485894338048995,0.0019912029254017106,4,33.414375168482714,1,2
299,1974,0.040688288419703046,1.0,0.015485894338048995,0.0019912029254017106,4,34.14979958067498,1,2
300,1978,0.04255794489526981,1.0,0.015485894338048995,0.0019912029254017106,4,34.119923886029035,1,2
301,1982,0.04395587390706529,1.0,0.015485894338048995,0.0019912029254017106,4,32.76837777014897,1,2
302,1986,0.04696516914433933,1.0,0.015485894338048995,0.0019912029254017106,4,35.27794443261498,1,2
303,1990,0.047182664311371185,1.0,0.015485894338048995,0.0019912029254017106,4,38.96751403446686,1,2
304,1994,0.048203873753466395,1.0,0.015485894338048995,0.0019912029254017106,4,39.00210972026055,1,2
305,1998,0.049089523833630404,1.0,0.015485894338048995,0.0019912029254017106,4,40.64921436307201,1,2
306,2002,0.04998562042885377,1.0,0.015485894338048995,0.0019912029254017106,4,41.500562073050354,1,2
0,10,1.8921702922977788,0.5,0.015283824524751714,0.02015428276120837,10,1.1168390914678918,2,2
1,20,1.722765311470215,1.0,0.015283824524751714,0.02015428276120837,10,1.2081691134813188,2,2
2,30,1.6590505023776092,1.0,0.015283824524751714,0.02015428276120837,10,1.2136604129014852,2,2
3,40,1.449236254884206,1.0,0.015283824524751714,0.02015428276120837,10,1.2440221453567724,2,2
4,50,1.4127950692776103,1.0,0.015283824524751714,0.02015428276120837,10,1.3007678555497753,2,2
5,60,1.3808268511001127,1.0,0.015283824524751714,0.02015428276120837,10,1.3135752940643577,2,2
6,70,1.3341422088084298,1.0,0.015283824524751714,0.02015428276120837,10,1.35983691592866,2,2
7,80,1.3288024013826103,1.0,0.015283824524751714,0.02015428276120837,10,1.3759582349700314,2,2
8,90,1.3818215089499777,1.0,0.015283824524751714,0.02015428276120837,10,1.4728620483517443,2,2
9,100,1.4351434080687855,1.0,0.015283824524751714,0.02015428276120837,10,1.5553582978581932,2,2
10,110,1.4842629727822862,1.0,0.015283824524751714,0.02015428276120837,10,1.5643095139664995,2,2
11,120,1.5129420598825392,1.0,0.015283824524751714,0.02015428276120837,10,1.5813581864697688,2,2
12,130,1.3516001964263917,1.0,0.015283824524751714,0.02015428276120837,10,1.604535307900329,2,2
13,140,1.2460128656852925,1.0,0.015283824524751714,0.02015428276120837,10,1.6468801581210757,2,2
14,150,1.270463168762111,1.0,0.015283824524751714,0.02015428276120837,10,1.6499479649154392,2,2
15,160,1.3097927909593088,1.0,0.015283824524751714,0.02015428276120837,10,1.7593185345378266,2,2
16,170,1.2860695799540283,1.0,0.015283824524751714,0.02015428276120837,10,1.7755462025192794,2,2
17,180,1.2913429950615833,1.0,0.015283824524751714,0.02015428276120837,10,1.8043388226855792,2,2
18,190,1.310856894669228,1.0,0.015283824524751714,0.02015428276120837,10,1.8750554782398126,2,2
19,200,1.2368382200640191,1.0,0.015283824524751714,0.02015428276120837,10,1.8493453967177222,2,2
20,210,1.25971320988203,1.0,0.015283824524751714,0.02015428276120837,10,1.846939081187617,2,2
21,220,1.2837933208088093,1.0,0.015283824524751714,0.02015428276120837,10,1.8696381126081754,2,2
22,230,1.2155495485765753,1.0,0.015283824524751714,0.02015428276120837,10,1.9398468393366675,2,2
23,240,1.158072097590038,1.0,0.015283824524751714,0.02015428276120837,10,1.8486669984748536,2,2
24,250,1.2184369774036625,1.0,0.015283824524751714,0.02015428276120837,10,1.8916886836132716,2,2
25,260,1.2205449240347197,1.0,0.015283824524751714,0.02015428276120837,10,1.9420299820250362,2,2
26,269,1.2043278989405273,1.0,0.015350351177806146,0.0134347415789843,9,1.9433195176546851,2,2
27,278,1.1715733432379822,1.0,0.015350351177806146,0.0134347415789843,9,1.9587791124823901,2,2
28,287,1.1448864038745088,1.0,0.015350351177806146,0.0134347415789843,9,2.0095544184621135,2,2
29,296,1.1449545899484557,1.0,0.015350351177806146,0.0134347415789843,9,2.0798564082772035,2,2
30,305,1.183202897121278,1.0,0.015350351177806146,0.0134347415789843,9,2.110225651665771,2,2
31,314,1.2123102614889876,1.0,0.015350351177806146,0.0134347415789843,9,2.132848699684412,2,2
32,323,1.272797027423292,1.0,0.015350351177806146,0.0134347415789843,9,2.0692422262900942,2,2
33,332,1.2314305209173955,1.0,0.015350351177806146,0.0134347415789843,9,2.0989233845495123,2,2
34,341,1.1252589740060999,1.0,0.015350351177806146,0.0134347415789843,9,2.0755094987301788,2,2
35,350,1.06177453078969,1.0,0.015350351177806146,0.0134347415789843,9,2.073746900946914,2,2
36,359,1.0504103586177203,1.0,0.015350351177806146,0.0134347415789843,9,2.141089086121372,2,2
37,368,1.0861891872359908,1.0,0.015350351177806146,0.0134347415789843,9,2.104649852598531,2,2
38,377,1.0670425532090522,1.0,0.015350351177806146,0.0134347415789843,9,2.1342166675276926,2,2
39,386,1.0310634422782015,1.0,0.015350351177806146,0.0134347415789843,9,2.2434874519537065,2,2
40,395,1.0627562048171095,1.0,0.015350351177806146,0.0134347415789843,9,2.2661741182612603,2,2
41,404,1.0824214451834184,1.0,0.015350351177806146,0.0134347415789843,9,2.30537104500824,2,2
42,413,1.1293902447131614,1.0,0.015350351177806146,0.0134347415789843,9,2.2810586144674656,2,2
43,422,1.153856473246008,1.0,0.015350351177806146,0.0134347415789843,9,2.3569545921598256,2,2
44,431,1.2971355196315675,1.0,0.015350351177806146,0.0134347415789843,9,2.469058937919189,2,2
45,440,1.4050930038815075,1.0,0.015350351177806146,0.0134347415789843,9,2.4766503263194397,2,2
46,449,1.4647290618312299,1.0,0.015350351177806146,0.0134347415789843,9,2.307097701909475,2,2
47,458,1.4628814189055064,1.0,0.015350351177806146,0.0134347415789843,9,2.3393122997635323,2,2
48,467,1.490982842091874,1.0,0.015350351177806146,0.0134347415789843,9,2.4390606492527582,2,2
49,476,1.464909544759728,1.0,0.015350351177806146,0.0134347415789843,9,2.517869223964356,2,2
50,485,1.446711940262775,1.0,0.015350351177806146,0.0134347415789843,9,2.5835789717200885,2,2
51,494,1.4741025997028514,1.0,0.015350351177806146,0.0134347415789843,9,2.681646723288888,2,2
52,503,1.509143305314953,1.0,0.015350351177806146,0.0134347415789843,9,2.809801901769821,2,2
53,512,1.5241542357488482,1.0,0.015350351177806146,0.0134347415789843,9,2.7319909594741207,2,2
54,521,1.515118959909825,1.0,0.015350351177806146,0.0134347415789843,9,2.6871051299180975,2,2
55,530,1.4696549924371538,1.0,0.015350351177806146,0.0134347415789843,9,2.8083844231211352,2,2
56,539,1.4673677089048718,1.0,0.015350351177806146,0.0134347415789843,9,2.7495644097793623,2,2
57,548,1.4536393607769327,1.0,0.015350351177806146,0.0134347415789843,9,2.9419447447697933,2,2
58,557,1.387640151564557,1.0,0.015350351177806146,0.0134347415789843,9,2.9833038499213713,2,2
59,566,1.253059810622958,1.0,0.015350351177806146,0.0134347415789843,9,3.017196301925123,2,2
60,575,1.1874717416057112,1.0,0.015350351177806146,0.0134347415789843,9,3.0444111524085162,2,2
61,584,1.2128549729956624,1.0,0.015350351177806146,0.0134347415789843,9,3.0041295265229087,2,2
62,593,1.1363894263875713,1.0,0.015350351177806146,0.0134347415789843,9,3.02658438478964,2,2
63,602,1.0936730595629114,1.0,0.015350351177806146,0.0134347415789843,9,2.9748520414446182,2,2
64,611,1.0583895144973343,1.0,0.015350351177806146,0.0134347415789843,9,2.945735899727486,2,2
65,620,1.046333823684454,1.0,0.015350351177806146,0.0134347415789843,9,2.889460886953149,2,2
66,629,1.0193798105444656,1.0,0.015350351177806146,0.0134347415789843,9,3.0173101267130393,2,2
67,638,1.0479214971067918,1.0,0.015350351177806146,0.0134347415789843,9,3.0109475763364677,2,2
68,647,1.030773228408356,1.0,0.015350351177806146,0.0134347415789843,9,3.081719753344705,2,2
69,656,0.9913188059565472,1.0,0.015350351177806146,0.0134347415789843,9,3.113120890644049,2,2
70,665,0.9282702715158343,1.0,0.015350351177806146,0.0134347415789843,9,3.3401364746231157,2,2
71,674,0.8842317018345246,1.0,0.015350351177806146,0.0134347415789843,9,3.2663121466614697,2,2
72,683,0.8805509852299408,1.0,0.015350351177806146,0.0134347415789843,9,3.2897862432797567,2,2
73,692,0.9091070799008679,1.0,0.015350351177806146,0.0134347415789843,9,3.236351223675523,2,2
74,701,0.9329619207294174,1.0,0.015350351177806146,0.0134347415789843,9,3.4412096943961483,2,2
75,710,0.8808204275268507,1.0,0.015350351177806146,0.0134347415789843,9,3.4420574182915757,2,2
76,719,0.8767684940559111,1.0,0.015350351177806146,0.0134347415789843,9,3.425493474393886,2,2
77,728,0.90068460192209,1.0,0.015350351177806146,0.0134347415789843,9,3.5321036085549475,2,2
78,737,0.9212704309988126,1.0,0.015350351177806146,0.0134347415789843,9,3.4421720286631166,2,2
79,746,0.9537973326018336,1.0,0.015350351177806146,0.0134347415789843,9,3.4525784976877616,2,2
80,755,1.0318304138457834,1.0,0.015350351177806146,0.0134347415789843,9,3.5586521470140906,2,2
81,763,1.0373433283200963,1.0,0.015350351177806146,0.0134347415789843,8,3.6155661469005027,2,2
82,771,1.0292693272727726,1.0,0.015350351177806146,0.0134347415789843,8,3.7162733687861182,2,2
83,779,1.0139155636217927,1.0,0.015350351177806146,0.0134347415789843,8,3.7582449502464312,2,2
84,787,0.9836643945337454,1.0,0.015350351177806146,0.0134347415789843,8,3.6085916118211188,2,2
85,795,0.9799166568604016,1.0,0.015350351177806146,0.0134347415789843,8,3.7324944944343517,2,2
86,803,0.9467522463371866,1.0,0.015350351177806146,0.0134347415789843,8,3.71504259816566,2,2
87,811,0.8975123911190598,1.0,0.015350351177806146,0.0134347415789843,8,3.707155820043347,2,2
88,819,0.854621709992619,1.0,0.015350351177806146,0.0134347415789843,8,3.649891936584884,2,2
89,827,0.8165044891144464,1.0,0.015350351177806146,0.0134347415789843,8,3.7251889599289996,2,2
90,835,0.7790723735099386,1.0,0.015350351177806146,0.0134347415789843,8,3.806738552763247,2,2
91,843,0.7328031822238161,1.0,0.015350351177806146,0.0134347415789843,8,4.044335395059088,2,2
92,851,0.7047791673903514,1.0,0.015350351177806146,0.0134347415789843,8,4.288110892754723,2,2
93,859,0.6778733452260504,1.0,0.015350351177806146,0.0134347415789843,8,4.243161296624477,2,2
94,867,0.6298222461110626,1.0,0.015350351177806146,0.0134347415789843,8,4.2532871802679635,2,2
95,875,0.5952272607710939,1.0,0.015350351177806146,0.0134347415789843,8,4.220735198119063,2,2
96,883,0.5739069746030833,1.0,0.015350351177806146,0.0134347415789843,8,4.660027024175633,2,2
97,891,0.5953192580560219,1.0,0.015350351177806146,0.0134347415789843,8,4.612366839458953,2,2
98,899,0.592440861444481,1.0,0.015350351177806146,0.0134347415789843,8,4.587797537289384,2,2
99,907,0.5746329869853782,1.0,0.015350351177806146,0.0134347415789843,8,4.616793871586098,2,2
100,915,0.6247815289533544,1.0,0.015350351177806146,0.0134347415789843,8,4.533355856134116,2,2
101,923,0.6436335894548646,1.0,0.015350351177806146,0.0134347415789843,8,4.499558237460579,2,2
102,931,0.6775836553778647,1.0,0.015350351177806146,0.0134347415789843,8,4.714412296520701,2,2
103,939,0.6827769316710527,1.0,0.015350351177806146,0.0134347415789843,8,4.862749648065663,2,2
104,947,0.6968382014796942,1.0,0.015350351177806146,0.0134347415789843,8,4.902712511685493,2,2
105,955,0.6625117448970678,1.0,0.015350351177806146,0.0134347415789843,8,4.999452648639495,2,2
106,963,0.6242488844947188,1.0,0.015350351177806146,0.0134347415789843,8,5.160549707096096,2,2
107,971,0.6338618481964308,1.0,0.015350351177806146,0.0134347415789843,8,5.23645836463865,2,2
108,979,0.6030152811092083,1.0,0.015350351177806146,0.0134347415789843,8,5.4019640907791215,2,2
109,987,0.5805905836591218,1.0,0.015350351177806146,0.0134347415789843,8,5.186904437401036,2,2
110,995,0.5585749545110403,1.0,0.015350351177806146,0.0134347415789843,8,5.104424220004737,2,2
111,1003,0.5690769250811241,1.0,0.015350351177806146,0.0134347415789843,8,5.112595610082059,2,2
112,1011,0.5431909979110857,1.0,0.015350351177806146,0.0134347415789843,8,5.102060574657133,2,2
113,1019,0.5326397302551095,1.0,0.015350351177806146,0.0134347415789843,8,5.031704848174724,2,2
114,1027,0.5246050326461794,1.0,0.015350351177806146,0.0134347415789843,8,4.901837670410492,2,2
115,1035,0.4962210565224387,1.0,0.015350351177806146,0.0134347415789843,8,5.310797114742011,2,2
116,1043,0.4803733810282337,1.0,0.015350351177806146,0.0134347415789843,8,5.258359278380004,2,2
117,1051,0.4721054378544786,1.0,0.015350351177806146,0.0134347415789843,8,5.272693458561957,2,2
118,1059,0.47753747919915635,1.0,0.015350351177806146,0.0134347415789843,8,5.027300270568559,2,2
119,1067,0.4966882955810093,1.0,0.015350351177806146,0.0134347415789843,8,4.9507484489671985,2,2
120,1075,0.48379996822056814,1.0,0.015350351177806146,0.0134347415789843,8,4.843303160536634,2,2
121,1083,0.4793405788105403,1.0,0.015350351177806146,0.0134347415789843,8,4.941786977650308,2,2
122,1091,0.4680073118152426,1.0,0.015350351177806146,0.0134347415789843,8,4.687063237444903,2,2
123,1099,0.463793562941941,1.0,0.015350351177806146,0.0134347415789843,8,4.788513328238384,2,2
124,1107,0.46676249789181,1.0,0.015350351177806146,0.0134347415789843,8,4.950076374413472,2,2
125,1115,0.46319086695761125,1.0,0.015350351177806146,0.0134347415789843,8,4.878753674883762,2,2
126,1123,0.44891568193501724,1.0,0.015350351177806146,0.0134347415789843,8,4.892670429029827,2,2
127,1131,0.42833061170737385,1.0,0.015350351177806146,0.0134347415789843,8,4.900245373570799,2,2
128,1139,0.4194430462273635,1.0,0.015350351177806146,0.0134347415789843,8,5.206280599931843,2,2
129,1147,0.4317845682184801,1.0,0.015350351177806146,0.0134347415789843,8,5.1583471529064004,2,2
130,1155,0.4245044230449263,1.0,0.015350351177806146,0.0134347415789843,8,5.218868172147992,2,2
131,1163,0.41874612574349723,1.0,0.015350351177806146,0.0134347415789843,8,5.310653817312178,2,2
132,1171,0.39775936977761145,1.0,0.015350351177806146,0.0134347415789843,8,5.188131859449418,2,2
133,1179,0.3709675012444838,1.0,0.015350351177806146,0.0134347415789843,8,5.163385054000681,2,2
134,1187,0.33328580300099925,1.0,0.015350351177806146,0.0134347415789843,8,5.333601878223919,2,2
135,1195,0.2999493950121567,0.75,0.015350351177806146,0.0134347415789843,8,5.730074009815283,2,2
136,1203,0.2992625132193702,1.0,0.015350351177806146,0.0134347415789843,8,6.000961592153826,2,2
137,1211,0.3116034349467483,1.0,0.015350351177806146,0.0134347415789843,8,5.814658664913554,2,2
138,1219,0.32186512669600514,1.0,0.015350351177806146,0.0134347415789843,8,6.211010273623523,2,2
139,1227,0.3283505415628543,1.0,0.015350351177806146,0.0134347415789843,8,6.178404201061698,2,2
140,1235,0.3279175785793059,1.0,0.015350351177806146,0.0134347415789843,8,6.3230724805347505,2,2
141,1243,0.30887271775423525,0.875,0.015350351177806146,0.0134347415789843,8,6.239742104484803,2,2
142,1251,0.3014666885751297,1.0,0.015350351177806146,0.0134347415789843,8,6.22674868900497,2,2
143,1258,0.30116532158393244,1.0,0.01541798803902277,0.007143250586288005,7,6.67978022182499,2,2
144,1265,0.3038892622034526,1.0,0.01541798803902277,0.007143250586288005,7,6.786649756185986,2,2
145,1272,0.3002112410450807,1.0,0.01541798803902277,0.007143250586288005,7,6.82285384244297,2,2
146,1279,0.3129473453641259,1.0,0.01541798803902277,0.007143250586288005,7,7.050662517051551,2,2
147,1286,0.31988456613523175,1.0,0.01541798803902277,0.007143250586288005,7,7.13303695154131,2,2
148,1293,0.3212370495068438,1.0,0.01541798803902277,0.007143250586288005,7,7.637946487621753,2,2
149,1300,0.31790623826672865,1.0,0.01541798803902277,0.007143250586288005,7,7.759532903760628,2,2
150,1307,0.3126722554536754,1.0,0.01541798803902277,0.007143250586288005,7,7.629744843130909,2,2
151,1314,0.3032039898906588,1.0,0.01541798803902277,0.007143250586288005,7,7.564958095431984,2,2
152,1321,0.2985423186662509,1.0,0.01541798803902277,0.007143250586288005,7,7.722662589205685,2,2
153,1328,0.3052351206626427,1.0,0.01541798803902277,0.007143250586288005,7,7.6366437602113635,2,2
154,1335,0.296133018696766,0.5714285714285714,0.01541798803902277,0.007143250586288005,7,8.478647872347446,2,2
155,1342,0.30399253970992757,1.0,0.01541798803902277,0.007143250586288005,7,8.689325490937376,2,2
156,1349,0.3109056196752685,1.0,0.01541798803902277,0.007143250586288005,7,8.676232970600061,2,2
157,1356,0.31352631527991337,1.0,0.01541798803902277,0.007143250586288005,7,8.862531889294997,2,2
158,1363,0.29402312350685683,1.0,0.01541798803902277,0.007143250586288005,7,8.965382555583655,2,2
159,1370,0.282213013559774,1.0,0.01541798803902277,0.007143250586288005,7,8.705296861975635,2,2
160,1377,0.26103260847704457,1.0,0.01541798803902277,0.007143250586288005,7,8.254126732425837,2,2
161,1384,0.2412683663602003,1.0,0.01541798803902277,0.007143250586288005,7,8.536149056408581,2,2
162,1391,0.22422648402821121,1.0,0.01541798803902277,0.007143250586288005,7,8.768699537769022,2,2
163,1398,0.2159434174728607,1.0,0.01541798803902277,0.007143250586288005,7,8.864642003741242,2,2
164,1405,0.22086621807622578,1.0,0.01541798803902277,0.007143250586288005,7,9.208498939297993,2,2
165,1412,0.213638922405008,1.0,0.01541798803902277,0.007143250586288005,7,9.522231075717531,2,2
166,1419,0.2061702401006057,1.0,0.01541798803902277,0.007143250586288005,7,9.18147688688913,2,2
167,1426,0.19445027971271728,1.0,0.01541798803902277,0.007143250586288005,7,9.177143774362262,2,2
168,1433,0.20255918777415027,1.0,0.01541798803902277,0.007143250586288005,7,9.419133202191638,2,2
169,1440,0.2088273702690674,1.0,0.01541798803902277,0.007143250586288005,7,9.46697406905053,2,2
170,1447,0.20922138948234412,1.0,0.01541798803902277,0.007143250586288005,7,9.499021659032898,2,2
171,1454,0.2172472789453308,1.0,0.01541798803902277,0.007143250586288005,7,9.370944538850852,2,2
172,1461,0.21581024318077313,0.0,0.01541798803902277,0.007143250586288005,7,9.360827697662291,2,2
173,1468,0.22138666998217862,1.0,0.01541798803902277,0.007143250586288005,7,9.22076950364592,2,2
174,1475,0.22081498618829745,1.0,0.01541798803902277,0.007143250586288005,7,9.688502715871246,2,2
175,1482,0.21383923428730345,1.0,0.01541798803902277,0.007143250586288005,7,9.532242983431516,2,2
176,1489,0.212951108197523,1.0,0.01541798803902277,0.007143250586288005,7,9.423724778923786,2,2
177,1496,0.2117307167663022,1.0,0.01541798803902277,0.007143250586288005,7,10.219764895894953,2,2
178,1503,0.21038019429620783,1.0,0.01541798803902277,0.007143250586288005,7,10.600253326880924,2,2
179,1510,0.2037783943640364,1.0,0.01541798803902277,0.007143250586288005,7,10.341487748299791,2,2
180,1517,0.1921787749075401,1.0,0.01541798803902277,0.007143250586288005,7,11.03664036530387,2,2
181,1524,0.17744886687328126,1.0,0.01541798803902277,0.007143250586288005,7,11.756368859459815,2,2
182,1531,0.1738500426614757,1.0,0.01541798803902277,0.007143250586288005,7,11.926487008349476,2,2
183,1538,0.16541089080885638,1.0,0.01541798803902277,0.007143250586288005,7,11.511761591236477,2,2
184,1545,0.16060465114473954,1.0,0.01541798803902277,0.007143250586288005,7,11.538619566349185,2,2
185,1552,0.15779194861777382,1.0,0.01541798803902277,0.007143250586288005,7,11.715685012485034,2,2
186,1559,0.15814985436396223,1.0,0.01541798803902277,0.007143250586288005,7,11.779249602955195,2,2
187,1566,0.1553300274226884,1.0,0.01541798803902277,0.007143250586288005,7,12.276116017867523,2,2
188,1573,0.1502706268075001,1.0,0.01541798803902277,0.007143250586288005,7,12.900052938940327,2,2
189,1580,0.14833912147017428,1.0,0.01541798803902277,0.007143250586288005,7,12.579695173281355,2,2
190,1587,0.14013392622992732,1.0,0.01541798803902277,0.007143250586288005,7,13.025785642225637,2,2
191,1594,0.1309405712510602,1.0,0.01541798803902277,0.007143250586288005,7,13.367213382353146,2,2
192,1601,0.11894202042903472,1.0,0.01541798803902277,0.007143250586288005,7,13.340841808443127,2,2
193,1608,0.11045344521907555,1.0,0.01541798803902277,0.007143250586288005,7,13.052706682359949,2,2
194,1615,0.1068569324335462,1.0,0.01541798803902277,0.007143250586288005,7,12.96175574489341,2,2
195,1622,0.10340211686960017,1.0,0.01541798803902277,0.007143250586288005,7,13.009559210427279,2,2
196,1629,0.10382672104526083,1.0,0.01541798803902277,0.007143250586288005,7,13.423918209313303,2,2
197,1636,0.10531208144691878,1.0,0.01541798803902277,0.007143250586288005,7,13.33231187765941,2,2
198,1643,0.10283909047712386,1.0,0.01541798803902277,0.007143250586288005,7,13.63135432635908,2,2
199,1650,0.10506326878625895,1.0,0.01541798803902277,0.007143250586288005,7,13.882725037448541,2,2
200,1657,0.10530118638666842,1.0,0.01541798803902277,0.007143250586288005,7,14.388961699332805,2,2
201,1664,0.102518847753157,1.0,0.01541798803902277,0.007143250586288005,7,14.123168485584674,2,2
202,1671,0.10448901662525481,1.0,0.01541798803902277,0.007143250586288005,7,14.28199941056795,2,2
203,1678,0.10823983417564194,1.0,0.01541798803902277,0.007143250586288005,7,14.545751335697146,2,2
204,1685,0.11129667608522303,1.0,0.01541798803902277,0.007143250586288005,7,14.865634944430878,2,2
205,1692,0.112821441191044,1.0,0.01541798803902277,0.007143250586288005,7,15.267128875733277,2,2
206,1699,0.1125418713990084,1.0,0.01541798803902277,0.007143250586288005,7,14.92179785389051,2,2
207,1706,0.11055746840872857,1.0,0.01541798803902277,0.007143250586288005,7,15.09174159611136,2,2
208,1713,0.1099867497952667,1.0,0.01541798803902277,0.007143250586288005,7,15.450221183893733,2,2
209,1720,0.10745135997056571,1.0,0.01541798803902277,0.007143250586288005,7,15.368056932588905,2,2
210,1727,0.1045110410059232,1.0,0.01541798803902277,0.007143250586288005,7,14.686795488296855,2,2
211,1734,0.10441367647785578,1.0,0.01541798803902277,0.007143250586288005,7,15.698984504332458,2,2
212,1741,0.09928328737865905,1.0,0.01541798803902277,0.007143250586288005,7,17.396164556357295,2,2
213,1748,0.09485354850526628,1.0,0.01541798803902277,0.007143250586288005,7,18.137341715186178,2,2
214,1755,0.08971687893064031,1.0,0.01541798803902277,0.007143250586288005,7,18.03064132233528,2,2
215,1761,0.08533620950153327,1.0,0.01541798803902277,0.007143250586288005,6,18.028053133664617,2,2
216,1767,0.08499560187493123,1.0,0.01541798803902277,0.007143250586288005,6,18.613132142142113,2,2
217,1773,0.07792580641620842,1.0,0.01541798803902277,0.007143250586288005,6,18.96639187977364,2,2
218,1779,0.07336779924483097,1.0,0.01541798803902277,0.007143250586288005,6,19.53842861984862,2,2
219,1785,0.07256785761622928,1.0,0.01541798803902277,0.007143250586288005,6,18.905898605173153,2,2
220,1791,0.07253865947550571,1.0,0.01541798803902277,0.007143250586288005,6,18.269282511240114,2,2
221,1797,0.07565441229670374,1.0,0.01541798803902277,0.007143250586288005,6,20.552178883179256,2,2
222,1803,0.08100636371166092,1.0,0.01541798803902277,0.007143250586288005,6,20.69206032168681,2,2
223,1809,0.0826612366969591,1.0,0.01541798803902277,0.007143250586288005,6,19.482054799766882,2,2
224,1815,0.08335999978593087,1.0,0.01541798803902277,0.007143250586288005,6,20.00345447882372,2,2
225,1821,0.08189124950543235,1.0,0.01541798803902277,0.007143250586288005,6,19.956705771186492,2,2
226,1827,0.0789722675275892,1.0,0.01541798803902277,0.007143250586288005,6,18.513887878970383,2,2
227,1833,0.07765526796613338,1.0,0.01541798803902277,0.007143250586288005,6,18.33909093790945,2,2
228,1839,0.0727477133628828,1.0,0.01541798803902277,0.007143250586288005,6,18.15838452722904,2,2
229,1845,0.06616857496079473,1.0,0.01541798803902277,0.007143250586288005,6,18.9794682300236,2,2
230,1851,0.06456814977912756,1.0,0.01541798803902277,0.007143250586288005,6,19.36566467502457,2,2
231,1857,0.06186005370591805,1.0,0.01541798803902277,0.007143250586288005,6,20.870973208599043,2,2
232,1863,0.05791440564705127,1.0,0.01541798803902277,0.007143250586288005,6,21.375894967593563,2,2
233,1869,0.0544176575323942,1.0,0.01541798803902277,0.007143250586288005,6,20.862501540749395,2,2
234,1875,0.053098278728526085,1.0,0.01541798803902277,0.007143250586288005,6,20.767699295215873,2,2
235,1881,0.05124065034957644,1.0,0.01541798803902277,0.007143250586288005,6,21.765639556019703,2,2
236,1887,0.048127132928150754,1.0,0.01541798803902277,0.007143250586288005,6,21.920066518288895,2,2
237,1893,0.04634673670241363,1.0,0.01541798803902277,0.007143250586288005,6,22.8119982051368,2,2
238,1899,0.04639930990708705,1.0,0.01541798803902277,0.007143250586288005,6,23.91921220830942,2,2
239,1905,0.04684242094196424,1.0,0.01541798803902277,0.007143250586288005,6,23.70013092892343,2,2
240,1911,0.045088088243318634,1.0,0.01541798803902277,0.007143250586288005,6,22.82443410257343,2,2
241,1917,0.04520788489379264,1.0,0.01541798803902277,0.007143250586288005,6,23.231145725907968,2,2
242,1923,0.04343402527995456,1.0,0.01541798803902277,0.007143250586288005,6,24.326525571538763,2,2
243,1929,0.04283454260318808,1.0,0.01541798803902277,0.007143250586288005,6,25.252837150903172,2,2
244,1935,0.040435680989437395,1.0,0.01541798803902277,0.007143250586288005,6,23.59745319289225,2,2
245,1941,0.0381830515012513,1.0,0.01541798803902277,0.007143250586288005,6,24.285986606816632,2,2
246,1947,0.036264287074785476,1.0,0.01541798803902277,0.007143250586288005,6,25.035007634345668,2,2
247,1953,0.03722772062175485,1.0,0.01541798803902277,0.007143250586288005,6,25.49625817242901,2,2
248,1959,0.03882133147837927,1.0,0.01541798803902277,0.007143250586288005,6,26.410127116464725,2,2
249,1965,0.03862524247156003,1.0,0.01541798803902277,0.007143250586288005,6,25.891118695969315,2,2
250,1971,0.03888479330235763,1.0,0.01541798803902277,0.007143250586288005,6,28.064590249790427,2,2
251,1977,0.03935057029366184,1.0,0.01541798803902277,0.007143250586288005,6,28.895000790453317,2,2
252,1983,0.038941953671417784,0.16666666666666666,0.01541798803902277,0.007143250586288005,6,30.193629310393863,2,2
253,1989,0.03870336589226544,1.0,0.01541798803902277,0.007143250586288005,6,31.252223018777766,2,2
254,1995,0.03872728415207842,1.0,0.01541798803902277,0.007143250586288005,6,32.94019197387402,2,2
255,2001,0.03858782362887893,1.0,0.01541798803902277,0.007143250586288005,6,32.51006485076935,2,2
256,2007,0.03870868101934745,1.0,0.01541798803902277,0.007143250586288005,6,35.81834768907663,2,2
257,2013,0.036318512048279364,1.0,0.01541798803902277,0.007143250586288005,6,36.31767926115446,2,2
258,2019,0.03469494023864151,1.0,0.01541798803902277,0.007143250586288005,6,38.7143917385487,2,2
259,2025,0.03095705343682995,1.0,0.01541798803902277,0.007143250586288005,6,41.03362058764934,2,2
260,2031,0.02905095709319688,1.0,0.01541798803902277,0.007143250586288005,6,40.91583434767633,2,2
261,2037,0.02898928728028991,1.0,0.01541798803902277,0.007143250586288005,6,41.5380094616761,2,2
262,2043,0.029543128411384876,1.0,0.01541798803902277,0.007143250586288005,6,42.95431130167502,2,2
263,2049,0.029868902528488846,1.0,0.01541798803902277,0.007143250586288005,6,41.98081793298841,2,2
264,2055,0.030283000313170307,1.0,0.01541798803902277,0.007143250586288005,6,41.98318505469554,2,2
265,2061,0.03011228004280146,1.0,0.01541798803902277,0.007143250586288005,6,42.72166284847324,2,2
266,2067,0.028649835844473,1.0,0.01541798803902277,0.007143250586288005,6,41.679610036771805,2,2
267,2073,0.026946723540497815,1.0,0.01541798803902277,0.007143250586288005,6,41.28297497276907,2,2
268,2079,0.0248439897854955,1.0,0.01541798803902277,0.007143250586288005,6,40.45158100330901,2,2
269,2085,0.023476857515194217,0.0,0.01541798803902277,0.007143250586288005,6,41.63626033539308,2,2
270,2091,0.022093982559261743,1.0,0.01541798803902277,0.007143250586288005,6,41.29437214889608,2,2
271,2097,0.021749043380563046,1.0,0.01541798803902277,0.007143250586288005,6,42.394325065210445,2,2
272,2103,0.021498831511726338,1.0,0.01541798803902277,0.007143250586288005,6,41.430795349966466,2,2
273,2109,0.021467460950709994,0.8333333333333334,0.01541798803902277,0.007143250586288005,6,41.7149220315708,2,2
274,2115,0.02112898708569835,1.0,0.01541798803902277,0.007143250586288005,6,40.961633980177695,2,2
275,2121,0.021430959793164027,1.0,0.01541798803902277,0.007143250586288005,6,41.29438416780145,2,2
276,2127,0.022317812431955904,1.0,0.01541798803902277,0.007143250586288005,6,42.664656469188515,2,2
277,2133,0.023324354157693468,1.0,0.01541798803902277,0.007143250586288005,6,44.50949777010849,2,2
278,2139,0.023189062542074392,1.0,0.01541798803902277,0.007143250586288005,6,45.895413680399194,2,2
279,2145,0.02461980525417655,1.0,0.01541798803902277,0.007143250586288005,6,45.76606610999613,2,2
280,2151,0.026418330852134297,1.0,0.01541798803902277,0.007143250586288005,6,47.418472648341,2,2
281,2157,0.0285524415530252,1.0,0.01541798803902277,0.007143250586288005,6,47.65819135573841,2,2
282,2163,0.028777478678194416,1.0,0.01541798803902277,0.007143250586288005,6,47.01806100236981,2,2
283,2169,0.028585119105582427,1.0,0.01541798803902277,0.007143250586288005,6,46.081630224370414,2,2
284,2175,0.02819551533954564,1.0,0.01541798803902277,0.007143250586288005,6,44.64215448867925,2,2
285,2181,0.029334811755357692,1.0,0.01541798803902277,0.007143250586288005,6,48.035689253464376,2,2
286,2187,0.02998688805881208,1.0,0.01541798803902277,0.007143250586288005,6,47.82166785781456,2,2
287,2193,0.03067896003321238,1.0,0.01541798803902277,0.007143250586288005,6,47.069605377015755,2,2
288,2199,0.03044424424002029,1.0,0.01541798803902277,0.007143250586288005,6,47.885371485767095,2,2
289,2205,0.031235595070872348,1.0,0.01541798803902277,0.007143250586288005,6,45.392361956604844,2,2
290,2211,0.030889271062155107,1.0,0.01541798803902277,0.007143250586288005,6,48.13588477741767,2,2
291,2217,0.031099157111916485,1.0,0.01541798803902277,0.007143250586288005,6,49.36261854528048,2,2
292,2223,0.03185464356905959,1.0,0.01541798803902277,0.007143250586288005,6,50.37321217697781,2,2
293,2229,0.032789219715752355,1.0,0.01541798803902277,0.007143250586288005,6,52.7357999178942,2,2
294,2235,0.03171215927668961,1.0,0.01541798803902277,0.007143250586288005,6,53.91628948783828,2,2
295,2241,0.03164816822959642,1.0,0.01541798803902277,0.007143250586288005,6,53.759611459319274,2,2
296,2247,0.030851971590731907,1.0,0.01541798803902277,0.007143250586288005,6,54.21017430377094,2,2
297,2253,0.03146989611619049,0.16666666666666666,0.01541798803902277,0.007143250586288005,6,53.53476195386926,2,2
298,2258,0.03228981735394363,1.0,0.015485894338048995,0.0019912029254017106,5,53.725837097693734,2,2
299,2263,0.03423851883598708,1.0,0.015485894338048995,0.0019912029254017106,5,53.04149611947136,2,2
300,2268,0.035172339079758606,1.0,0.015485894338048995,0.0019912029254017106,5,53.341645579885096,2,2
301,2273,0.03544059905317943,1.0,0.015485894338048995,0.0019912029254017106,5,53.985695288168245,2,2
302,2278,0.034649526343863306,1.0,0.015485894338048995,0.0019912029254017106,5,56.01323360784465,2,2
303,2283,0.034261591706259496,1.0,0.015485894338048995,0.0019912029254017106,5,56.08366278315941,2,2
304,2288,0.034841989719129614,1.0,0.015485894338048995,0.0019912029254017106,5,54.33786900957631,2,2
305,2293,0.03806674099665703,1.0,0.015485894338048995,0.0019912029254017106,5,54.56713650699214,2,2
306,2298,0.04324908782966378,1.0,0.015485894338048995,0.0019912029254017106,5,54.74509593112151,2,2
307,2303,0.046209368808273615,1.0,0.015485894338048995,0.0019912029254017106,5,60.296974109493895,2,2
308,2308,0.04697564598603907,1.0,0.015485894338048995,0.0019912029254017106,5,58.40364359157539,2,2
309,2313,0.04700885960161867,1.0,0.015485894338048995,0.0019912029254017106,5,57.10682910441755,2,2
310,2318,0.04583055568546434,1.0,0.015485894338048995,0.0019912029254017106,5,57.087319188593526,2,2
311,2323,0.044225701386267996,1.0,0.015485894338048995,0.0019912029254017106,5,56.93396843346807,2,2
312,2328,0.042618744452928466,1.0,0.015485894338048995,0.0019912029254017106,5,57.47048652811353,2,2
313,2333,0.041877691299575644,1.0,0.015485894338048995,0.0019912029254017106,5,58.296971462210834,2,2
314,2338,0.04190271379341711,1.0,0.015485894338048995,0.0019912029254017106,5,58.407433652564166,2,2
315,2343,0.04124830951306002,1.0,0.015485894338048995,0.0019912029254017106,5,58.714328965920075,2,2
316,2348,0.04190398223725601,1.0,0.015485894338048995,0.0019912029254017106,5,65.23408388753862,2,2
317,2353,0.042237976137070726,1.0,0.015485894338048995,0.0019912029254017106,5,68.58102800952113,2,2
318,2358,0.04117097368728201,1.0,0.015485894338048995,0.0019912029254017106,5,71.84284651888431,2,2
319,2363,0.04127427004442011,1.0,0.015485894338048995,0.0019912029254017106,5,71.37371165184635,2,2
320,2368,0.04325805052829352,1.0,0.015485894338048995,0.0019912029254017106,5,72.29144665514022,2,2
321,2373,0.04570822619837657,1.0,0.015485894338048995,0.0019912029254017106,5,73.61131459405206,2,2
322,2378,0.047297828981398414,1.0,0.015485894338048995,0.0019912029254017106,5,73.80014203260593,2,2
323,2383,0.049352820901181704,1.0,0.015485894338048995,0.0019912029254017106,5,72.48115209416596,2,2
324,2388,0.05257681708283781,1.0,0.015485894338048995,0.0019912029254017106,5,78.78541027758845,2,2
325,2393,0.05495520581981153,1.0,0.015485894338048995,0.0019912029254017106,5,77.013302220221,2,2
326,2398,0.054757704503378565,1.0,0.015485894338048995,0.0019912029254017106,5,75.98159028502913,2,2
327,2403,0.05383008830864828,1.0,0.015485894338048995,0.0019912029254017106,5,77.44940847201636,2,2
328,2408,0.050637208001807814,1.0,0.015485894338048995,0.0019912029254017106,5,79.77534703644844,2,2
329,2413,0.048127781680679146,1.0,0.015485894338048995,0.0019912029254017106,5,83.9385591040664,2,2
330,2418,0.04435910404936761,1.0,0.015485894338048995,0.0019912029254017106,5,79.14810166970298,2,2
331,2423,0.041622177798808425,0.2,0.015485894338048995,0.0019912029254017106,5,77.60309295494662,2,2
332,2428,0.038942543313127805,1.0,0.015485894338048995,0.0019912029254017106,5,77.61466877332845,2,2
333,2433,0.03665082709336634,1.0,0.015485894338048995,0.0019912029254017106,5,83.0352292287477,2,2
334,2438,0.03657361505736352,1.0,0.015485894338048995,0.0019912029254017106,5,85.66276522576254,2,2
335,2443,0.03683642666972159,1.0,0.015485894338048995,0.0019912029254017106,5,82.91766270006003,2,2
336,2448,0.037509084102883984,1.0,0.015485894338048995,0.0019912029254017106,5,83.58006398063647,2,2
337,2453,0.03701996113219915,1.0,0.015485894338048995,0.0019912029254017106,5,83.1330817267955,2,2
338,2458,0.03537791975413412,1.0,0.015485894338048995,0.0019912029254017106,5,80.40627964369799,2,2
339,2463,0.03525777440973761,1.0,0.015485894338048995,0.0019912029254017106,5,81.36419354639656,2,2
340,2468,0.033254281827186184,1.0,0.015485894338048995,0.0019912029254017106,5,84.3031472239752,2,2
341,2473,0.033566269046322435,1.0,0.015485894338048995,0.0019912029254017106,5,86.4143152165293,2,2
342,2478,0.03513792507276499,1.0,0.015485894338048995,0.0019912029254017106,5,87.85375979095298,2,2
343,2483,0.03817030173241059,1.0,0.015485894338048995,0.0019912029254017106,5,88.34457005734643,2,2
344,2488,0.03908687398166527,1.0,0.015485894338048995,0.0019912029254017106,5,85.92362913027162,2,2
345,2493,0.038078490521056836,1.0,0.015485894338048995,0.0019912029254017106,5,88.53135474499828,2,2
346,2498,0.037617549830371015,1.0,0.015485894338048995,0.0019912029254017106,5,92.36434228971218,2,2
347,2503,0.03880838734247379,1.0,0.015485894338048995,0.0019912029254017106,5,93.53382973791715,2,2
348,2508,0.040576112300259946,1.0,0.015485894338048995,0.0019912029254017106,5,91.55845442088133,2,2
349,2513,0.04209559667645226,1.0,0.015485894338048995,0.0019912029254017106,5,87.73479081038734,2,2
350,2518,0.04355010700781301,1.0,0.015485894338048995,0.0019912029254017106,5,93.29647426711544,2,2
351,2523,0.042664362959976436,1.0,0.015485894338048995,0.0019912029254017106,5,93.64220199738904,2,2
352,2528,0.041762246186525014,1.0,0.015485894338048995,0.0019912029254017106,5,95.77460153692452,2,2
353,2533,0.04290046986735685,1.0,0.015485894338048995,0.0019912029254017106,5,95.80727851353876,2,2
354,2538,0.04511835954236133,1.0,0.015485894338048995,0.0019912029254017106,5,99.09295314685828,2,2
355,2543,0.047028339087856856,1.0,0.015485894338048995,0.0019912029254017106,5,99.82965975244085,2,2
356,2548,0.0495683279743722,1.0,0.015485894338048995,0.0019912029254017106,5,100.8147671333037,2,2
357,2553,0.051625319706440416,1.0,0.015485894338048995,0.0019912029254017106,5,100.05593997636592,2,2
358,2558,0.05221097293532573,1.0,0.015485894338048995,0.0019912029254017106,5,100.41057416299617,2,2
359,2563,0.05485147270475105,1.0,0.015485894338048995,0.0019912029254017106,5,101.67253427405367,2,2
360,2568,0.05426024970463438,1.0,0.015485894338048995,0.0019912029254017106,5,107.46753526154004,2,2
361,2573,0.058801839827196695,1.0,0.015485894338048995,0.0019912029254017106,5,106.75047203226187,2,2
362,2578,0.05800509182638124,1.0,0.015485894338048995,0.0019912029254017106,5,111.73972250296171,2,2
363,2583,0.05643708889749368,1.0,0.015485894338048995,0.0019912029254017106,5,112.59248799242299,2,2
364,2588,0.05382481707741064,1.0,0.015485894338048995,0.0019912029254017106,5,115.8140642432198,2,2
365,2593,0.051380997756867636,1.0,0.015485894338048995,0.0019912029254017106,5,116.48731151256335,2,2
366,2598,0.04799923106168379,1.0,0.015485894338048995,0.0019912029254017106,5,117.15206718822677,2,2
367,2603,0.04495342930831262,1.0,0.015485894338048995,0.0019912029254017106,5,117.3394018379792,2,2
368,2608,0.04261034363505463,1.0,0.015485894338048995,0.0019912029254017106,5,122.46198491169991,2,2
369,2613,0.040764021087602756,1.0,0.015485894338048995,0.0019912029254017106,5,116.6238263893731,2,2
370,2618,0.03973757485284858,1.0,0.015485894338048995,0.0019912029254017106,5,122.0754355251452,2,2
371,2623,0.038483682990027794,1.0,0.015485894338048995,0.0019912029254017106,5,121.47855661526428,2,2
372,2628,0.03841959242560169,1.0,0.015485894338048995,0.0019912029254017106,5,125.45117989723315,2,2
373,2633,0.0386953007177123,1.0,0.015485894338048995,0.0019912029254017106,5,126.31520422817987,2,2
374,2638,0.039908644441605946,1.0,0.015485894338048995,0.0019912029254017106,5,134.39573536017676,2,2
375,2643,0.04148635422322827,1.0,0.015485894338048995,0.0019912029254017106,5,131.35327411327614,2,2
376,2648,0.043078433432366885,1.0,0.015485894338048995,0.0019912029254017106,5,136.75794379416467,2,2
377,2653,0.042877985961668356,1.0,0.015485894338048995,0.0019912029254017106,5,143.86301529507006,2,2
378,2658,0.04369554096740541,1.0,0.015485894338048995,0.0019912029254017106,5,149.27548584825504,2,2
379,2663,0.04216267634087425,1.0,0.015485894338048995,0.0019912029254017106,5,152.0527090216099,2,2
380,2668,0.04288885744530016,1.0,0.015485894338048995,0.0019912029254017106,5,151.38906554154576,2,2
381,2673,0.041485671950879405,1.0,0.015485894338048995,0.0019912029254017106,5,160.15366286939536,2,2
382,2678,0.04039286608144711,1.0,0.015485894338048995,0.0019912029254017106,5,155.54648459824975,2,2
383,2683,0.04049853281920408,1.0,0.015485894338048995,0.0019912029254017106,5,156.20161708243418,2,2
384,2688,0.040103207551588485,1.0,0.015485894338048995,0.0019912029254017106,5,172.80337741421056,2,2
385,2693,0.03874968735479091,1.0,0.015485894338048995,0.0019912029254017106,5,171.8263510094298,2,2
386,2698,0.038309817227141774,1.0,0.015485894338048995,0.0019912029254017106,5,171.5691142046786,2,2
387,2703,0.03757986312730857,1.0,0.015485894338048995,0.0019912029254017106,5,178.71714613932954,2,2
388,2708,0.038046872093380174,1.0,0.015485894338048995,0.0019912029254017106,5,179.094116148227,2,2
389,2713,0.03946530102618534,1.0,0.015485894338048995,0.0019912029254017106,5,185.31244145986048,2,2
390,2718,0.040113209491997856,1.0,0.015485894338048995,0.0019912029254017106,5,185.48887358396175,2,2
391,2723,0.04035824186589482,1.0,0.015485894338048995,0.0019912029254017106,5,189.7638351715759,2,2
392,2728,0.04035920176122567,1.0,0.015485894338048995,0.0019912029254017106,5,202.89319452252292,2,2
393,2733,0.0407192782016936,1.0,0.015485894338048995,0.0019912029254017106,5,200.36754185197665,2,2
394,2738,0.04024684881122823,1.0,0.015485894338048995,0.0019912029254017106,5,195.17256692613117,2,2
395,2743,0.041024404804583456,1.0,0.015485894338048995,0.0019912029254017106,5,196.56952054256692,2,2
396,2748,0.04025102396966933,1.0,0.015485894338048995,0.0019912029254017106,5,208.55766770128614,2,2
397,2753,0.03873721872386789,1.0,0.015485894338048995,0.0019912029254017106,5,213.64234812227255,2,2
398,2757,0.036816594533970265,1.0,0.015485894338048995,0.0019912029254017106,4,228.36720855602857,2,2
399,2761,0.03458243254844053,1.0,0.015485894338048995,0.0019912029254017106,4,238.10521739437354,2,2
400,2765,0.03324897389639285,1.0,0.015485894338048995,0.0019912029254017106,4,249.89252726552442,2,2
401,2769,0.03235886273425092,1.0,0.015485894338048995,0.0019912029254017106,4,249.42565910871022,2,2
402,2773,0.031112526666675053,1.0,0.015485894338048995,0.0019912029254017106,4,252.705625235857,2,2
403,2777,0.029699245283761097,1.0,0.015485894338048995,0.0019912029254017106,4,230.33681735363461,2,2
404,2781,0.02964824705717099,1.0,0.015485894338048995,0.0019912029254017106,4,234.3032178042965,2,2
405,2785,0.03122173182930686,1.0,0.015485894338048995,0.0019912029254017106,4,252.26488720388505,2,2
406,2789,0.03194627636013363,1.0,0.015485894338048995,0.0019912029254017106,4,244.1603396875435,2,2
407,2793,0.03214209502936275,1.0,0.015485894338048995,0.0019912029254017106,4,224.4589288280742,2,2
408,2797,0.03171232677218184,1.0,0.015485894338048995,0.0019912029254017106,4,220.7785728505958,2,2
409,2801,0.03217775076746918,1.0,0.015485894338048995,0.0019912029254017106,4,223.06786776350302,2,2
410,2805,0.032982157914130075,1.0,0.015485894338048995,0.0019912029254017106,4,217.9619793896859,2,2
411,2809,0.03148094800556453,1.0,0.015485894338048995,0.0019912029254017106,4,222.4315861627046,2,2
412,2813,0.031047411415434958,1.0,0.015485894338048995,0.0019912029254017106,4,216.40416139952237,2,2
413,2817,0.030645778783187246,1.0,0.015485894338048995,0.0019912029254017106,4,218.25134861580074,2,2
414,2821,0.03014192779266503,1.0,0.015485894338048995,0.0019912029254017106,4,227.30678789354127,2,2
415,2825,0.02853933427505161,1.0,0.015485894338048995,0.0019912029254017106,4,221.25179236464032,2,2
416,2829,0.02781832252640549,1.0,0.015485894338048995,0.0019912029254017106,4,224.4699321854681,2,2
417,2833,0.027641721871146534,1.0,0.015485894338048995,0.0019912029254017106,4,224.77931511149094,2,2
418,2837,0.025762073704519762,0.0,0.015485894338048995,0.0019912029254017106,4,205.08772947198122,2,2
419,2841,0.02521999018916933,1.0,0.015485894338048995,0.0019912029254017106,4,205.91168586168425,2,2
420,2845,0.023742818534462445,1.0,0.015485894338048995,0.0019912029254017106,4,205.23919840381433,2,2
421,2849,0.022439373877733794,1.0,0.015485894338048995,0.0019912029254017106,4,208.12164941015817,2,2
422,2853,0.021227358843518476,1.0,0.015485894338048995,0.0019912029254017106,4,205.80812430717984,2,2
423,2857,0.02090726075406637,1.0,0.015485894338048995,0.0019912029254017106,4,200.47807367221995,2,2
424,2861,0.02165550724263884,0.0,0.015485894338048995,0.0019912029254017106,4,200.95851288437552,2,2
425,2865,0.022995580194451484,1.0,0.015485894338048995,0.0019912029254017106,4,200.8519358524753,2,2
426,2869,0.024667523958553383,1.0,0.015485894338048995,0.0019912029254017106,4,195.26638105746082,2,2
427,2873,0.024796640191754444,1.0,0.015485894338048995,0.0019912029254017106,4,189.10732566748672,2,2
428,2877,0.02388154834996487,1.0,0.015485894338048995,0.0019912029254017106,4,190.53427506016573,2,2
429,2881,0.02391396729327338,1.0,0.015485894338048995,0.0019912029254017106,4,190.07767738613848,2,2
430,2885,0.024799942185479457,1.0,0.015485894338048995,0.0019912029254017106,4,188.98142201685852,2,2
431,2889,0.02633059543965856,0.0,0.015485894338048995,0.0019912029254017106,4,199.25652879227908,2,2
432,2893,0.028557744730000334,1.0,0.015485894338048995,0.0019912029254017106,4,206.28511011844304,2,2
433,2897,0.03033415126602123,1.0,0.015485894338048995,0.0019912029254017106,4,198.54420928802637,2,2
434,2901,0.030649417481363538,1.0,0.015485894338048995,0.0019912029254017106,4,219.8856096821373,2,2
435,2905,0.02992108063617087,1.0,0.015485894338048995,0.0019912029254017106,4,215.85905630594368,2,2
436,2909,0.028466557829974138,1.0,0.015485894338048995,0.0019912029254017106,4,217.94143517220263,2,2
437,2913,0.02633299790028175,1.0,0.015485894338048995,0.0019912029254017106,4,217.7197049396755,2,2
438,2917,0.024658689166371213,1.0,0.015485894338048995,0.0019912029254017106,4,214.413369184569,2,2
439,2921,0.023020749678314804,1.0,0.015485894338048995,0.0019912029254017106,4,222.48874978353987,2,2
440,2925,0.021777426142515086,1.0,0.015485894338048995,0.0019912029254017106,4,222.62468171822124,2,2
441,2929,0.020544147738976278,1.0,0.015485894338048995,0.0019912029254017106,4,216.08155627850374,2,2
442,2933,0.01911887736896559,1.0,0.015485894338048995,0.0019912029254017106,4,225.90710528227322,2,2
443,2937,0.018700191116492106,1.0,0.015485894338048995,0.0019912029254017106,4,223.5576098616927,2,2
444,2941,0.018362753630270557,1.0,0.015485894338048995,0.0019912029254017106,4,210.71265171761817,2,2
445,2945,0.01800178004282589,1.0,0.015485894338048995,0.0019912029254017106,4,205.38249582543574,2,2
446,2949,0.017981317196279434,1.0,0.015485894338048995,0.0019912029254017106,4,204.92380411677345,2,2
447,2953,0.018430350716357836,0.0,0.015485894338048995,0.0019912029254017106,4,197.44725176934844,2,2
448,2957,0.018236062059248267,1.0,0.015485894338048995,0.0019912029254017106,4,190.8909372810846,2,2
449,2961,0.017598743833987476,1.0,0.015485894338048995,0.0019912029254017106,4,210.57748083962073,2,2
450,2965,0.018169567093909357,1.0,0.015485894338048995,0.0019912029254017106,4,200.866039786174,2,2
451,2969,0.01967936504428291,1.0,0.015485894338048995,0.0019912029254017106,4,201.5900797736027,2,2
452,2973,0.020902897671552213,1.0,0.015485894338048995,0.0019912029254017106,4,198.16378033355338,2,2
453,2977,0.02133795089892756,1.0,0.015485894338048995,0.0019912029254017106,4,195.5086078901925,2,2
454,2981,0.021552594290823453,1.0,0.015485894338048995,0.0019912029254017106,4,198.72344389535454,2,2
455,2985,0.021442129995043174,1.0,0.015485894338048995,0.0019912029254017106,4,199.5923583719497,2,2
456,2989,0.02173553664174568,1.0,0.015485894338048995,0.0019912029254017106,4,196.22140655195756,2,2
457,2993,0.021373580426345754,1.0,0.015485894338048995,0.0019912029254017106,4,215.3406134147117,2,2
458,2997,0.02104128963303103,1.0,0.015485894338048995,0.0019912029254017106,4,200.4929395892936,2,2
459,3001,0.02048616099729397,1.0,0.015485894338048995,0.0019912029254017106,4,196.96955539511038,2,2
0,10,1.7972982060936988,0.3,0.015283824524751714,0.02015428276120837,10,1.1053425971030375,3,2
1,20,1.6623329219635614,1.0,0.015283824524751714,0.02015428276120837,10,1.1697039188763703,3,2
2,30,1.7068320411952074,1.0,0.015283824524751714,0.02015428276120837,10,1.1998442346757183,3,2
3,40,1.65707147569842,1.0,0.015283824524751714,0.02015428276120837,10,1.2944268111200796,3,2
4,50,1.6381152497837173,1.0,0.015283824524751714,0.02015428276120837,10,1.3288135331896334,3,2
5,60,1.6741033665244118,1.0,0.015283824524751714,0.02015428276120837,10,1.3798616494721676,3,2
6,69,1.8090090925755946,1.0,0.015350351177806146,0.0134347415789843,9,1.4069991165747184,3,2
7,78,1.855497170789173,1.0,0.015350351177806146,0.0134347415789843,9,1.4738349641751816,3,2
8,87,1.8156763690098596,1.0,0.015350351177806146,0.0134347415789843,9,1.494208292194485,3,2
9,96,1.8356672393888886,1.0,0.015350351177806146,0.0134347415789843,9,1.5134936660528684,3,2
10,105,2.01080005680966,1.0,0.015350351177806146,0.0134347415789843,9,1.574012468401828,3,2
11,114,2.1517260160331055,1.0,0.015350351177806146,0.0134347415789843,9,1.5763381223196964,3,2
12,123,2.2903306144125173,1.0,0.015350351177806146,0.0134347415789843,9,1.6581033469231696,3,2
13,132,2.62656685544546,1.0,0.015350351177806146,0.0134347415789843,9,1.7275134070969902,3,2
14,141,3.08692413993737,1.0,0.015350351177806146,0.0134347415789843,9,1.7590250124297206,3,2
15,150,3.3556990423687836,1.0,0.015350351177806146,0.0134347415789843,9,1.8667335332731068,3,2
16,159,3.395030014861781,1.0,0.015350351177806146,0.0134347415789843,9,1.927308291590195,3,2
17,168,3.1646350723364423,1.0,0.015350351177806146,0.0134347415789843,9,1.9581657452163197,3,2
18,176,2.9248441282168858,1.0,0.015350351177806146,0.0134347415789843,8,2.030603058715813,3,2
19,184,2.798251745312998,1.0,0.015350351177806146,0.0134347415789843,8,1.9483463463715105,3,2
20,192,2.768405519249286,1.0,0.015350351177806146,0.0134347415789843,8,1.9442818663362444,3,2
21,200,2.650347571850507,1.0,0.015350351177806146,0.0134347415789843,8,1.9352792311321212,3,2
22,208,2.6365050636419576,1.0,0.015350351177806146,0.0134347415789843,8,2.0642304297534073,3,2
23,216,2.4674298095173577,1.0,0.015350351177806146,0.0134347415789843,8,2.0495524431418106,3,2
24,224,2.3137309879221344,1.0,0.015350351177806146,0.0134347415789843,8,2.113735033584912,3,2
25,232,2.176463768767271,1.0,0.015350351177806146,0.0134347415789843,8,2.0969783034568548,3,2
26,240,1.972891019637844,1.0,0.015350351177806146,0.0134347415789843,8,2.1315584981593347,3,2
27,248,1.8987897001435672,1.0,0.015350351177806146,0.0134347415789843,8,2.152095281459445,3,2
28,256,1.924266315238733,1.0,0.015350351177806146,0.0134347415789843,8,2.1758343935324005,3,2
29,264,1.8684296520679105,1.0,0.015350351177806146,0.0134347415789843,8,2.165793096947479,3,2
30,272,1.7957159073418483,1.0,0.015350351177806146,0.0134347415789843,8,2.215794769632898,3,2
31,280,1.802165001530236,1.0,0.015350351177806146,0.0134347415789843,8,2.1787057491081616,3,2
32,287,1.9052271777104812,1.0,0.01541798803902277,0.007143250586288005,7,2.1658379104412195,3,2
33,294,1.8862580760779684,1.0,0.01541798803902277,0.007143250586288005,7,2.28151967652477,3,2
34,301,1.866809990046583,1.0,0.01541798803902277,0.007143250586288005,7,2.3967484110761994,3,2
35,308,1.8885157592165203,1.0,0.01541798803902277,0.007143250586288005,7,2.4171320317807194,3,2
36,315,1.9533460254803245,1.0,0.01541798803902277,0.007143250586288005,7,2.3804040324786877,3,2
37,322,1.9968182356888415,1.0,0.01541798803902277,0.007143250586288005,7,2.3594625634359927,3,2
38,329,1.992806334296525,1.0,0.01541798803902277,0.007143250586288005,7,2.3346396058609047,3,2
39,336,2.0319047774158996,1.0,0.01541798803902277,0.007143250586288005,7,2.357250119119688,3,2
40,343,2.0898493446349393,1.0,0.01541798803902277,0.007143250586288005,7,2.2774605477652052,3,2
41,350,2.0273867377244064,1.0,0.01541798803902277,0.007143250586288005,7,2.382220127553024,3,2
42,357,1.962897590915648,1.0,0.01541798803902277,0.007143250586288005,7,2.300396833175361,3,2
43,364,1.9290879573072104,1.0,0.01541798803902277,0.007143250586288005,7,2.2165252574245726,3,2
44,371,1.8993286854958196,1.0,0.01541798803902277,0.007143250586288005,7,2.2370884901904247,3,2
45,378,1.8702054617139614,1.0,0.01541798803902277,0.007143250586288005,7,2.295508513878428,3,2
46,385,1.8470833405987643,1.0,0.01541798803902277,0.007143250586288005,7,2.3641475910180887,3,2
47,392,1.9036128185328862,1.0,0.01541798803902277,0.007143250586288005,7,2.433393892848363,3,2
48,398,1.9399654208880923,1.0,0.01541798803902277,0.007143250586288005,6,2.4394322426785595,3,2
49,404,1.9773724579605547,1.0,0.01541798803902277,0.007143250586288005,6,2.512313824339687,3,2
50,410,1.9131130173530582,1.0,0.01541798803902277,0.007143250586288005,6,2.372173283170548,3,2
51,416,1.8845406967023193,0.8333333333333334,0.01541798803902277,0.007143250586288005,6,2.4867958821768577,3,2
52,422,1.7766220174920764,1.0,0.01541798803902277,0.007143250586288005,6,2.4374880125785463,3,2
53,428,1.7900312981226516,1.0,0.01541798803902277,0.007143250586288005,6,2.402672137722023,3,2
54,434,1.8373333896744843,1.0,0.01541798803902277,0.007143250586288005,6,2.4860036463001114,3,2
55,440,2.015558993794457,1.0,0.01541798803902277,0.007143250586288005,6,2.5139647408456387,3,2
56,446,2.1559809810558566,1.0,0.01541798803902277,0.007143250586288005,6,2.603183697608142,3,2
57,452,2.3110724466188954,1.0,0.01541798803902277,0.007143250586288005,6,2.695836065329655,3,2
58,458,2.4060757205116436,1.0,0.01541798803902277,0.007143250586288005,6,2.715051186866972,3,2
59,464,2.4178484858496017,1.0,0.01541798803902277,0.007143250586288005,6,2.8054168844124154,3,2
60,470,2.3877672509207413,1.0,0.01541798803902277,0.007143250586288005,6,2.8786038564149012,3,2
61,476,2.4894701715315217,1.0,0.01541798803902277,0.007143250586288005,6,2.9151981347989686,3,2
62,482,2.502008667546822,1.0,0.01541798803902277,0.007143250586288005,6,2.884994265067681,3,2
63,488,2.477159607101641,1.0,0.01541798803902277,0.007143250586288005,6,2.9261285651471485,3,2
64,494,2.53792518399552,1.0,0.01541798803902277,0.007143250586288005,6,2.994293962524041,3,2
65,500,2.4700603665713925,1.0,0.01541798803902277,0.007143250586288005,6,2.992096982724653,3,2
66,506,2.4356592431590176,1.0,0.01541798803902277,0.007143250586288005,6,3.0810074577793802,3,2
67,511,2.342781268293743,1.0,0.015485894338048995,0.0019912029254017106,5,3.048435390414321,3,2
68,516,2.263491338836231,1.0,0.015485894338048995,0.0019912029254017106,5,3.037246915693851,3,2
69,521,2.236035155905948,1.0,0.015485894338048995,0.0019912029254017106,5,3.0480912063683285,3,2
70,526,2.290997057788153,1.0,0.015485894338048995,0.0019912029254017106,5,3.0537889967682075,3,2
71,531,2.311266174934788,1.0,0.015485894338048995,0.0019912029254017106,5,3.3733825465034717,3,2
72,536,2.2725844619381586,1.0,0.015485894338048995,0.0019912029254017106,5,3.4883632534210585,3,2
73,541,2.1226290513261947,1.0,0.015485894338048995,0.0019912029254017106,5,3.5973751666137694,3,2
74,546,1.9938296832960174,1.0,0.015485894338048995,0.0019912029254017106,5,3.438302316156408,3,2
75,551,1.8309510456654385,1.0,0.015485894338048995,0.0019912029254017106,5,3.7896087102019136,3,2
76,556,1.6478621194772347,1.0,0.015485894338048995,0.0019912029254017106,5,3.7352429322449066,3,2
77,561,1.568500129272604,1.0,0.015485894338048995,0.0019912029254017106,5,4.077217217291247,3,2
78,566,1.510569968715436,1.0,0.015485894338048995,0.0019912029254017106,5,4.06843993479429,3,2
79,571,1.4587530890895273,1.0,0.015485894338048995,0.0019912029254017106,5,4.3031869684628425,3,2
80,576,1.3983795214175863,1.0,0.015485894338048995,0.0019912029254017106,5,4.39370043985483,3,2
81,581,1.4030973393485549,1.0,0.015485894338048995,0.0019912029254017106,5,4.603258330269143,3,2
82,586,1.398545840381165,1.0,0.015485894338048995,0.0019912029254017106,5,4.570297561148377,3,2
83,591,1.4328399946929862,1.0,0.015485894338048995,0.0019912029254017106,5,4.557854794715576,3,2
84,596,1.5231505482347771,1.0,0.015485894338048995,0.0019912029254017106,5,4.955379935612859,3,2
85,601,1.5588127786834416,1.0,0.015485894338048995,0.0019912029254017106,5,5.0430571656617955,3,2
86,606,1.6729366102470011,1.0,0.015485894338048995,0.0019912029254017106,5,5.0344284857982675,3,2
87,611,1.7710669989748702,1.0,0.015485894338048995,0.0019912029254017106,5,5.206752025898061,3,2
88,616,1.8205012121247626,1.0,0.015485894338048995,0.0019912029254017106,5,5.251918897123969,3,2
89,620,1.815620059702121,1.0,0.015485894338048995,0.0019912029254017106,4,5.118651281079751,3,2
90,624,1.8010026295313841,1.0,0.015485894338048995,0.0019912029254017106,4,5.133893776187296,3,2
91,628,1.7919727876510985,1.0,0.015485894338048995,0.0019912029254017106,4,4.729728603721425,3,2
92,632,1.7476714875712798,1.0,0.015485894338048995,0.0019912029254017106,4,4.6584939523074205,3,2
93,636,1.7482238033582371,1.0,0.015485894338048995,0.0019912029254017106,4,4.829290948638781,3,2
94,640,1.75087569146066,1.0,0.015485894338048995,0.0019912029254017106,4,5.600764843475112,3,2
95,644,1.7070795786856348,1.0,0.015485894338048995,0.0019912029254017106,4,5.413605445680214,3,2
96,648,1.5946850898963798,1.0,0.015485894338048995,0.0019912029254017106,4,5.103276852707998,3,2
97,652,1.5037814518187664,1.0,0.015485894338048995,0.0019912029254017106,4,5.131566301103531,3,2
98,656,1.4061942719599823,1.0,0.015485894338048995,0.0019912029254017106,4,5.039060518980342,3,2
99,660,1.3547903178804506,1.0,0.015485894338048995,0.0019912029254017106,4,4.849570663654709,3,2
100,664,1.2507358109986921,1.0,0.015485894338048995,0.0019912029254017106,4,4.969814252742051,3,2
101,668,1.2182867388364982,1.0,0.015485894338048995,0.0019912029254017106,4,5.265263092848621,3,2
