gen,evals,sigma,success_rate,c1,cmu,lambda,min_var,max_var,niche
0,10,0.45370588536945905,0.3,0.015283824524751714,0.02015428276120837,10,0.9525369876754103,1.0030462895404049,0
1,20,0.42627773900590354,1.0,0.016812206977226886,0.018138854485087532,10,0.9330964776335174,0.9848031244834141,0
2,30,0.42239247861361917,1.0,0.018493427674949575,0.01632496903657878,10,0.8969034055344153,0.9698966130651022,0
3,40,0.4396979158569013,1.0,0.020342770442444535,0.014692472132920902,10,0.8762046674107029,0.9572343212822155,0
4,50,0.48969332089284195,1.0,0.022377047486688992,0.013223224919628811,10,0.8631660745487567,0.9525919866178298,0
5,60,0.5219582881350965,1.0,0.024614752235357893,0.01190090242766593,10,0.8554350463187971,0.9447173023102644,0
6,70,0.5599915771302586,1.0,0.027076227458893685,0.010710812184899337,10,0.832258921937972,0.9256717115543017,0
7,80,0.5822701920677857,1.0,0.029783850204783056,0.01,10,0.8180849366279291,0.9203640026299864,0
8,90,0.6040173038091937,1.0,0.032762235225261366,0.01,10,0.7883759391430779,0.9067628745885205,0
9,100,0.6042990929095396,1.0,0.03603845874778751,0.01,10,0.7676388658727269,0.8852888189540337,0
10,110,0.6230630117074822,1.0,0.03964230462256626,0.01,10,0.7467880254232162,0.8809993439265258,0
11,120,0.6624375989542325,1.0,0.04360653508482289,0.01,10,0.7265791292715228,0.8810884397373919,0
12,130,0.6836648549399778,1.0,0.04796718859330518,0.01,10,0.7136236265469957,0.8623229838561594,0
13,140,0.7078366650350048,1.0,0.0527639074526357,0.01,10,0.6891707117647611,0.8503113343548508,0
14,150,0.7352376647104819,1.0,0.05804029819789927,0.01,10,0.6679655733084664,0.8223007044509303,0
15,160,0.7896230519461932,1.0,0.0638443280176892,0.01,10,0.6344592327557576,0.8067525356563556,0
16,170,0.861885906689685,1.0,0.07022876081945813,0.01,10,0.6239930278096507,0.7651073168067569,0
17,180,0.8339520621600864,1.0,0.07725163690140395,0.01,10,0.5925296482521777,0.7259561299595907,0
18,190,0.8543576535123392,1.0,0.08497680059154435,0.01,10,0.560907407581971,0.7128780688817652,0
19,200,0.834094272818894,1.0,0.09347448065069879,0.01,10,0.530977741148582,0.7125147147301601,0
20,210,0.8222213255949471,1.0,0.10282192871576867,0.01,10,0.5009805316069972,0.6705038928384137,0
21,220,0.8175991135452889,1.0,0.11310412158734555,0.01,10,0.47480636882409244,0.6416866424553032,0
22,230,0.7872627564301646,1.0,0.12441453374608011,0.01,10,0.45271946936880286,0.6619329060694338,0
23,240,0.8545863708435014,1.0,0.13685598712068814,0.01,10,0.4322991491348977,0.6233115995408965,0
24,250,0.9223521757082058,1.0,0.15054158583275695,0.01,10,0.4096837311245687,0.5773055927736985,0
25,260,1.0039297577170763,1.0,0.16559574441603267,0.01,10,0.40978952721670503,0.5198092669508213,0
26,270,1.0158349973935108,1.0,0.18215531885763594,0.01,10,0.3722100516854243,0.47811098071753577,0
27,280,1.03119615409624,1.0,0.20037085074339955,0.01,10,0.33290894726658565,0.4684720986922447,0
28,290,1.04005423544032,1.0,0.22040793581773951,0.01,10,0.3069574921149362,0.5032080881949127,0
29,300,0.9843699046659177,1.0,0.24244872939951348,0.01,10,0.2681185156988205,0.4342634577181349,0
30,310,0.9546812105328794,1.0,0.2666936023394649,0.01,10,0.23950488009029472,0.4044485086645578,0
31,320,0.8797776006167091,1.0,0.2933629625734114,0.01,10,0.17964828262965854,0.3859225349212766,0
32,330,0.7816350920312902,1.0,0.32269925883075257,0.01,10,0.15990864833399387,0.3916649167688725,0
33,340,0.7838148446129432,1.0,0.3549691847138279,0.01,10,0.13701180976208294,0.39590092010820105,0
34,350,0.7569426431886523,1.0,0.3904661031852107,0.01,10,0.13146290578600384,0.36169128588576527,0
35,360,0.6830348285999376,1.0,0.42951271350373177,0.01,10,0.07683169672185117,0.24000639917963223,0
36,370,0.6144235626582236,1.0,0.47246398485410496,0.01,10,0.06915190683036053,0.1931924448793938,0
37,380,0.6069435985511445,0.6,0.5197103833395155,0.01,10,0.06753695648931304,0.33942379450105614,0
38,390,0.5794484628416057,1.0,0.571681421673467,0.01,10,0.057191517437937406,0.2627221852594274,0
39,400,0.5997175957239278,1.0,0.6288495638408138,0.01,10,0.0409997384184138,0.19369195492113409,0
40,410,0.5635895060460284,1.0,0.6917345202248952,0.01,10,0.03816813222792658,0.1687028962635556,0
41,420,0.5340399104101481,1.0,0.7609079722473848,0.01,10,0.026723561345199556,0.12242825129334092,0
42,430,0.5273209517020837,1.0,0.8369987694721234,0.01,10,0.01570930295078227,0.09088932971853926,0
43,440,0.531261387538374,1.0,0.9,0.01,10,0.00922311945698617,0.05417446240117578,0
44,450,0.5210330720275594,0.9,0.9,0.01,10,0.007033141451907014,0.037773094077274846,0
45,460,0.5163641170898821,0.9,0.9,0.01,10,0.004061022057886568,0.04047193256640967,0
46,470,0.5210789953239332,0.4,0.9,0.01,10,0.0022630666502665812,0.023005367128651154,0
47,480,0.5134321733133571,0.3,0.9,0.01,10,0.0013542516535118166,0.037987011771049434,0
48,490,0.5038343276907856,0.5,0.9,0.01,10,0.0008493636260770306,0.02512613062008053,0
49,500,0.4636097576907357,0.2,0.9,0.01,10,0.0003490067628957366,0.029583891015556214,0
50,510,0.4285424508800941,0.7,0.9,0.01,10,0.00010677629194487634,0.04951937296569156,0
51,520,0.42274144395661195,0.2,0.9,0.01,10,0.00010951743616650122,0.0538105536527911,0
52,530,0.40982154488370665,0.1,0.81,0.011000000000000001,10,8.7483229364639e-05,0.05595280133218852,0
53,540,0.4193350585121613,0.4,0.81,0.011000000000000001,10,7.70420826581994e-05,0.03942059935517077,0
54,550,0.4170132627777765,0.3,0.81,0.011000000000000001,10,5.620407243163791e-05,0.035453181648510405,0
55,560,0.3885050980955515,0.9,0.8910000000000001,0.01,10,3.333623317845459e-05,0.04213968682615513,0
56,569,0.35456092259076066,0.5555555555555556,0.016885386295586762,0.01209126742108587,9,3.238051864417041e-05,0.04289240960509366,0
57,578,0.34195613314081946,0.2222222222222222,0.016885386295586762,0.01209126742108587,9,3.2025698651748514e-05,0.04306438887697114,0
58,587,0.3454547617398515,0.4444444444444444,0.016885386295586762,0.01209126742108587,9,3.106941106317103e-05,0.042723235247423545,0
59,596,0.34294886897888127,0.5555555555555556,0.01857392492514544,0.010882140678977284,9,3.0518293979652824e-05,0.04275372802771844,0
60,605,0.35348147433437993,0.7777777777777778,0.020431317417659987,0.01,9,3.051825537194496e-05,0.042387498688844345,0
61,614,0.36623252629287206,0.4444444444444444,0.020431317417659987,0.01,9,3.056495370770189e-05,0.043577330726130105,0
62,623,0.39435027675312573,1.0,0.022474449159425987,0.01,9,3.005911277397836e-05,0.04261992804885554,0
63,632,0.4196152715845222,0.6666666666666666,0.024721894075368588,0.01,9,2.940482077953834e-05,0.04170739049485432,0
64,641,0.44065996117045836,0.3333333333333333,0.024721894075368588,0.01,9,2.8857624048828744e-05,0.04095849981540512,0
65,650,0.460299300751258,0.4444444444444444,0.024721894075368588,0.01,9,2.7868878014776405e-05,0.040377671087008286,0
66,659,0.49434584506439727,0.6666666666666666,0.02719408348290545,0.01,9,2.670363803008356e-05,0.039838529036579216,0
67,668,0.5343240575904858,0.8888888888888888,0.029913491831195998,0.01,9,2.5974456700523803e-05,0.039364325802857064,0
68,677,0.5397425140787683,0.1111111111111111,0.026922142648076398,0.011000000000000001,9,2.5632775439407135e-05,0.03847478235161503,0
69,686,0.5500786244377931,0.8888888888888888,0.02961435691288404,0.01,9,2.4930857700550726e-05,0.03763539061574065,0
70,695,0.5288116664249335,0.5555555555555556,0.03257579260417245,0.01,9,2.4328363587204575e-05,0.03754692476859616,0
71,704,0.5130634734257077,0.5555555555555556,0.035833371864589694,0.01,9,2.4073903633371686e-05,0.03635215463226284,0
72,713,0.5187201338803217,1.0,0.039416709051048666,0.01,9,2.330220162339243e-05,0.03615504240972106,0
73,722,0.564216852896063,0.0,0.0354750381459438,0.011000000000000001,9,2.3232033646733126e-05,0.03527234122059941,0
74,731,0.5699072407378205,0.5555555555555556,0.039022541960538185,0.01,9,2.2766417825963564e-05,0.034547622769739016,0
75,740,0.5924650163443129,1.0,0.042924796156592004,0.01,9,2.226984358563799e-05,0.035267042184852306,0
76,749,0.5958510903243432,0.3333333333333333,0.042924796156592004,0.01,9,2.2168953651811615e-05,0.03482316527233204,0
77,758,0.6253936220954469,0.2222222222222222,0.042924796156592004,0.01,9,2.15196503119788e-05,0.03405643797768917,0
78,767,0.5993588783023484,0.8888888888888888,0.04721727577225121,0.01,9,2.0867324714427234e-05,0.03390083971007894,0
79,776,0.5609899021841909,0.5555555555555556,0.051939003349476334,0.01,9,2.029393725702625e-05,0.032317555335179285,0
80,785,0.5532650129607691,0.8888888888888888,0.057132903684423975,0.01,9,1.9380395210041048e-05,0.031159872906286287,0
81,794,0.5693370350224787,0.4444444444444444,0.057132903684423975,0.01,9,1.9843399047205042e-05,0.03066193196464602,0
82,803,0.5821976941704644,0.4444444444444444,0.057132903684423975,0.01,9,1.937151859461173e-05,0.029608689141038674,0
83,812,0.6152011578325515,0.6666666666666666,0.06284619405286637,0.01,9,1.928474109074063e-05,0.028699541112952833,0
84,821,0.6334026904237405,1.0,0.06913081345815301,0.01,9,1.8878744653405793e-05,0.02827122090273853,0
85,830,0.6553829858396631,0.3333333333333333,0.06913081345815301,0.01,9,1.802751754115086e-05,0.027810678400767782,0
86,839,0.6542283651779874,0.7777777777777778,0.07604389480396832,0.01,9,1.7869043393886908e-05,0.02655216878944833,0
87,848,0.6730566574662922,0.8888888888888888,0.08364828428436516,0.01,9,1.6964908269884364e-05,0.02557618702917997,0
88,857,0.7151012437224864,0.1111111111111111,0.07528345585592865,0.011000000000000001,9,1.6286760438939163e-05,0.024462825389174322,0
89,866,0.7512528980161838,0.5555555555555556,0.08281180144152152,0.01,9,1.593596589319736e-05,0.02360115519418071,0
90,875,0.8316553628344646,0.7777777777777778,0.09109298158567368,0.01,9,1.526830964467255e-05,0.0228294975505455,0
91,884,0.9240790915425262,0.6666666666666666,0.10020227974424105,0.01,9,1.4850186199874468e-05,0.02151816255328231,0
92,893,0.9601448636368615,0.6666666666666666,0.11022250771866517,0.01,9,1.512778889598897e-05,0.02004554233504359,0
93,902,0.9359330909941348,0.6666666666666666,0.12124475849053169,0.01,9,1.5311471972820238e-05,0.018860173065257054,0
94,911,0.9513314443817897,0.1111111111111111,0.10912028264147852,0.011000000000000001,9,1.429222561755404e-05,0.017800444119818914,0
95,920,0.9416314729045533,0.0,0.09820825437733068,0.012100000000000001,9,1.4384768756345852e-05,0.01688246753304962,0
96,929,0.8929944877720002,0.7777777777777778,0.10802907981506375,0.010890000000000002,9,1.3323218994808738e-05,0.01609355576001669,0
97,938,0.9012812659889265,0.8888888888888888,0.11883198779657014,0.01,9,1.2694840692634686e-05,0.015487834158664865,0
98,947,0.8990835869645287,0.2222222222222222,0.11883198779657014,0.01,9,1.197933327235584e-05,0.014732604735698589,0
99,956,0.8729143677614998,0.4444444444444444,0.11883198779657014,0.01,9,1.114228075061458e-05,0.013794709821482252,0
100,965,0.8586678662561995,0.4444444444444444,0.11883198779657014,0.01,9,1.038475617323808e-05,0.013272233937375708,0
101,974,0.8329840696594148,0.3333333333333333,0.11883198779657014,0.01,9,1.0040163950826668e-05,0.012572902667034685,0
102,983,0.8107888290721162,0.1111111111111111,0.10694878901691313,0.011000000000000001,9,9.678657734452404e-06,0.011900986045519112,0
103,992,0.8301281716013147,0.8888888888888888,0.11764366791860445,0.01,9,9.031008304573826e-06,0.011405871267888208,0
104,1001,0.8203699078029336,0.2222222222222222,0.11764366791860445,0.01,9,8.726476128644673e-06,0.010610422850112542,0
105,1010,0.8989276788477423,0.1111111111111111,0.10587930112674401,0.011000000000000001,9,8.203617344118277e-06,0.010079896048566687,0
106,1019,0.9807389799924771,0.8888888888888888,0.11646723123941842,0.01,9,7.784393146619615e-06,0.00959471344056281,0
107,1028,0.9280858466803239,0.2222222222222222,0.11646723123941842,0.01,9,7.3174228450361295e-06,0.009301745105391461,0
108,1037,0.8591416549255357,0.2222222222222222,0.11646723123941842,0.01,9,7.060079307837042e-06,0.008282124486808115,0
109,1046,0.8400733997339919,0.1111111111111111,0.10482050811547658,0.011000000000000001,9,6.836670147494383e-06,0.007905713947372134,0
110,1055,0.7989452451686369,0.7777777777777778,0.11530255892702425,0.01,9,6.544696679783186e-06,0.007741615415094865,0
111,1064,0.8041742907871582,0.6666666666666666,0.1268328148197267,0.01,9,6.25953556247367e-06,0.007424718722370639,0
112,1073,0.7927367252100543,0.6666666666666666,0.13951609630169937,0.01,9,5.886561394296851e-06,0.007166152123740907,0
113,1082,0.7834914251427127,0.8888888888888888,0.1534677059318693,0.01,9,5.388935918690973e-06,0.006717334620093625,0
114,1091,0.7691619964725049,0.2222222222222222,0.1534677059318693,0.01,9,5.099107849071664e-06,0.006558158673956388,0
115,1100,0.7085047683793788,0.8888888888888888,0.16881447652505627,0.01,9,5.044454650243225e-06,0.00875547193907261,0
116,1109,0.6625865927007536,0.6666666666666666,0.18569592417756192,0.01,9,4.397401392676845e-06,0.012230357411920186,0
117,1118,0.6927265072085447,0.8888888888888888,0.20426551659531814,0.01,9,4.0915429169468456e-06,0.014325792779474175,0
118,1127,0.729329279225324,1.0,0.22469206825484997,0.01,9,3.759254838027509e-06,0.014105120773025497,0
119,1136,0.7172295451660192,0.8888888888888888,0.24716127508033497,0.01,9,3.2441671213378063e-06,0.013063977308578634,0
120,1145,0.719484502271919,0.6666666666666666,0.2718774025883685,0.01,9,3.139569520962435e-06,0.012046197319212226,0
121,1154,0.7577285950014805,0.8888888888888888,0.29906514284720537,0.01,9,2.75406853623958e-06,0.01167640136992794,0
122,1163,0.7837546617152336,0.5555555555555556,0.32897165713192594,0.01,9,2.5879832445831613e-06,0.010196560952935788,0
123,1172,0.7686961856004848,1.0,0.36186882284511857,0.01,9,2.2564879977432328e-06,0.008552166690369043,0
124,1181,0.7575253260890705,0.6666666666666666,0.39805570512963045,0.01,9,1.8111674000040478e-06,0.006832922376289027,0
125,1190,0.7573864262101648,0.6666666666666666,0.43786127564259353,0.01,9,1.408802400902095e-06,0.00545954993842912,0
126,1199,0.8403071655672898,1.0,0.4816474032068529,0.01,9,1.0595887069341455e-06,0.004184568166725666,0
127,1208,0.9843349855527354,0.5555555555555556,0.5298121435275382,0.01,9,8.03728971665918e-07,0.0034621767877457714,0
128,1217,1.1617988837008217,0.7777777777777778,0.5827933578802921,0.01,9,5.902561564365466e-07,0.0025390767592917388,0
129,1226,1.3784128225976389,1.0,0.6410726936683213,0.01,9,4.5293778690321897e-07,0.002229446763151682,0
130,1235,1.551065573605239,0.1111111111111111,0.5769654243014892,0.011000000000000001,9,3.247815609078683e-07,0.0020579881828627685,0
131,1244,1.703447044161856,0.8888888888888888,0.6346619667316382,0.01,9,2.2445437532244082e-07,0.0016284463266425786,0
132,1253,1.9111909540844088,0.3333333333333333,0.6346619667316382,0.01,9,1.5170520923108807e-07,0.0011465872082887833,0
133,1262,2.019275073363752,0.5555555555555556,0.6981281634048021,0.01,9,1.0478650074872355e-07,0.0007572593615124627,0
134,1271,2.1562291377734417,0.8888888888888888,0.7679409797452824,0.01,9,1.306877387666872e-07,0.0005394175970053435,0
135,1280,2.3581434405997257,1.0,0.8447350777198107,0.01,9,7.71450080947164e-08,0.00032130964481944636,0
136,1289,2.58800355292443,0.3333333333333333,0.8447350777198107,0.01,9,5.8140637482609196e-08,0.000198468794418243,0
137,1298,2.6900553854737703,0.8888888888888888,0.9,0.01,9,3.7997187668976586e-08,0.00013988893059072236,0
138,1307,2.671137220409116,0.4444444444444444,0.9,0.01,9,2.0884556700193495e-08,0.00010314383966237358,0
139,1316,2.72950913050792,0.8888888888888888,0.9,0.01,9,1.2746628451925413e-08,6.066949252934149e-05,0
140,1325,2.9949031048483286,0.7777777777777778,0.9,0.01,9,8.086972387684496e-09,4.2878878838496787e-05,0
141,1334,3.299104393201095,0.8888888888888888,0.9,0.01,9,4.684425736460223e-09,4.1646064935395e-05,0
142,1343,3.414030557242367,0.7777777777777778,0.9,0.01,9,2.999390204834823e-09,2.7473465139604865e-05,0
143,1352,3.502417660066931,0.4444444444444444,0.9,0.01,9,1.7467048974261987e-09,5.727654625025531e-05,0
144,1361,3.5300975159462604,1.0,0.9,0.01,9,1.1166670077769262e-09,4.820488669797321e-05,0
145,1370,3.667435429746984,0.8888888888888888,0.9,0.01,9,2.799641337225623e-09,2.7864236260506093e-05,0
146,1379,3.8479746830661967,0.7777777777777778,0.9,0.01,9,1.525407924982937e-09,3.480887225316211e-05,0
147,1388,3.947380610078965,1.0,0.9,0.01,9,8.52369731574192e-10,2.5319764111987923e-05,0
148,1397,4.177614182352985,0.7777777777777778,0.9,0.01,9,4.781911070428819e-10,2.8070926360680412e-05,0
149,1406,4.401421014130542,1.0,0.9,0.01,9,2.572295274863551e-10,2.3620223128060734e-05,0
150,1415,4.255009797467796,1.0,0.9,0.01,9,1.3631073249981006e-10,1.4383062177573595e-05,0
151,1424,3.8661590915683473,0.4444444444444444,0.9,0.01,9,1.0961253624377766e-11,6.235587544184935e-06,0
152,1433,3.733393573263769,0.6666666666666666,0.9,0.01,9,5.894053782566313e-12,1.1135076498303156e-05,0
153,1442,3.913900290461063,0.5555555555555556,0.9,0.01,9,3.218739728732583e-12,1.0915847812562423e-05,0
154,1451,4.457504073342122,1.0,0.9,0.01,9,2.759712393293847e-12,7.168943901870871e-06,0
155,1460,5.276054079508884,0.8888888888888888,0.9,0.01,9,1.7156858433180463e-12,5.075587021056215e-06,0
156,1469,5.484419802806442,0.5555555555555556,0.9,0.01,9,1.0162446536205259e-12,6.911759727236031e-06,0
157,1478,5.707086358563877,0.4444444444444444,0.9,0.01,9,1e-12,1.4683794651512054e-05,0
158,1487,5.840696989630474,0.7777777777777778,0.9,0.01,9,1e-12,1.0817500063458773e-05,0
159,1496,6.116589622473382,0.8888888888888888,0.9,0.01,9,1e-12,7.0698189862928766e-06,0
160,1505,6.260035463628789,0.6666666666666666,0.9,0.01,9,1e-12,8.117938517146579e-06,0
161,1514,6.683596421835908,1.0,0.9,0.01,9,1e-12,4.522128795403676e-06,0
162,1523,7.130934058729477,1.0,0.9,0.01,9,1.2649646797823828e-12,2.5574702853078103e-06,0
163,1532,7.944476576262711,0.6666666666666666,0.9,0.01,9,1e-12,2.1392996197521246e-06,0
164,1541,9.081349371916456,0.7777777777777778,0.9,0.01,9,1e-12,1.1927963463498743e-06,0
165,1550,10.299083300617571,0.7777777777777778,0.9,0.01,9,1e-12,1.3545086696050203e-06,0
166,1559,12.091383798698335,0.8888888888888888,0.9,0.01,9,1e-12,9.201564221537707e-07,0
167,1568,14.338739754469854,0.7777777777777778,0.9,0.01,9,1e-12,9.340231736070869e-07,0
168,1577,16.607369469211,0.7777777777777778,0.9,0.01,9,1e-12,9.467327513738938e-07,0
169,1586,19.269814104466516,0.7777777777777778,0.9,0.01,9,1e-12,7.726347229181475e-07,0
170,1595,22.84883003808312,0.8888888888888888,0.9,0.01,9,1e-12,5.929793087350802e-07,0
171,1604,26.00966266651404,0.6666666666666666,0.9,0.01,9,1e-12,6.452794953555173e-07,0
172,1613,30.81708076021645,1.0,0.9,0.01,9,1e-12,4.32256869885618e-07,0
173,1622,36.81502624201823,1.0,0.9,0.01,9,1e-12,5.093334395182762e-07,0
174,1631,41.57096326659637,1.0,0.9,0.01,9,1e-12,3.19988769905546e-07,0
175,1640,46.17001815784745,0.4444444444444444,0.9,0.01,9,1e-12,4.316639231014872e-07,0
176,1649,48.046182489212235,1.0,0.9,0.01,9,1e-12,4.0673548270925374e-07,0
177,1658,48.34154892890749,0.2222222222222222,0.9,0.01,9,1e-12,4.1739398667466546e-07,0
178,1667,48.619591363716964,0.8888888888888888,0.9,0.01,9,1e-12,2.620910394951632e-07,0
179,1675,49.190572354545274,0.625,0.016885386295586762,0.01209126742108587,8,1e-12,2.551047716675173e-07,0
180,1683,49.377742903739446,0.875,0.01857392492514544,0.010882140678977284,8,1e-12,2.546537057181209e-07,0
181,1691,49.3441472020234,0.625,0.020431317417659987,0.01,8,1e-12,2.5203237567007315e-07,0
182,1699,48.275396839132476,1.0,0.022474449159425987,0.01,8,1e-12,2.5292883220366873e-07,0
183,1707,49.91623308464698,0.75,0.024721894075368588,0.01,8,1e-12,2.4959263776616135e-07,0
184,1715,51.39493926601877,1.0,0.02719408348290545,0.01,8,1e-12,2.493852712181612e-07,0
185,1723,52.80742596097523,1.0,0.029913491831195998,0.01,8,1e-12,2.4684908131557755e-07,0
186,1731,55.15665367591399,0.375,0.029913491831195998,0.01,8,1e-12,2.4794246541786944e-07,0
187,1739,58.40794403380433,1.0,0.0329048410143156,0.01,8,1e-12,2.447748839722434e-07,0
188,1747,61.06449686402851,1.0,0.03619532511574716,0.01,8,1e-12,2.448229571942511e-07,0
189,1755,59.94930458588153,0.0,0.03257579260417245,0.011000000000000001,8,1e-12,2.3376578151710496e-07,0
190,1763,60.19017045553813,0.875,0.035833371864589694,0.01,8,1e-12,2.2651315047977188e-07,0
191,1771,61.261387476493944,1.0,0.039416709051048666,0.01,8,1e-12,2.2420984764450228e-07,0
192,1779,59.13120837728335,1.0,0.043358379956153534,0.01,8,1e-12,2.1908850671075743e-07,0
193,1787,57.48443875466994,0.0,0.039022541960538185,0.011000000000000001,8,1e-12,2.1020144041881838e-07,0
194,1795,56.90684842421449,0.625,0.042924796156592004,0.01,8,1e-12,2.0880167527032438e-07,0
195,1803,59.9601974510849,1.0,0.04721727577225121,0.01,8,1e-12,2.0762800134746828e-07,0
196,1811,61.92339225896979,0.625,0.051939003349476334,0.01,8,1e-12,2.1496240757761946e-07,0
197,1819,59.125259664253726,0.375,0.051939003349476334,0.01,8,1e-12,2.0873449472133888e-07,0
198,1827,58.317388746833196,0.75,0.057132903684423975,0.01,8,1e-12,2.0206764712509022e-07,0
199,1835,56.1048573557118,0.625,0.06284619405286637,0.01,8,1e-12,1.9090458503474455e-07,0
200,1843,61.09795319401108,0.875,0.06913081345815301,0.01,8,1e-12,1.8369613337102808e-07,0
201,1851,60.423333350981345,0.875,0.07604389480396832,0.01,8,1e-12,1.832623564075199e-07,0
202,1859,60.67333089943486,0.25,0.07604389480396832,0.01,8,1e-12,1.7328844077113373e-07,0
203,1867,59.937287973383526,0.375,0.07604389480396832,0.01,8,1e-12,1.716146071517994e-07,0
204,1875,63.87933630329196,0.5,0.07604389480396832,0.01,8,1e-12,1.6041640426222524e-07,0
205,1883,70.16781285571231,1.0,0.08364828428436516,0.01,8,1e-12,1.54998256300991e-07,0
206,1891,72.08916457362596,1.0,0.09201311271280169,0.01,8,1e-12,1.4714168750215508e-07,0
207,1899,70.88394589010116,0.25,0.09201311271280169,0.01,8,1e-12,1.5334020034449368e-07,0
208,1907,68.77906401514691,1.0,0.10121442398408187,0.01,8,1e-12,1.4943130638676333e-07,0
209,1915,64.7992751375048,0.625,0.11133586638249006,0.01,8,1e-12,1.461512908400796e-07,0
210,1923,62.49077290358707,1.0,0.12246945302073907,0.01,8,1e-12,1.4427534319530874e-07,0
211,1931,62.27761014460492,0.875,0.13471639832281299,0.01,8,1e-12,1.5307702207537364e-07,0
212,1939,66.64532714822205,1.0,0.1481880381550943,0.01,8,1e-12,1.4755869438690655e-07,0
213,1947,65.13138258567409,1.0,0.16300684197060372,0.01,8,1e-12,1.4563676893757336e-07,0
214,1955,63.06965045906679,0.25,0.16300684197060372,0.01,8,1e-12,1.4545643749237165e-07,0
215,1963,61.44161455591231,0.625,0.1793075261676641,0.01,8,1e-12,1.4219142288730706e-07,0
216,1971,63.38911086901759,1.0,0.19723827878443054,0.01,8,1e-12,1.5285449799517626e-07,0
217,1979,63.38096177813825,0.75,0.2169621066628736,0.01,8,1e-12,1.3483284503402904e-07,0
218,1987,62.4770306479701,0.5,0.2169621066628736,0.01,8,1e-12,1.1977356593432163e-07,0
219,1995,62.05214850918569,0.75,0.23865831732916098,0.01,8,1e-12,1.1834753972635646e-07,0
220,2003,60.38476690893246,0.875,0.2625241490620771,0.01,8,1e-12,1.2488984070109119e-07,0
221,2011,59.381775256672114,0.625,0.2887765639682848,0.01,8,1e-12,1.0798801818237951e-07,0
222,2019,57.51958150422066,0.25,0.2887765639682848,0.01,8,1e-12,1.3700813252242695e-07,0
223,2027,56.75480067735633,1.0,0.3176542203651133,0.01,8,1e-12,1.2916168965451357e-07,0
224,2035,53.91944819687078,1.0,0.34941964240162465,0.01,8,1e-12,1.610403699549264e-07,0
225,2043,55.645377013917056,0.75,0.38436160664178715,0.01,8,1e-12,1.4128416936086652e-07,0
226,2051,57.91611335036842,0.75,0.4227977673059659,0.01,8,1e-12,1.2786383885305896e-07,0
227,2059,60.86137018365641,1.0,0.46507754403656254,0.01,8,1e-12,1.2573253472967744e-07,0
228,2067,63.75859510591738,0.5,0.46507754403656254,0.01,8,1e-12,1.2272498866930234e-07,0
229,2075,68.04816633494409,0.625,0.5115852984402188,0.01,8,1e-12,9.729170446704069e-08,0
230,2083,73.13353279756139,1.0,0.5627438282842407,0.01,8,1e-12,7.43999299353469e-08,0
231,2091,77.67128242395032,1.0,0.6190182111126649,0.01,8,1e-12,6.923403365994315e-08,0
232,2099,84.27804856374672,0.875,0.6809200322239314,0.01,8,1e-12,6.4666999225758e-08,0
233,2107,95.12593291067084,1.0,0.7490120354463246,0.01,8,1e-12,4.702385063259008e-08,0
234,2115,108.5761875072799,1.0,0.823913238990957,0.01,8,1e-12,3.8257950937937716e-08,0
235,2123,123.37766802263577,0.625,0.9,0.01,8,1e-12,3.132233986964206e-08,0
236,2131,125.98745519031804,0.875,0.9,0.01,8,1e-12,1.8443452838307936e-08,0
237,2139,125.94112235640434,0.25,0.9,0.01,8,1e-12,3.154505376557879e-08,0
238,2147,128.36029315887123,0.875,0.9,0.01,8,1e-12,3.156901288499827e-08,0
239,2155,134.11962244516906,1.0,0.9,0.01,8,1e-12,1.8477959688747294e-08,0
240,2163,139.74826028200496,0.5,0.9,0.01,8,1e-12,2.6629947268285848e-08,0
241,2171,150.71794944898198,0.75,0.9,0.01,8,1e-12,2.314686470623266e-08,0
242,2179,164.05973196247302,1.0,0.9,0.01,8,1e-12,1.590350537129234e-08,0
243,2187,178.392339881506,0.5,0.9,0.01,8,1e-12,1.6698749880878808e-08,0
244,2195,192.76269184224145,0.375,0.9,0.01,8,1e-12,1.7797108410253617e-08,0
245,2203,200.30730293573532,0.5,0.9,0.01,8,1e-12,1.7610493043929754e-08,0
246,2211,206.77460819393409,1.0,0.9,0.01,8,1e-12,1.0111937996132719e-08,0
247,2219,218.0546168498194,1.0,0.9,0.01,8,1e-12,1.2780445766765259e-08,0
248,2227,213.16660830728893,0.0,0.81,0.011000000000000001,8,1e-12,1.3059408534366238e-08,0
249,2235,202.8933912500946,1.0,0.8910000000000001,0.01,8,1e-12,1.8407886890610276e-08,0
250,2243,216.25065238806465,1.0,0.9,0.01,8,1e-12,1.05831221209125e-08,0
251,2251,240.10683535372823,1.0,0.9,0.01,8,1e-12,7.950681066145164e-09,0
252,2259,254.39595158016274,1.0,0.9,0.01,8,1e-12,5.80451599392638e-09,0
253,2267,254.66371360015557,0.25,0.9,0.01,8,1e-12,3.5010976992082235e-09,0
254,2275,264.49894281136136,1.0,0.9,0.01,8,1e-12,1.961593553901916e-09,0
255,2283,275.58576613403983,0.875,0.9,0.01,8,1e-12,1.1519811118645941e-09,0
256,2291,287.73495634138266,0.875,0.9,0.01,8,1e-12,7.48409937246788e-10,0
257,2299,309.857986557243,0.75,0.9,0.01,8,1e-12,9.37475693817925e-10,0
258,2307,351.9751162865131,0.75,0.9,0.01,8,1e-12,9.190578210510465e-10,0
259,2315,393.26685324810927,0.625,0.9,0.01,8,1e-12,1.2175456630719154e-09,0
260,2323,445.9407746306122,0.875,0.9,0.01,8,1e-12,9.634828432291964e-10,0
261,2331,493.37435115322,0.875,0.9,0.01,8,1e-12,7.152808306678983e-10,0
262,2339,527.5001463020399,0.625,0.9,0.01,8,1e-12,8.218251451613356e-10,0
263,2347,579.6521396253273,0.625,0.9,0.01,8,1e-12,4.4311079759992395e-10,0
264,2355,670.1017452612372,1.0,0.9,0.01,8,1e-12,2.979339539160082e-10,0
265,2363,741.6897047565257,0.625,0.9,0.01,8,1e-12,4.480138199620579e-10,0
266,2371,803.6091066800835,0.625,0.9,0.01,8,1e-12,6.115358261358495e-10,0
267,2379,906.2245272457626,0.75,0.9,0.01,8,1e-12,9.073854669824832e-10,0
268,2387,1037.336418215832,1.0,0.9,0.01,8,1e-12,6.632830143345606e-10,0
269,2395,1130.672940968157,1.0,0.9,0.01,8,1e-12,5.513098129751702e-10,0
270,2403,1232.8341649176132,0.5,0.9,0.01,8,1e-12,6.156212091820917e-10,0
271,2411,1258.959974885473,1.0,0.9,0.01,8,1e-12,4.825911261545153e-10,0
272,2419,1253.9480850596494,0.125,0.81,0.011000000000000001,8,1e-12,3.2947324529983724e-10,0
273,2427,1346.3304849110464,0.875,0.8910000000000001,0.01,8,1e-12,4.837638706118561e-10,0
274,2435,1500.9887664821913,1.0,0.9,0.01,8,1e-12,3.303455871487986e-10,0
275,2443,1438.2320577630414,0.5,0.9,0.01,8,1e-12,2.1530893055851819e-10,0
276,2451,1445.0469978721026,1.0,0.9,0.01,8,1e-12,1.5736604635242133e-10,0
277,2459,1425.6873478589446,0.875,0.9,0.01,8,1e-12,9.847268002498421e-11,0
278,2467,1441.7352626595996,0.75,0.9,0.01,8,1e-12,6.585736123291356e-11,0
279,2475,1443.848069455619,0.875,0.9,0.01,8,1e-12,6.566123398329569e-11,0
280,2483,1424.6116938696775,0.625,0.9,0.01,8,1e-12,1.2367709710751017e-10,0
281,2491,1441.4917759575176,0.75,0.9,0.01,8,1e-12,1.0014930276712082e-10,0
282,2499,1476.0685840069925,0.875,0.9,0.01,8,1e-12,8.994352520856686e-11,0
283,2507,1613.7360260386642,1.0,0.9,0.01,8,1e-12,5.078508081197081e-11,0
284,2515,1788.077575226547,0.875,0.9,0.01,8,1e-12,3.788211085852539e-11,0
285,2523,1980.8595558500765,0.75,0.9,0.01,8,1e-12,3.336209640622594e-11,0
286,2531,2229.048862896918,0.875,0.9,0.01,8,1e-12,2.8064879917272785e-11,0
287,2539,2547.8540615720144,0.625,0.9,0.01,8,1e-12,3.157268095508519e-11,0
288,2547,2661.877435484708,0.5,0.9,0.01,8,1e-12,5.1834487243389516e-11,0
289,2555,2742.672704381004,0.5,0.9,0.01,8,1e-12,5.798827730876202e-11,0
290,2563,2887.9758514950295,0.625,0.9,0.01,8,1e-12,9.225469698013224e-11,0
291,2571,2830.7228096309555,1.0,0.9,0.01,8,1e-12,5.666007061096622e-11,0
292,2579,2750.05713916886,1.0,0.9,0.01,8,1e-12,3.2306143850625185e-11,0
293,2587,2523.662990843402,0.625,0.9,0.01,8,1e-12,2.0197411505984765e-11,0
294,2595,2636.0005291519815,0.875,0.9,0.01,8,1e-12,1.7026112032282516e-11,0
295,2603,2838.454104022609,0.5,0.9,0.01,8,1e-12,2.8255139593880253e-11,0
296,2611,2999.26524870844,0.875,0.9,0.01,8,1e-12,1.7176308250320787e-11,0
297,2619,3305.5361669388167,0.75,0.9,0.01,8,1e-12,1.684739917736389e-11,0
298,2627,3503.0682771574207,1.0,0.9,0.01,8,1e-12,9.846612666740735e-12,0
299,2635,3819.3752645213112,0.875,0.9,0.01,8,1e-12,1.4190940069279331e-11,0
300,2643,4037.7681233219314,0.75,0.9,0.01,8,1e-12,8.694108602523141e-12,0
301,2651,4386.34864592039,0.625,0.9,0.01,8,1e-12,5.6411603723268394e-12,0
302,2659,4783.518505733383,1.0,0.9,0.01,8,1e-12,3.602711815163354e-12,0
303,2667,5308.811953803381,0.5,0.9,0.01,8,1e-12,5.1252211344458106e-12,0
304,2675,5615.198358391429,0.25,0.9,0.01,8,1e-12,1.4059442922193858e-11,0
305,2683,5937.50628593058,0.625,0.9,0.01,8,1e-12,1.7539258341673508e-11,0
306,2691,6363.820604990165,1.0,0.9,0.01,8,1e-12,1.0189964634067475e-11,0
307,2699,6267.213440993061,0.5,0.9,0.01,8,1e-12,5.661985345145425e-12,0
308,2707,6104.976976636846,0.5,0.9,0.01,8,1e-12,1.5846253378828384e-11,0
309,2715,6384.388814087612,0.875,0.9,0.01,8,1e-12,1.3959260953895783e-11,0
310,2723,6771.563991216708,0.875,0.9,0.01,8,1e-12,1.2613334769894152e-11,0
311,2731,7284.8118904348885,1.0,0.9,0.01,8,1e-12,8.855378968310323e-12,0
312,2739,7533.289473724981,0.375,0.9,0.01,8,1e-12,1.2335300040709956e-11,0
313,2747,7947.239370723968,0.375,0.9,0.01,8,1e-12,7.556505466792991e-12,0
314,2755,8729.17673211958,0.75,0.9,0.01,8,1e-12,8.21028989500188e-12,0
315,2763,9839.47293004494,0.375,0.9,0.01,8,1e-12,7.170752585756759e-12,0
316,2771,11385.72546648432,0.625,0.9,0.01,8,1e-12,3.8585360123630406e-12,0
317,2779,12585.529716285004,0.125,0.81,0.011000000000000001,8,1e-12,3.4815398648853317e-12,0
318,2786,13809.378740427099,0.2857142857142857,0.01541798803902277,0.007143250586288005,7,1e-12,3.4238882985408818e-12,0
319,2793,14833.019563266327,0.14285714285714285,0.013876189235120493,0.007857575644916806,7,1e-12,3.3404510132299656e-12,0
320,2800,14526.359035502204,0.0,0.012488570311608445,0.008643333209408487,7,1e-12,3.3247203014189877e-12,0
321,2807,13677.957052844957,0.0,0.011239713280447601,0.009507666530349335,7,1e-12,3.244302616801906e-12,0
322,2814,12881.37643773538,0.2857142857142857,0.011239713280447601,0.009507666530349335,7,1e-12,3.1738522473316058e-12,0
323,2821,12382.232395872987,0.0,0.010115741952402842,0.01045843318338427,7,1e-12,3.1177218781977296e-12,0
324,2828,11776.001259501427,0.0,0.01,0.011504276501722697,7,1e-12,3.0346276611628503e-12,0
325,2835,11366.90666697348,0.14285714285714285,0.01,0.012654704151894968,7,1e-12,2.986672588327383e-12,0
326,2842,11261.410816084788,0.2857142857142857,0.01,0.012654704151894968,7,1e-12,2.930282046794199e-12,0
327,2849,11931.665577465434,0.5714285714285714,0.011000000000000001,0.011389233736705471,7,1e-12,2.908733681917396e-12,0
328,2856,12774.309641485675,0.14285714285714285,0.01,0.012528157110376019,7,1e-12,2.8467619703629283e-12,0
329,2863,13204.400359385008,0.0,0.01,0.013780972821413622,7,1e-12,2.76229937800124e-12,0
330,2870,13619.449058489245,0.14285714285714285,0.01,0.015159070103554986,7,1e-12,2.641076157257038e-12,0
331,2877,13637.05228609551,0.7142857142857143,0.011000000000000001,0.013643163093199488,7,1e-12,2.6182930682498713e-12,0
332,2884,13695.899357740172,0.0,0.01,0.015007479402519439,7,1e-12,2.518424229009171e-12,0
333,2891,13987.608827725522,0.5714285714285714,0.011000000000000001,0.013506731462267494,7,1e-12,2.4744893953171346e-12,0
334,2898,13383.132336294744,0.14285714285714285,0.01,0.014857404608494246,7,1e-12,2.4183884539287057e-12,0
335,2905,12367.689421597222,0.0,0.01,0.016343145069343673,7,1e-12,2.364389370720257e-12,0
336,2912,11908.332194611039,0.2857142857142857,0.01,0.016343145069343673,7,1e-12,2.320494888938715e-12,0
337,2919,12273.42898557053,0.14285714285714285,0.01,0.01797745957627804,7,1e-12,2.2585662150232777e-12,0
338,2926,11602.447698709202,0.0,0.01,0.019775205533905847,7,1e-12,2.132227094590809e-12,0
339,2933,11152.872030288961,0.14285714285714285,0.01,0.021752726087296434,7,1e-12,2.057082186254832e-12,0
340,2940,10500.499026993,0.14285714285714285,0.01,0.02392799869602608,7,1e-12,2.0426427784324238e-12,0
341,2947,9971.323075925027,0.5714285714285714,0.011000000000000001,0.021535198826423473,7,1e-12,1.9147269448076485e-12,0
342,2954,9039.492644277321,0.2857142857142857,0.011000000000000001,0.021535198826423473,7,1e-12,1.8506395961347664e-12,0
343,2961,8250.721754298613,0.14285714285714285,0.01,0.02368871870906582,7,1e-12,1.69375439874605e-12,0
344,2968,7655.235298531966,0.5714285714285714,0.011000000000000001,0.02131984683815924,7,1e-12,1.7134490917996485e-12,0
345,2975,7334.444421550068,0.7142857142857143,0.012100000000000001,0.019187862154343316,7,1e-12,1.7153669424063352e-12,0
346,2982,7449.308886105453,0.8571428571428571,0.013310000000000002,0.017269075938908984,7,1e-12,1.6921560795224297e-12,0
347,2989,7533.420216226668,0.14285714285714285,0.011979000000000002,0.018995983532799885,7,1e-12,1.6426523424780574e-12,0
348,2996,7631.76985015782,0.42857142857142855,0.011979000000000002,0.018995983532799885,7,1e-12,1.5571839235411897e-12,0
349,3003,7844.42073978715,0.7142857142857143,0.013176900000000004,0.017096385179519898,7,1e-12,1.5420984613517346e-12,0
350,3010,8103.6090416462885,0.42857142857142855,0.013176900000000004,0.017096385179519898,7,1e-12,1.4956316274549762e-12,0
351,3017,8057.223208308702,0.42857142857142855,0.013176900000000004,0.017096385179519898,7,1e-12,1.4930576091421467e-12,0
352,3024,7989.78372517363,0.42857142857142855,0.013176900000000004,0.017096385179519898,7,1e-12,1.4499111031939056e-12,0
353,3031,7661.872610380937,0.5714285714285714,0.014494590000000005,0.015386746661567908,7,1e-12,1.4047446590261136e-12,0
354,3038,7567.424050081945,0.7142857142857143,0.015944049000000005,0.013848071995411118,7,1e-12,1.3722403835659452e-12,0
355,3045,7438.433993214131,0.5714285714285714,0.017538453900000008,0.012463264795870007,7,1e-12,1.3484693427203244e-12,0
356,3052,7495.148738977778,0.2857142857142857,0.017538453900000008,0.012463264795870007,7,1e-12,1.2928141174192639e-12,0
357,3059,7851.614240020889,0.14285714285714285,0.015784608510000006,0.013709591275457008,7,1e-12,1.2213154068350175e-12,0
358,3066,7987.688137380623,0.8571428571428571,0.01736306936100001,0.012338632147911307,7,1e-12,1.188523729145138e-12,0
359,3073,7949.985919681642,0.0,0.01562676242490001,0.013572495362702438,7,1e-12,1.1777343827423584e-12,0
360,3080,7692.029051076088,0.7142857142857143,0.017189438667390013,0.012215245826432195,7,1e-12,1.1609424204246949e-12,0
361,3087,7563.170389110118,0.42857142857142855,0.017189438667390013,0.012215245826432195,7,1e-12,1.1192187384696532e-12,0
362,3094,7484.085168455918,0.8571428571428571,0.018908382534129017,0.010993721243788975,7,1e-12,1.1004774512131714e-12,0
363,3101,7433.997667452717,0.42857142857142855,0.018908382534129017,0.010993721243788975,7,1e-12,1.0862272964223018e-12,0
364,3108,7496.383518194203,0.0,0.017017544280716116,0.012093093368167874,7,1e-12,1.0550032923337092e-12,0
365,3115,7582.624523804802,0.2857142857142857,0.017017544280716116,0.012093093368167874,7,1e-12,1.0278961922464305e-12,0
366,3122,7627.829336616703,0.42857142857142855,0.017017544280716116,0.012093093368167874,7,1e-12,1.0005066158544117e-12,0
367,3129,7474.600600318927,1.0,0.01871929870878773,0.010883784031351087,7,1e-12,1.0089017531640105e-12,0
368,3136,7342.377936087646,0.42857142857142855,0.01871929870878773,0.010883784031351087,7,1e-12,1.0067842594298621e-12,0
369,3143,7544.79215281024,0.2857142857142857,0.01871929870878773,0.010883784031351087,7,1e-12,1.0097491339517376e-12,0
370,3150,7713.25610352468,0.8571428571428571,0.020591228579666502,0.01,7,1e-12,1e-12,0
371,3157,8174.403498436909,0.42857142857142855,0.020591228579666502,0.01,7,1e-12,1e-12,0
372,3164,8524.654398123677,0.2857142857142857,0.020591228579666502,0.01,7,1e-12,1.007009114221456e-12,0
373,3171,8738.721287863473,0.5714285714285714,0.022650351437633155,0.01,7,1e-12,1e-12,0
374,3178,9038.497989684589,0.2857142857142857,0.022650351437633155,0.01,7,1e-12,1.0026310914868172e-12,0
375,3185,8654.323614852166,0.2857142857142857,0.022650351437633155,0.01,7,1e-12,1.0030595294112125e-12,0
376,3192,8540.913474409906,0.2857142857142857,0.022650351437633155,0.01,7,1e-12,1.0032384711716777e-12,0
377,3199,8331.794957952456,0.2857142857142857,0.022650351437633155,0.01,7,1e-12,1e-12,0
378,3206,8186.716124007301,0.5714285714285714,0.02491538658139647,0.01,7,1e-12,1e-12,0
379,3213,8259.973305582713,0.42857142857142855,0.02491538658139647,0.01,7,1e-12,1e-12,0
380,3220,7925.928519803357,0.2857142857142857,0.02491538658139647,0.01,7,1e-12,1.0043869294693566e-12,0
381,3227,7436.541257296799,0.2857142857142857,0.02491538658139647,0.01,7,1e-12,1e-12,0
382,3234,7078.491938738145,1.0,0.02740692523953612,0.01,7,1e-12,1.0161351977308315e-12,0
383,3241,6627.368450392183,0.2857142857142857,0.02740692523953612,0.01,7,1e-12,1.0244600576198651e-12,0
384,3248,6184.18423338058,0.14285714285714285,0.024666232715582506,0.011000000000000001,7,1e-12,1.0503487515668355e-12,0
385,3255,5725.336565608999,0.8571428571428571,0.02713285598714076,0.01,7,1e-12,1.0227640389292258e-12,0
386,3262,5510.81407109285,0.7142857142857143,0.029846141585854837,0.01,7,1e-12,1.0400432725926142e-12,0
387,3269,5427.932656419273,0.8571428571428571,0.032830755744440325,0.01,7,1e-12,1.011142942247666e-12,0
388,3276,5239.513677215217,0.8571428571428571,0.03611383131888436,0.01,7,1e-12,1.0013706533625193e-12,0
389,3283,5313.2271493402395,1.0,0.0397252144507728,0.01,7,1e-12,1.0018543708464932e-12,0
390,3290,5283.880611544234,0.7142857142857143,0.04369773589585009,0.01,7,1e-12,1e-12,0
391,3297,5206.167704945389,1.0,0.0480675094854351,0.01,7,1e-12,1e-12,0
392,3304,4924.245027365686,0.5714285714285714,0.052874260433978616,0.01,7,1e-12,1.0253201159462341e-12,0
393,3311,4625.901040985795,1.0,0.05816168647737648,0.01,7,1e-12,1e-12,0
394,3318,4250.612504943749,1.0,0.06397785512511414,0.01,7,1e-12,1.0241392359343314e-12,0
395,3325,4013.5373639193563,0.7142857142857143,0.07037564063762557,0.01,7,1e-12,1.1397735780197145e-12,0
396,3332,3829.575984750646,1.0,0.07741320470138813,0.01,7,1e-12,1.1656078074056885e-12,0
397,3339,3696.507809478093,1.0,0.08515452517152694,0.01,7,1e-12,1.1696656397082371e-12,0
398,3346,3567.0036310186924,1.0,0.09366997768867964,0.01,7,1e-12,1.1304259638994807e-12,0
399,3353,3344.1877557512125,1.0,0.10303697545754761,0.01,7,1e-12,1.052540454257971e-12,0
400,3360,3270.288163235269,1.0,0.11334067300330239,0.01,7,1e-12,1.1003996340145039e-12,0
401,3367,3390.220562584149,1.0,0.12467474030363264,0.01,7,1e-12,1.1741944446714992e-12,0
402,3374,3476.370572660009,0.7142857142857143,0.13714221433399593,0.01,7,1e-12,1.130690127851205e-12,0
403,3381,3369.6054777443333,1.0,0.15085643576739552,0.01,7,1e-12,1.0441525635990841e-12,0
404,3388,3370.491386627304,1.0,0.16594207934413507,0.01,7,1e-12,1.143514968108532e-12,0
405,3395,3345.4657390192865,1.0,0.1825362872785486,0.01,7,1e-12,1.4562016730320783e-12,0
406,3402,3296.3536722407866,1.0,0.20078991600640347,0.01,7,1e-12,1.3030923519795434e-12,0
407,3409,3143.4642198330353,0.7142857142857143,0.22086890760704384,0.01,7,1e-12,1.2161796736848478e-12,0
408,3416,2982.478529754288,1.0,0.24295579836774825,0.01,7,1e-12,1.232463122185774e-12,0
409,3423,2826.903197950901,1.0,0.2672513782045231,0.01,7,1e-12,1.333488915805602e-12,0
410,3430,2675.647356398124,1.0,0.29397651602497543,0.01,7,1e-12,1.358421559380557e-12,0
411,3437,2529.9288548015943,1.0,0.323374167627473,0.01,7,1e-12,1.6423809499020704e-12,0
412,3444,2488.249814709777,1.0,0.3557115843902203,0.01,7,1e-12,1.72341564103165e-12,0
413,3451,2574.338756547061,1.0,0.3912827428292424,0.01,7,1e-12,1.9922099539130102e-12,0
414,3458,2520.680574918725,1.0,0.43041101711216667,0.01,7,1e-12,1.6572504169451538e-12,0
415,3465,2544.9594379780124,1.0,0.4734521188233834,0.01,7,1e-12,1.3319922024336053e-12,0
416,3472,2506.283519089066,1.0,0.5207973307057218,0.01,7,1e-12,1.2906544846420382e-12,0
417,3479,2504.1685615415654,1.0,0.572877063776294,0.01,7,1e-12,1.1703716728990381e-12,0
418,3486,2495.0613063770475,1.0,0.6301647701539235,0.01,7,1e-12,2.067189666575479e-12,0
419,3493,2464.0631498890434,1.0,0.6931812471693158,0.01,7,1e-12,2.4416776412746634e-12,0
420,3500,2380.082246049953,1.0,0.7624993718862475,0.01,7,1e-12,1.5259613008483432e-12,0
421,3507,2348.7409430639213,1.0,0.8387493090748723,0.01,7,1e-12,1.3290059496378184e-12,0
422,3514,2278.3022505938757,1.0,0.9,0.01,7,1e-12,2.0136369721887323e-12,0
423,3521,2100.315357506115,1.0,0.9,0.01,7,1e-12,1.6389955791956863e-12,0
424,3528,2018.3925624662616,1.0,0.9,0.01,7,1e-12,2.085308948927479e-12,0
425,3535,1942.2720778937594,1.0,0.9,0.01,7,1e-12,1.7475581298112526e-12,0
426,3542,1912.513509695777,1.0,0.9,0.01,7,1e-12,2.7047890655328106e-12,0
427,3549,1873.130403930888,1.0,0.9,0.01,7,1e-12,5.7096244234549415e-12,0
428,3556,1882.4218809073434,1.0,0.9,0.01,7,1e-12,1.4058399155505993e-11,0
429,3563,1858.019457349188,0.5714285714285714,0.9,0.01,7,1e-12,2.912326846916252e-11,0
430,3570,1768.3938446972668,0.42857142857142855,0.9,0.01,7,1e-12,7.774967813076964e-11,0
431,3577,1740.627602240586,0.8571428571428571,0.9,0.01,7,1e-12,5.4261818247735945e-11,0
432,3584,1739.8159936978482,0.42857142857142855,0.9,0.01,7,1e-12,1.2661422910185573e-10,0
433,3591,1718.1049866660733,0.8571428571428571,0.9,0.01,7,1e-12,7.002500152549006e-11,0
434,3598,1737.0015059415116,0.8571428571428571,0.9,0.01,7,1e-12,4.8074812002989263e-11,0
435,3605,1831.8464477172877,0.8571428571428571,0.9,0.01,7,1e-12,3.1829922406100007e-11,0
436,3612,1893.9648816207612,0.8571428571428571,0.9,0.01,7,1e-12,1.6790016394102552e-11,0
437,3619,2004.8028548779669,0.7142857142857143,0.9,0.01,7,1e-12,2.055715336978206e-11,0
438,3626,2106.9250666752196,0.7142857142857143,0.9,0.01,7,1e-12,2.1804126111046537e-11,0
439,3633,2229.4778031972182,0.7142857142857143,0.9,0.01,7,1e-12,3.553307243568251e-11,0
440,3640,2440.786279782359,1.0,0.9,0.01,7,1e-12,1.938424901974493e-11,0
441,3647,2540.877244184698,0.7142857142857143,0.9,0.01,7,1e-12,1.980903877222164e-11,0
442,3654,2620.593474261497,0.7142857142857143,0.9,0.01,7,1e-12,1.883654617311871e-11,0
443,3661,2880.6272833236167,0.7142857142857143,0.9,0.01,7,1e-12,2.8913879418480938e-11,0
444,3668,3203.2771190971357,0.7142857142857143,0.9,0.01,7,1e-12,4.961382748861504e-11,0
445,3675,3644.900411305306,1.0,0.9,0.01,7,1e-12,2.7830366379190686e-11,0
446,3682,4072.232079392882,0.8571428571428571,0.9,0.01,7,1e-12,1.7707085115354153e-11,0
447,3689,4508.667766400046,0.8571428571428571,0.9,0.01,7,1e-12,1.3770401828951537e-11,0
448,3696,5048.0945614768425,0.7142857142857143,0.9,0.01,7,1e-12,9.637386739610228e-12,0
449,3703,5844.263313423044,0.7142857142857143,0.9,0.01,7,1e-12,7.411223913072711e-12,0
450,3710,6659.586107106729,0.5714285714285714,0.9,0.01,7,1e-12,8.78433720763523e-12,0
451,3717,6916.918044428931,0.7142857142857143,0.9,0.01,7,1e-12,5.700275387938879e-12,0
452,3724,7254.492778806012,0.0,0.81,0.011000000000000001,7,1e-12,8.151872859409995e-12,0
453,3731,7482.815939062516,0.2857142857142857,0.81,0.011000000000000001,7,1e-12,8.198470251810896e-12,0
454,3738,7388.210342436608,0.8571428571428571,0.8910000000000001,0.01,7,1e-12,9.877657257695053e-12,0
455,3745,7468.881464929713,0.42857142857142855,0.8910000000000001,0.01,7,1e-12,1.752285332245099e-11,0
456,3752,7552.28333191583,0.8571428571428571,0.9,0.01,7,1e-12,1.1680721715160686e-11,0
457,3759,7769.968485753232,1.0,0.9,0.01,7,1e-12,6.7063137479239375e-12,0
458,3766,7886.001271652185,0.42857142857142855,0.9,0.01,7,1e-12,6.433719965707888e-12,0
459,3773,8112.1691879352275,0.2857142857142857,0.9,0.01,7,1e-12,5.436974649410858e-12,0
460,3780,8211.67592751835,0.7142857142857143,0.9,0.01,7,1e-12,2.906335862806416e-12,0
461,3787,8379.433250536531,0.2857142857142857,0.9,0.01,7,1e-12,3.194234504693455e-12,0
462,3794,8523.006130971724,0.42857142857142855,0.9,0.01,7,1e-12,1.8962834564868885e-12,0
463,3801,8315.886587556784,0.7142857142857143,0.9,0.01,7,1e-12,1.6863397460121519e-12,0
464,3808,8406.753053026296,0.7142857142857143,0.9,0.01,7,1e-12,1.2793248671155196e-12,0
465,3815,8062.413354376419,0.2857142857142857,0.9,0.01,7,1e-12,1.0753867567440422e-12,0
466,3822,8067.315298235393,0.2857142857142857,0.9,0.01,7,1e-12,1.706511501090452e-12,0
467,3829,7892.493951408187,0.42857142857142855,0.9,0.01,7,1e-12,3.466001855872256e-12,0
468,3836,7446.0184587947615,0.14285714285714285,0.81,0.011000000000000001,7,1e-12,6.917612256324469e-12,0
469,3843,7153.135347565148,0.7142857142857143,0.8910000000000001,0.01,7,1e-12,4.536052373916129e-12,0
470,3850,6954.372541687631,0.2857142857142857,0.8910000000000001,0.01,7,1e-12,2.4965215710641426e-12,0
471,3857,6721.7600058054595,0.2857142857142857,0.8910000000000001,0.01,7,1e-12,4.663794108091072e-12,0
472,3864,6957.5468354043,0.5714285714285714,0.9,0.01,7,1e-12,1.2045516447452201e-11,0
473,3871,6948.030046954964,0.5714285714285714,0.9,0.01,7,1e-12,7.828380669102605e-12,0
474,3878,7056.878793543396,0.7142857142857143,0.9,0.01,7,1e-12,4.247712753449103e-12,0
475,3885,6933.842678732115,0.5714285714285714,0.9,0.01,7,1e-12,3.3130730424260127e-12,0
476,3892,6982.297983500594,0.7142857142857143,0.9,0.01,7,1e-12,2.8147356016681136e-12,0
477,3898,6959.510058595845,0.5,0.01541798803902277,0.007143250586288005,6,1e-12,2.77368832422318e-12,0
478,3904,7112.480884275365,0.8333333333333334,0.016959786842925047,0.01,6,1e-12,2.7495107767111016e-12,0
479,3910,7571.6399189039885,0.6666666666666666,0.018655765527217552,0.01,6,1e-12,2.735226507888738e-12,0
480,3916,8109.093305361661,1.0,0.02052134207993931,0.01,6,1e-12,2.705685885716233e-12,0
481,3922,8248.424721858013,0.6666666666666666,0.022573476287933242,0.01,6,1e-12,2.6512855974610842e-12,0
482,3928,8410.732443929233,0.16666666666666666,0.02031612865913992,0.011000000000000001,6,1e-12,2.6065893207163924e-12,0
483,3934,8132.368628471181,0.0,0.018284515793225927,0.012100000000000001,6,1e-12,2.460369112146805e-12,0
484,3940,7771.943515591498,1.0,0.020112967372548522,0.010890000000000002,6,1e-12,2.4337901363827483e-12,0
485,3946,7519.189457240927,0.0,0.018101670635293672,0.011979000000000004,6,1e-12,2.414745534123844e-12,0
486,3952,7746.539587233646,0.5,0.018101670635293672,0.011979000000000004,6,1e-12,2.4699586754875448e-12,0
487,3958,8392.459543540337,0.6666666666666666,0.01991183769882304,0.010781100000000004,6,1e-12,2.436475458139521e-12,0
488,3964,8626.28900284295,0.16666666666666666,0.017920653928940735,0.011859210000000005,6,1e-12,2.3574399581893418e-12,0
489,3970,8675.310140198344,0.16666666666666666,0.01612858853604666,0.013045131000000007,6,1e-12,2.3372622398563372e-12,0
490,3976,8411.295513730074,0.3333333333333333,0.01612858853604666,0.013045131000000007,6,1e-12,2.2954517682591417e-12,0
491,3982,7958.931217878231,1.0,0.01774144738965133,0.011740617900000007,6,1e-12,2.229273802525543e-12,0
492,3988,7472.221284676235,0.16666666666666666,0.015967302650686195,0.012914679690000009,6,1e-12,2.1490526464149866e-12,0
493,3994,7115.558719612992,0.16666666666666666,0.014370572385617576,0.014206147659000011,6,1e-12,2.1426631926379963e-12,0
494,4000,7166.983867914952,0.3333333333333333,0.014370572385617576,0.014206147659000011,6,1e-12,2.124719343199679e-12,0
495,4006,6825.243207284221,0.3333333333333333,0.014370572385617576,0.014206147659000011,6,1e-12,1.9910269880736244e-12,0
496,4012,6440.929149945449,0.8333333333333334,0.015807629624179333,0.012785532893100011,6,1e-12,1.945341252779466e-12,0
497,4018,6228.872774669709,0.5,0.015807629624179333,0.012785532893100011,6,1e-12,1.905706891317187e-12,0
498,4024,6152.815503874244,0.3333333333333333,0.015807629624179333,0.012785532893100011,6,1e-12,1.8764909913632065e-12,0
499,4030,6330.306765664371,0.3333333333333333,0.015807629624179333,0.012785532893100011,6,1e-12,1.8158520228741462e-12,0
500,4036,6440.949919211149,0.6666666666666666,0.01738839258659727,0.01150697960379001,6,1e-12,1.8134670618823165e-12,0
501,4042,6487.965299548947,0.6666666666666666,0.019127231845256998,0.010356281643411009,6,1e-12,1.779167116708499e-12,0
502,4048,6408.433985347611,0.6666666666666666,0.0210399550297827,0.01,6,1e-12,1.7484085319927092e-12,0
503,4054,6275.868709331483,0.3333333333333333,0.0210399550297827,0.01,6,1e-12,1.7050807408189445e-12,0
504,4060,6139.439743998009,0.16666666666666666,0.01893595952680443,0.011000000000000001,6,1e-12,1.6592552507395072e-12,0
505,4066,6157.133732678345,1.0,0.02082955547948487,0.01,6,1e-12,1.6255429466509572e-12,0
506,4072,6205.2808265797785,0.3333333333333333,0.02082955547948487,0.01,6,1e-12,1.6002910921747255e-12,0
507,4078,6194.041725853653,0.16666666666666666,0.018746599931536385,0.011000000000000001,6,1e-12,1.5914681147080627e-12,0
508,4084,6032.301127361151,0.3333333333333333,0.018746599931536385,0.011000000000000001,6,1e-12,1.5864499707037662e-12,0
509,4090,6075.3545397643275,0.3333333333333333,0.018746599931536385,0.011000000000000001,6,1e-12,1.5865485026366187e-12,0
510,4096,6269.612751589667,0.6666666666666666,0.020621259924690025,0.01,6,1e-12,1.4985470534673218e-12,0
511,4102,6019.895197102192,0.5,0.020621259924690025,0.01,6,1e-12,1.4886464807921035e-12,0
512,4108,6103.07228883166,0.6666666666666666,0.02268338591715903,0.01,6,1e-12,1.4697932002142509e-12,0
513,4114,5987.968515300572,0.5,0.02268338591715903,0.01,6,1e-12,1.463182513833217e-12,0
514,4120,5766.123544808283,0.5,0.02268338591715903,0.01,6,1e-12,1.3984906779581071e-12,0
515,4126,5660.11888126806,0.6666666666666666,0.024951724508874933,0.01,6,1e-12,1.4094846214031097e-12,0
516,4132,5455.678779492531,1.0,0.027446896959762428,0.01,6,1e-12,1.3919681359535114e-12,0
517,4138,5713.59023849136,1.0,0.030191586655738675,0.01,6,1e-12,1.3776369168388735e-12,0
518,4144,5933.47240455334,0.6666666666666666,0.033210745321312546,0.01,6,1e-12,1.3575626787938526e-12,0
519,4150,5970.918231410281,0.8333333333333334,0.0365318198534438,0.01,6,1e-12,1.2905874092850258e-12,0
520,4156,6066.390838039579,0.5,0.0365318198534438,0.01,6,1e-12,1.2527641405719987e-12,0
521,4162,6033.447466772138,0.3333333333333333,0.0365318198534438,0.01,6,1e-12,1.223861068278938e-12,0
522,4168,6000.148332277524,0.5,0.0365318198534438,0.01,6,1e-12,1.2046233532909242e-12,0
523,4174,5996.986854142169,1.0,0.04018500183878818,0.01,6,1e-12,1.1689437985787367e-12,0
524,4180,6130.7060920673875,0.3333333333333333,0.04018500183878818,0.01,6,1e-12,1.1548635515365084e-12,0
525,4186,5968.080975065936,0.6666666666666666,0.044203502022667006,0.01,6,1e-12,1.1041892150512495e-12,0
526,4192,5790.369934186108,0.6666666666666666,0.04862385222493371,0.01,6,1e-12,1.078308807416934e-12,0
527,4198,5630.901897147882,0.8333333333333334,0.05348623744742709,0.01,6,1e-12,1.0371555134830688e-12,0
528,4204,5636.35152721282,1.0,0.0588348611921698,0.01,6,1e-12,1.0281870842975743e-12,0
529,4210,5412.5902540084535,0.3333333333333333,0.0588348611921698,0.01,6,1e-12,1.2065783144653441e-12,0
530,4216,5167.782587321929,0.8333333333333334,0.06471834731138679,0.01,6,1e-12,1.2215796595764391e-12,0
531,4222,4994.32972856405,0.6666666666666666,0.07119018204252547,0.01,6,1e-12,1.1706686406479109e-12,0
532,4228,4996.1390557372715,0.6666666666666666,0.07830920024677802,0.01,6,1e-12,1.1169640487465304e-12,0
533,4234,5086.538129237352,1.0,0.08614012027145583,0.01,6,1e-12,1.309725899565272e-12,0
534,4240,4859.236735922684,0.6666666666666666,0.09475413229860143,0.01,6,1e-12,1.4020072455713037e-12,0
535,4246,4711.623593224249,1.0,0.10422954552846157,0.01,6,1e-12,1.4147405251369668e-12,0
536,4252,4690.65319181522,0.8333333333333334,0.11465250008130774,0.01,6,1e-12,1.4838483561486228e-12,0
537,4258,4784.007579607558,1.0,0.12611775008943854,0.01,6,1e-12,1.5444340386833413e-12,0
538,4264,4975.313089297874,1.0,0.1387295250983824,0.01,6,1e-12,1.5069195974270626e-12,0
539,4270,5318.819165914143,0.6666666666666666,0.15260247760822065,0.01,6,1e-12,1.4833183597209836e-12,0
540,4276,5386.981154506079,0.5,0.15260247760822065,0.01,6,1e-12,1.4660179654973339e-12,0
541,4282,5348.648417350739,0.6666666666666666,0.16786272536904273,0.01,6,1e-12,1.5096124398669982e-12,0
542,4288,5353.534186323192,0.6666666666666666,0.18464899790594702,0.01,6,1e-12,1.9161247749919896e-12,0
543,4294,5221.189333571965,0.6666666666666666,0.20311389769654173,0.01,6,1e-12,1.8024996568392497e-12,0
544,4300,5307.570918236364,0.8333333333333334,0.22342528746619592,0.01,6,1e-12,1.5930729256071157e-12,0
545,4306,5404.025648656957,0.8333333333333334,0.24576781621281552,0.01,6,1e-12,1.4325148665482584e-12,0
546,4312,5424.453972650265,0.6666666666666666,0.2703445978340971,0.01,6,1e-12,1.5009633901829155e-12,0
547,4318,5491.589688364572,1.0,0.2973790576175068,0.01,6,1e-12,1.6332313544988787e-12,0
548,4324,5659.168477045827,0.5,0.2973790576175068,0.01,6,1e-12,1.8740979930078737e-12,0
549,4330,5676.918917167867,1.0,0.32711696337925755,0.01,6,1e-12,2.290197635926027e-12,0
550,4336,5822.930066293426,0.3333333333333333,0.32711696337925755,0.01,6,1e-12,4.124026517151891e-12,0
551,4342,6111.771100547145,0.8333333333333334,0.35982865971718336,0.01,6,1e-12,4.074265313807916e-12,0
552,4348,6156.26052542842,1.0,0.3958115256889017,0.01,6,1e-12,3.210284116208132e-12,0
553,4354,6242.602219751835,0.3333333333333333,0.3958115256889017,0.01,6,1e-12,3.999104904924757e-12,0
554,4360,6022.337481131106,0.16666666666666666,0.35623037312001155,0.011000000000000001,6,1e-12,3.4362991846139658e-12,0
555,4366,6186.4207730649305,0.16666666666666666,0.3206073358080104,0.012100000000000001,6,1e-12,2.908317924849802e-12,0
556,4372,6022.659756509545,0.5,0.3206073358080104,0.012100000000000001,6,1e-12,2.893824315926792e-12,0
557,4378,6313.817475135701,0.16666666666666666,0.28854660222720935,0.013310000000000002,6,1e-12,4.109415658624995e-12,0
558,4384,6511.184340300304,0.3333333333333333,0.28854660222720935,0.013310000000000002,6,1e-12,3.4606010186509815e-12,0
559,4390,7021.869682684002,0.5,0.28854660222720935,0.013310000000000002,6,1e-12,3.4971553978219686e-12,0
560,4396,7192.013000870088,0.16666666666666666,0.2596919420044884,0.014641000000000003,6,1e-12,3.173000486907766e-12,0
561,4402,7436.572350702226,0.6666666666666666,0.28566113620493727,0.013176900000000004,6,1e-12,4.2206911178533745e-12,0
562,4408,7741.782681754026,0.8333333333333334,0.31422724982543104,0.011859210000000004,6,1e-12,3.5759335110827695e-12,0
563,4414,7977.891104815373,0.5,0.31422724982543104,0.011859210000000004,6,1e-12,3.4127100904591203e-12,0
564,4420,8093.314342952159,0.8333333333333334,0.34564997480797416,0.010673289000000004,6,1e-12,3.104596497746298e-12,0
565,4426,8271.71123286377,0.16666666666666666,0.31108497732717677,0.011740617900000005,6,1e-12,4.788419112834516e-12,0
566,4432,8615.831047721433,0.3333333333333333,0.31108497732717677,0.011740617900000005,6,1e-12,5.2280414535697396e-12,0
567,4438,8777.300601604993,0.3333333333333333,0.31108497732717677,0.011740617900000005,6,1e-12,5.83870589942636e-12,0
568,4444,8915.372364328283,0.5,0.31108497732717677,0.011740617900000005,6,1e-12,4.865600149562623e-12,0
569,4450,9171.715723380135,0.3333333333333333,0.31108497732717677,0.011740617900000005,6,1e-12,4.152269861700616e-12,0
570,4456,9301.901635150924,1.0,0.34219347505989445,0.010566556110000005,6,1e-12,5.2216016358771985e-12,0
571,4462,9197.668997145822,0.8333333333333334,0.37641282256588393,0.01,6,1e-12,4.770713234274225e-12,0
572,4468,9081.59810415108,0.16666666666666666,0.33877154030929557,0.011000000000000001,6,1e-12,9.382395030143231e-12,0
573,4474,8865.700659146665,0.8333333333333334,0.3726486943402252,0.01,6,1e-12,8.428378063571256e-12,0
574,4480,8859.638110872966,0.5,0.3726486943402252,0.01,6,1e-12,6.843706700266808e-12,0
575,4486,8847.751751853468,0.5,0.3726486943402252,0.01,6,1e-12,7.409186400517139e-12,0
576,4492,8910.939230766,0.6666666666666666,0.40991356377424776,0.01,6,1e-12,8.629534635083429e-12,0
577,4498,8611.562596271962,0.8333333333333334,0.45090492015167255,0.01,6,1e-12,7.0352908002234806e-12,0
578,4504,8029.369077719698,0.6666666666666666,0.49599541216683984,0.01,6,1e-12,1.2080234104130959e-11,0
579,4510,7591.494275192307,1.0,0.5455949533835238,0.01,6,1e-12,5.728400122652191e-12,0
580,4516,7374.920352538006,0.3333333333333333,0.5455949533835238,0.01,6,1e-12,5.1817226593033094e-12,0
581,4522,7100.134330142033,0.3333333333333333,0.5455949533835238,0.01,6,1e-12,8.415695020273169e-12,0
582,4528,7070.0563877511495,0.8333333333333334,0.6001544487218763,0.01,6,1e-12,7.1413732992692225e-12,0
583,4534,7051.647250361351,0.6666666666666666,0.660169893594064,0.01,6,1e-12,4.882983102997573e-12,0
584,4540,6993.1593181886665,0.3333333333333333,0.660169893594064,0.01,6,1e-12,7.413473061064581e-12,0
585,4546,6681.756729350758,0.16666666666666666,0.5941529042346576,0.011000000000000001,6,1e-12,5.083891503505181e-12,0
586,4552,6264.915709537016,0.5,0.5941529042346576,0.011000000000000001,6,1e-12,8.144875856600529e-12,0
587,4558,6075.163374312215,0.6666666666666666,0.6535681946581234,0.01,6,1e-12,8.736099072139591e-12,0
588,4564,5842.751446556836,0.3333333333333333,0.6535681946581234,0.01,6,1e-12,9.455249648706199e-12,0
589,4570,5336.784304593307,0.3333333333333333,0.6535681946581234,0.01,6,1e-12,8.251408436676084e-12,0
590,4576,5088.332367079811,0.6666666666666666,0.7189250141239358,0.01,6,1e-12,8.464743535761301e-12,0
591,4582,4970.828949343217,1.0,0.7908175155363295,0.01,6,1e-12,5.800287930248477e-12,0
592,4588,5195.187106560603,0.5,0.7908175155363295,0.01,6,1e-12,6.028453567894445e-12,0
593,4594,5454.194054333527,0.6666666666666666,0.8698992670899626,0.01,6,1e-12,4.574252187798525e-12,0
594,4600,5657.057550843198,0.5,0.8698992670899626,0.01,6,1e-12,3.0067970053361784e-12,0
595,4606,5861.68996502918,1.0,0.9,0.01,6,1e-12,2.5975853283202082e-12,0
596,4612,5957.083637944511,0.16666666666666666,0.81,0.011000000000000001,6,1e-12,3.947601981621708e-12,0
597,4618,6126.220600824438,0.5,0.81,0.011000000000000001,6,1e-12,3.902628867641824e-12,0
598,4624,6537.678258477282,0.6666666666666666,0.8910000000000001,0.01,6,1e-12,2.216884919988113e-12,0
599,4630,6873.4495772374285,0.3333333333333333,0.8910000000000001,0.01,6,1e-12,1.7881404221774561e-12,0
600,4636,6982.223139466377,0.5,0.8910000000000001,0.01,6,1e-12,1.7101438523680945e-12,0
601,4642,6873.216057826078,0.8333333333333334,0.9,0.01,6,1e-12,2.2426542751090073e-12,0
602,4648,6633.510055570456,0.16666666666666666,0.81,0.011000000000000001,6,1e-12,8.7892073332019e-12,0
603,4654,6345.456367071879,0.5,0.81,0.011000000000000001,6,1e-12,8.511065504972311e-12,0
604,4660,6378.8985354798415,0.6666666666666666,0.8910000000000001,0.01,6,1e-12,1.0709328838203487e-11,0
605,4666,6388.939266228595,0.5,0.8910000000000001,0.01,6,1e-12,1.1507843092347498e-11,0
606,4672,6408.9577346368615,0.3333333333333333,0.8910000000000001,0.01,6,1e-12,1.697039660443457e-11,0
607,4678,6077.918770665312,0.6666666666666666,0.9,0.01,6,1e-12,1.532463341625497e-11,0
608,4684,5923.2801022412095,0.6666666666666666,0.9,0.01,6,1e-12,1.4550277241213078e-11,0
609,4690,5868.093639753975,0.0,0.81,0.011000000000000001,6,1e-12,9.8279812567671e-12,0
610,4696,5655.758689248732,0.3333333333333333,0.81,0.011000000000000001,6,1e-12,1.7672673217950434e-11,0
611,4702,5746.453327353202,0.3333333333333333,0.81,0.011000000000000001,6,1e-12,1.1324511935038546e-11,0
612,4708,5836.416877472471,0.8333333333333334,0.8910000000000001,0.01,6,1e-12,7.785644625033005e-12,0
613,4714,5884.041798700928,0.16666666666666666,0.8019000000000002,0.011000000000000001,6,1e-12,6.1181210953070845e-12,0
614,4720,6118.923300968555,0.5,0.8019000000000002,0.011000000000000001,6,1e-12,4.875909236464494e-12,0
615,4726,6334.970799561587,0.6666666666666666,0.8820900000000003,0.01,6,1e-12,9.022050249098894e-12,0
616,4732,6850.438311071342,0.0,0.7938810000000003,0.011000000000000001,6,1e-12,1.4335141344771925e-11,0
617,4738,7567.517549565611,0.3333333333333333,0.7938810000000003,0.011000000000000001,6,1e-12,1.0688384423018023e-11,0
618,4744,8022.040512319222,0.8333333333333334,0.8732691000000004,0.01,6,1e-12,6.388676034526049e-12,0
619,4750,7597.842130258843,0.0,0.7859421900000003,0.011000000000000001,6,1e-12,8.249235039232807e-12,0
620,4756,7126.411246337996,0.6666666666666666,0.8645364090000004,0.01,6,1e-12,1.0819966409520049e-11,0
621,4762,6835.993356084387,0.3333333333333333,0.8645364090000004,0.01,6,1e-12,2.171973002880284e-11,0
622,4768,6597.678573603415,0.8333333333333334,0.9,0.01,6,1e-12,1.4845410848730085e-11,0
623,4774,6797.807371374754,0.6666666666666666,0.9,0.01,6,1e-12,1.2565194979921264e-11,0
624,4780,7002.079841288517,0.5,0.9,0.01,6,1e-12,8.198265383903e-12,0
625,4786,7151.055713537673,0.3333333333333333,0.9,0.01,6,1e-12,4.66592340971208e-12,0
626,4792,7435.066358510499,0.5,0.9,0.01,6,1e-12,6.096202692561219e-12,0
627,4798,7758.203069470874,0.3333333333333333,0.9,0.01,6,1e-12,4.4197091466693826e-12,0
628,4804,8158.469879396865,0.6666666666666666,0.9,0.01,6,1e-12,5.8683577969404756e-12,0
629,4810,8031.264307397808,0.16666666666666666,0.81,0.011000000000000001,6,1e-12,4.470419040205574e-12,0
630,4816,8228.615300095955,0.0,0.7290000000000001,0.012100000000000001,6,1e-12,1.6542228646255322e-11,0
631,4822,8504.133773439027,1.0,0.8019000000000002,0.010890000000000002,6,1e-12,9.879327973448921e-12,0
632,4828,8724.508713279401,0.0,0.7217100000000002,0.011979000000000004,6,1e-12,9.736322001433058e-12,0
633,4834,8781.189300582651,0.16666666666666666,0.6495390000000002,0.013176900000000005,6,1e-12,8.737872084121609e-12,0
634,4840,8536.025216436183,0.16666666666666666,0.5845851000000002,0.014494590000000007,6,1e-12,1.2775211163403649e-11,0
635,4846,8032.011366671646,0.6666666666666666,0.6430436100000002,0.013045131000000007,6,1e-12,1.6025091684855818e-11,0
636,4852,7875.995230210312,0.16666666666666666,0.5787392490000002,0.014349644100000008,6,1e-12,2.14731299255617e-11,0
637,4858,7951.795783995431,0.16666666666666666,0.5208653241000002,0.01578460851000001,6,1e-12,2.13358719307773e-11,0
638,4864,7967.438521375413,0.6666666666666666,0.5729518565100002,0.01420614765900001,6,1e-12,1.5965932797742726e-11,0
639,4870,8115.293771135671,0.0,0.5156566708590002,0.015626762424900013,6,1e-12,1.4378088381750836e-11,0
640,4876,8308.862653742814,0.0,0.46409100377310025,0.017189438667390016,6,1e-12,1.8189322146913206e-11,0
641,4882,8723.650998946388,0.3333333333333333,0.46409100377310025,0.017189438667390016,6,1e-12,1.7329820852706475e-11,0
642,4888,9492.761554891096,0.6666666666666666,0.5105001041504104,0.015470494800651016,6,1e-12,1.2915709512305105e-11,0
643,4894,10145.825322288321,0.3333333333333333,0.5105001041504104,0.015470494800651016,6,1e-12,1.7211616058347637e-11,0
644,4900,10288.990699662048,0.3333333333333333,0.5105001041504104,0.015470494800651016,6,1e-12,1.3226679264376722e-11,0
645,4906,10650.478724974326,0.6666666666666666,0.5615501145654515,0.013923445320585915,6,1e-12,1.0076196217661864e-11,0
646,4912,11657.870500048517,0.3333333333333333,0.5615501145654515,0.013923445320585915,6,1e-12,7.733989572613885e-12,0
647,4918,11779.370457965406,0.0,0.5053951031089063,0.015315789852644509,6,1e-12,5.914354021119537e-12,0
648,4924,12041.564229963315,0.0,0.45485559279801574,0.016847368837908962,6,1e-12,5.086438864917187e-12,0
649,4930,11944.221176482928,0.3333333333333333,0.45485559279801574,0.016847368837908962,6,1e-12,4.307861917306905e-12,0
650,4936,11096.375455867805,0.0,0.40937003351821416,0.01853210572169986,6,1e-12,3.5514040596788556e-12,0
651,4942,10836.117068106329,0.6666666666666666,0.4503070368700356,0.016678895149529874,6,1e-12,4.493983921420063e-12,0
652,4948,10507.048271413129,0.3333333333333333,0.4503070368700356,0.016678895149529874,6,1e-12,3.577053230902185e-12,0
653,4954,10552.635430446588,0.6666666666666666,0.4953377405570392,0.015011005634576887,6,1e-12,2.9317541276537924e-12,0
654,4960,10206.6232595555,0.8333333333333334,0.5448715146127432,0.013509905071119198,6,1e-12,3.786150036310801e-12,0
655,4966,10372.375539248978,0.0,0.4903843631514689,0.01486089557823112,6,1e-12,3.0366975921260213e-12,0
656,4972,10417.648738717317,0.3333333333333333,0.4903843631514689,0.01486089557823112,6,1e-12,2.190105643332075e-12,0
657,4978,10554.826787069767,0.16666666666666666,0.441345926836322,0.016346985136054232,6,1e-12,1.8058881677778976e-12,0
658,4984,11192.354704804717,0.16666666666666666,0.39721133415268983,0.017981683649659658,6,1e-12,2.2844809983878962e-12,0
659,4990,11525.395454444017,0.3333333333333333,0.39721133415268983,0.017981683649659658,6,1e-12,1.8128909503845256e-12,0
660,4996,11381.590385396457,0.5,0.39721133415268983,0.017981683649659658,6,1e-12,1.5375671181621121e-12,0
661,5002,11274.937726031245,0.6666666666666666,0.43693246756795884,0.01618351528469369,6,1e-12,1.427365181684729e-12,0
662,5007,11462.560395958331,0.0,0.013937304904244096,0.002190323217941882,5,1e-12,1.4162103889129902e-12,0
663,5012,11719.163666117423,0.4,0.013937304904244096,0.002190323217941882,5,1e-12,1.4050266444123077e-12,0
664,5017,11801.194079251154,0.2,0.013937304904244096,0.002190323217941882,5,1e-12,1.3888925827939391e-12,0
665,5022,11676.816636544776,0.4,0.013937304904244096,0.002190323217941882,5,1e-12,1.3978578368661713e-12,0
666,5027,11799.700011882373,0.4,0.013937304904244096,0.002190323217941882,5,1e-12,1.3904530912966275e-12,0
667,5032,11606.091898431921,0.6,0.015331035394668506,0.01,5,1e-12,1.367832592039845e-12,0
668,5037,11577.459390738588,0.4,0.015331035394668506,0.01,5,1e-12,1.3553249858929593e-12,0
669,5042,11867.344983655768,0.8,0.016864138934135357,0.01,5,1e-12,1.3397744822437798e-12,0
670,5047,12433.145783658072,0.6,0.018550552827548895,0.01,5,1e-12,1.3168847112706511e-12,0
671,5052,12628.236494754967,0.4,0.018550552827548895,0.01,5,1e-12,1.294752019942084e-12,0
672,5057,12855.533555834414,0.2,0.018550552827548895,0.01,5,1e-12,1.2748140107543226e-12,0
673,5062,13101.878247850906,0.6,0.020405608110303786,0.01,5,1e-12,1.2340413742462075e-12,0
674,5067,13332.552497703746,0.4,0.020405608110303786,0.01,5,1e-12,1.212493618859805e-12,0
675,5072,13449.15758149968,0.0,0.018365047299273407,0.011000000000000001,5,1e-12,1.1813087657753002e-12,0
676,5077,13766.635419414384,0.4,0.018365047299273407,0.011000000000000001,5,1e-12,1.1511358338660713e-12,0
677,5082,13826.17859892883,0.0,0.016528542569346067,0.012100000000000001,5,1e-12,1.1326229807683026e-12,0
678,5087,14388.070806731215,0.2,0.016528542569346067,0.012100000000000001,5,1e-12,1.1149125919802606e-12,0
679,5092,14519.166891085977,0.2,0.016528542569346067,0.012100000000000001,5,1e-12,1.1062185411540024e-12,0
680,5097,14552.518458123042,0.0,0.014875688312411461,0.013310000000000002,5,1e-12,1.09851424583798e-12,0
681,5102,14276.138842054528,0.0,0.013388119481170316,0.014641000000000003,5,1e-12,1.079931439426347e-12,0
682,5107,13975.64478941624,0.4,0.013388119481170316,0.014641000000000003,5,1e-12,1.0558335007547441e-12,0
683,5112,14055.63040844368,0.6,0.014726931429287349,0.013176900000000004,5,1e-12,1.031163557180607e-12,0
684,5117,14114.805037818112,0.2,0.014726931429287349,0.013176900000000004,5,1e-12,1.0230558402853842e-12,0
685,5122,13950.53486370054,0.4,0.014726931429287349,0.013176900000000004,5,1e-12,1.0015938960480923e-12,0
686,5127,13508.039084632783,0.0,0.013254238286358614,0.014494590000000005,5,1e-12,1e-12,0
687,5132,12859.75752692195,0.0,0.011928814457722753,0.015944049000000005,5,1e-12,1e-12,0
688,5137,11883.99658944276,0.2,0.011928814457722753,0.015944049000000005,5,1e-12,1e-12,0
689,5142,11169.53457726119,0.4,0.011928814457722753,0.015944049000000005,5,1e-12,1.0122575510047451e-12,0
690,5147,10439.155841738224,0.4,0.011928814457722753,0.015944049000000005,5,1e-12,1.0100630670891992e-12,0
691,5152,10239.205616354375,0.2,0.011928814457722753,0.015944049000000005,5,1e-12,1.0400566438284634e-12,0
692,5157,10227.00583521105,0.2,0.011928814457722753,0.015944049000000005,5,1e-12,1.018976261847311e-12,0
693,5162,9724.243758253846,0.0,0.010735933011950478,0.017538453900000008,5,1e-12,1.0577917019006137e-12,0
694,5167,9692.164348034165,0.6,0.011809526313145528,0.015784608510000006,5,1e-12,1.028285034437923e-12,0
695,5172,9859.432824798785,0.6,0.012990478944460081,0.014206147659000006,5,1e-12,1.0108851922795703e-12,0
696,5177,9918.086075481046,0.0,0.011691431050014073,0.015626762424900006,5,1e-12,1.0272056244987545e-12,0
697,5182,10025.778916700416,0.8,0.012860574155015481,0.014064086182410005,5,1e-12,1.0057145151164433e-12,0
698,5187,10288.792357442446,0.4,0.012860574155015481,0.014064086182410005,5,1e-12,1e-12,0
699,5192,10304.674906673185,0.4,0.012860574155015481,0.014064086182410005,5,1e-12,1.0053806082556253e-12,0
700,5197,10342.367693725977,0.6,0.014146631570517031,0.012657677564169006,5,1e-12,1e-12,0
701,5202,10202.592894125099,0.4,0.014146631570517031,0.012657677564169006,5,1e-12,1e-12,0
702,5207,9921.614527419366,0.6,0.015561294727568736,0.011391909807752105,5,1e-12,1.006414440332541e-12,0
703,5212,9958.040609094835,0.2,0.015561294727568736,0.011391909807752105,5,1e-12,1.0082006679307334e-12,0
704,5217,9971.05243922736,0.0,0.014005165254811863,0.012531100788527316,5,1e-12,1.0142551731082254e-12,0
705,5222,9526.838337978119,0.2,0.014005165254811863,0.012531100788527316,5,1e-12,1.0339960102516213e-12,0
706,5227,8925.68776255312,0.0,0.012604648729330677,0.01378421086738005,5,1e-12,1.0127763879798964e-12,0
707,5232,8190.111866484314,0.6,0.013865113602263746,0.012405789780642044,5,1e-12,1e-12,0
708,5237,7620.913020772252,0.2,0.013865113602263746,0.012405789780642044,5,1e-12,1e-12,0
709,5242,7035.833112138086,0.4,0.013865113602263746,0.012405789780642044,5,1e-12,1.0033899256467353e-12,0
710,5247,6434.252223685425,0.6,0.015251624962490122,0.011165210802577841,5,1e-12,1.0060676338543495e-12,0
711,5252,6020.327627439237,0.8,0.016776787458739135,0.010048689722320057,5,1e-12,1.016571597496949e-12,0
712,5257,5508.15439758219,0.6,0.01845446620461305,0.01,5,1e-12,1.0103561610525298e-12,0
713,5262,5206.713740124682,1.0,0.02029991282507436,0.01,5,1e-12,1.0374046906123261e-12,0
714,5267,4982.594509247495,0.8,0.0223299041075818,0.01,5,1e-12,1.03489407032407e-12,0
715,5272,4729.158595240834,0.6,0.02456289451833998,0.01,5,1e-12,1.0455983214733306e-12,0
716,5277,4572.750997277736,1.0,0.02701918397017398,0.01,5,1e-12,1.0398823151823441e-12,0
717,5282,4570.696469651103,1.0,0.02972110236719138,0.01,5,1e-12,1.051848362946056e-12,0
718,5287,4589.211495126352,0.8,0.03269321260391052,0.01,5,1e-12,1.0395061788764774e-12,0
719,5292,4423.039876842452,1.0,0.03596253386430157,0.01,5,1e-12,1.0516957295939279e-12,0
720,5297,4232.599348311016,0.8,0.03955878725073173,0.01,5,1e-12,1.0453688521120471e-12,0
721,5302,4027.075481050056,0.6,0.04351466597580491,0.01,5,1e-12,1.0679989265745967e-12,0
722,5307,3962.792835544846,1.0,0.04786613257338541,0.01,5,1e-12,1.0866158562969222e-12,0
723,5312,3957.0247106921647,1.0,0.052652745830723956,0.01,5,1e-12,1.068848066608011e-12,0
724,5317,3790.2140037510826,1.0,0.05791802041379636,0.01,5,1e-12,1.0955080338155373e-12,0
725,5322,3524.2313912905856,1.0,0.063709822455176,0.01,5,1e-12,1.2081661310999504e-12,0
726,5327,3235.6763552852494,0.8,0.0700808047006936,0.01,5,1e-12,1.1242392886182444e-12,0
727,5332,3033.1624102962905,1.0,0.07708888517076297,0.01,5,1e-12,1.4583208276478107e-12,0
728,5337,2901.1572771343685,1.0,0.08479777368783928,0.01,5,1e-12,1.3924574391256963e-12,0
729,5342,2856.628423289647,0.8,0.09327755105662322,0.01,5,1e-12,1.4255449421234271e-12,0
730,5347,2959.016121808709,1.0,0.10260530616228555,0.01,5,1e-12,1.3799067898288807e-12,0
731,5352,3037.2087216651685,1.0,0.11286583677851411,0.01,5,1e-12,1.3903254350279758e-12,0
732,5357,3084.983792396411,1.0,0.12415242045636553,0.01,5,1e-12,1.3299938538921676e-12,0
733,5362,3132.092096959548,1.0,0.13656766250200209,0.01,5,1e-12,1.3359452596706912e-12,0
734,5367,3057.125285335542,1.0,0.1502244287522023,0.01,5,1e-12,1.2091688463898531e-12,0
735,5372,3005.387130275323,0.8,0.16524687162742255,0.01,5,1e-12,1.3309880488400156e-12,0
736,5377,2807.7204740727893,1.0,0.18177155879016482,0.01,5,1e-12,1.453242739720937e-12,0
737,5382,2599.737317157001,1.0,0.19994871466918132,0.01,5,1e-12,1.2989756903088585e-12,0
738,5387,2421.5429593555245,1.0,0.21994358613609946,0.01,5,1e-12,1.519226263090423e-12,0
739,5392,2304.7293904268627,1.0,0.24193794474970942,0.01,5,1e-12,1.907842163982383e-12,0
740,5397,2174.1494427879556,1.0,0.26613173922468036,0.01,5,1e-12,1.64866295214222e-12,0
741,5402,2131.6374047829054,1.0,0.2927449131471484,0.01,5,1e-12,2.448688222512656e-12,0
742,5407,2213.0355516533255,1.0,0.3220194044618633,0.01,5,1e-12,2.334432507926679e-12,0
743,5412,2214.1654277443217,1.0,0.35422134490804963,0.01,5,1e-12,2.7451618594079927e-12,0
744,5417,2219.0763775180108,1.0,0.38964347939885463,0.01,5,1e-12,2.4688324615662947e-12,0
745,5422,2260.964700193041,1.0,0.42860782733874014,0.01,5,1e-12,2.1770183321466383e-12,0
746,5427,2294.929222651946,1.0,0.4714686100726142,0.01,5,1e-12,1.685408914222942e-12,0
747,5432,2223.078612136087,1.0,0.5186154710798757,0.01,5,1e-12,1.4459309778742132e-12,0
748,5437,2152.5440910279403,0.8,0.5704770181878633,0.01,5,1e-12,3.4944893033448405e-12,0
749,5442,2148.7609937663387,1.0,0.6275247200066497,0.01,5,1e-12,3.20487944419601e-12,0
750,5447,2152.612620690268,1.0,0.6902771920073147,0.01,5,1e-12,3.823580679228133e-12,0
751,5452,2143.216051651825,1.0,0.7593049112080463,0.01,5,1e-12,3.4482586585146286e-12,0
752,5457,2202.8695974926754,1.0,0.8352354023288511,0.01,5,1e-12,2.4297628154613514e-12,0
753,5462,2240.555295704069,1.0,0.9,0.01,5,1e-12,1.4541659817689677e-12,0
754,5467,2222.6982014783234,1.0,0.9,0.01,5,1e-12,2.4048415461665734e-12,0
755,5472,2109.206369681765,1.0,0.9,0.01,5,1e-12,5.228288687696929e-12,0
756,5477,2102.2410343756433,1.0,0.9,0.01,5,1e-12,7.439537463865457e-12,0
757,5482,2091.2235436259543,0.8,0.9,0.01,5,1e-12,9.388640458478884e-12,0
758,5487,2048.091641786756,1.0,0.9,0.01,5,1e-12,9.799166428549959e-12,0
759,5492,1944.1769537711114,1.0,0.9,0.01,5,1e-12,1.7710774794808688e-12,0
760,5497,1885.7512703247314,1.0,0.9,0.01,5,1e-12,1.857829614848436e-12,0
761,5502,1843.8180027519443,1.0,0.9,0.01,5,1e-12,1.821131354597281e-12,0
762,5507,1829.97132390948,1.0,0.9,0.01,5,1e-12,4.2132992757575914e-12,0
763,5512,1875.6758187497826,1.0,0.9,0.01,5,1e-12,4.742583295978152e-12,0
764,5517,1885.2472685776136,1.0,0.9,0.01,5,1e-12,3.668507443038581e-12,0
765,5522,1883.1627054093187,1.0,0.9,0.01,5,1e-12,5.995401867954047e-12,0
766,5527,1782.1891969891478,0.8,0.9,0.01,5,1e-12,3.319868437738044e-12,0
767,5532,1769.3823256524524,1.0,0.9,0.01,5,1e-12,3.775159166124821e-12,0
768,5537,1761.3524899992262,1.0,0.9,0.01,5,1e-12,5.54506100754508e-12,0
769,5542,1698.8244581434515,1.0,0.9,0.01,5,1e-12,5.717133648880492e-12,0
770,5547,1633.93370901621,1.0,0.9,0.01,5,1e-12,1.0918857218527473e-11,0
771,5552,1613.1755486087175,0.8,0.9,0.01,5,1e-12,1.1000700834049975e-11,0
772,5557,1595.94925262142,1.0,0.9,0.01,5,1e-12,9.581678608249395e-12,0
773,5562,1609.1132369224435,1.0,0.9,0.01,5,1e-12,5.2590099050326155e-12,0
774,5567,1506.5969458351065,1.0,0.9,0.01,5,1e-12,5.7250565865994e-12,0
775,5572,1441.5730774322228,1.0,0.9,0.01,5,1e-12,3.387693693132912e-12,0
776,5577,1363.8533374819324,1.0,0.9,0.01,5,1e-12,1.1967946509910186e-12,0
777,5582,1246.3811552939574,1.0,0.9,0.01,5,1e-12,2.1305146415349444e-12,0
778,5587,1251.3193568584,1.0,0.9,0.01,5,1e-12,3.54015890338968e-12,0
779,5592,1219.2568125598611,1.0,0.9,0.01,5,1e-12,3.42313951422521e-12,0
780,5597,1208.659432192894,1.0,0.9,0.01,5,1e-12,3.048599417032014e-12,0
781,5602,1215.9286772545383,1.0,0.9,0.01,5,1e-12,1.9086644662835946e-12,0
782,5607,1179.8395707484967,1.0,0.9,0.01,5,1e-12,2.464750945901001e-12,0
783,5612,1118.2433232135022,1.0,0.9,0.01,5,1e-12,2.7920275778209e-12,0
784,5617,1124.9839478586966,1.0,0.9,0.01,5,1e-12,3.8615624516124535e-12,0
785,5622,1198.5209465666464,0.8,0.9,0.01,5,1e-12,3.1548030309297516e-12,0
786,5627,1252.0186491858494,1.0,0.9,0.01,5,1e-12,2.4762246289218345e-12,0
787,5632,1238.8214923724956,1.0,0.9,0.01,5,1e-12,5.018179605330423e-12,0
788,5637,1314.1121382779017,1.0,0.9,0.01,5,1e-12,4.370660978843394e-12,0
789,5642,1384.4725651497467,1.0,0.9,0.01,5,1e-12,2.384637283184781e-12,0
790,5647,1469.6065832643205,1.0,0.9,0.01,5,1e-12,2.0601740892472163e-12,0
791,5652,1394.3736032371382,1.0,0.9,0.01,5,1e-12,4.1255668195332194e-12,0
792,5657,1359.4677507436343,1.0,0.9,0.01,5,1e-12,6.007390050930154e-12,0
793,5662,1320.7149276974724,1.0,0.9,0.01,5,1e-12,5.086492508717907e-12,0
794,5667,1254.7611671226803,1.0,0.9,0.01,5,1e-12,1.0906633619219998e-11,0
795,5672,1176.4501504352086,1.0,0.9,0.01,5,1e-12,6.004804984228559e-12,0
796,5677,1143.6200337142766,1.0,0.9,0.01,5,1e-12,1.1546149695341498e-11,0
797,5682,1077.6261532476758,1.0,0.9,0.01,5,1e-12,6.649868627620843e-12,0
798,5687,1014.7261900940227,1.0,0.9,0.01,5,1e-12,2.635159250692154e-12,0
799,5692,1053.6856247957505,1.0,0.9,0.01,5,1e-12,6.162001974841754e-12,0
800,5697,1054.631710926672,1.0,0.9,0.01,5,1e-12,6.500801344734992e-12,0
801,5702,1017.6447900727127,1.0,0.9,0.01,5,1e-12,7.337534851337723e-12,0
802,5707,1009.6307621224099,1.0,0.9,0.01,5,1e-12,4.0099830033345985e-12,0
803,5712,1067.6509147338888,1.0,0.9,0.01,5,1e-12,2.4847279057523825e-12,0
804,5717,1162.0637467623312,1.0,0.9,0.01,5,1e-12,2.2022376569214035e-12,0
805,5722,1212.6034463953677,1.0,0.9,0.01,5,1e-12,2.4285108043843943e-12,0
806,5727,1361.571923667299,1.0,0.9,0.01,5,1e-12,2.0562344358440666e-12,0
807,5732,1512.7553935259946,0.6,0.9,0.01,5,1e-12,3.2507068042507186e-12,0
808,5737,1699.4223739852305,1.0,0.9,0.01,5,1e-12,1.7686161597187064e-12,0
809,5742,1872.347408728006,1.0,0.9,0.01,5,1e-12,1.698691098025783e-12,0
810,5747,1906.7441576514345,1.0,0.9,0.01,5,1e-12,2.0262428595076205e-12,0
811,5752,1879.182047311596,1.0,0.9,0.01,5,1e-12,1.5682742192653735e-12,0
812,5757,1867.284614327425,1.0,0.9,0.01,5,1e-12,1.6738457947878362e-12,0
813,5762,1888.8253491946086,1.0,0.9,0.01,5,1e-12,2.6658198069032224e-12,0
814,5767,1807.0312009412078,1.0,0.9,0.01,5,1e-12,1.969658545205014e-12,0
815,5772,1802.7042729612128,1.0,0.9,0.01,5,1e-12,3.0800515925057013e-12,0
816,5777,1731.001921508714,1.0,0.9,0.01,5,1e-12,1.6917325411211479e-12,0
817,5782,1748.6041019187733,1.0,0.9,0.01,5,1e-12,1.9231477180862332e-12,0
818,5787,1713.4717373099202,1.0,0.9,0.01,5,1e-12,1.879695392518595e-12,0
819,5792,1671.9240158215966,1.0,0.9,0.01,5,1e-12,2.7343642874928128e-12,0
820,5797,1699.0662534377573,1.0,0.9,0.01,5,1e-12,2.900133262391725e-12,0
821,5802,1761.2400232257241,1.0,0.9,0.01,5,1e-12,1.6899257282518483e-12,0
822,5807,1782.483048448693,1.0,0.9,0.01,5,1e-12,3.951140026241908e-12,0
823,5812,1762.4815871876472,0.8,0.9,0.01,5,1e-12,3.3877765347637354e-12,0
824,5817,1763.6272690236322,1.0,0.9,0.01,5,1e-12,2.729478950368578e-12,0
825,5822,1753.1741428280861,1.0,0.9,0.01,5,1e-12,2.07696692484923e-12,0
826,5827,1698.7690524942127,1.0,0.9,0.01,5,1e-12,2.439063600896625e-12,0
827,5832,1640.46501634486,1.0,0.9,0.01,5,1e-12,2.7301450647365453e-12,0
828,5837,1619.6393653620007,1.0,0.9,0.01,5,1e-12,1.7314315438706445e-12,0
829,5842,1615.2309450420487,1.0,0.9,0.01,5,1e-12,1.80958610858962e-12,0
830,5847,1636.5704400773068,1.0,0.9,0.01,5,1e-12,1.4348288726333385e-12,0
831,5852,1660.1274391714003,1.0,0.9,0.01,5,1e-12,1.5971774522346028e-12,0
832,5857,1569.2763171386173,1.0,0.9,0.01,5,1e-12,2.7286738592491613e-12,0
833,5862,1448.2834988553018,1.0,0.9,0.01,5,1e-12,5.610131945750513e-12,0
834,5867,1406.1349502544638,1.0,0.9,0.01,5,1e-12,1.5356362005940032e-11,0
835,5872,1352.9025346625895,1.0,0.9,0.01,5,1e-12,1.632860398376813e-11,0
836,5877,1385.7024315442295,0.8,0.9,0.01,5,1e-12,9.755692210032848e-12,0
837,5882,1420.5612264548174,1.0,0.9,0.01,5,1e-12,9.794075761871914e-12,0
838,5887,1454.4383755936085,1.0,0.9,0.01,5,1e-12,8.14938044037168e-12,0
839,5892,1515.1701244235155,1.0,0.9,0.01,5,1e-12,5.211320747233303e-12,0
840,5897,1570.9723598897453,1.0,0.9,0.01,5,1e-12,3.764869181698032e-12,0
841,5902,1611.85490985023,1.0,0.9,0.01,5,1e-12,3.2895371681039836e-12,0
842,5907,1697.095272091173,1.0,0.9,0.01,5,1e-12,2.6402952141049077e-12,0
843,5912,1858.3455558806086,1.0,0.9,0.01,5,1e-12,1.6129275724246033e-12,0
844,5917,2026.4107289746953,1.0,0.9,0.01,5,1e-12,1.5714218999945325e-12,0
845,5922,2064.6312331686313,1.0,0.9,0.01,5,1e-12,1.7036851131489797e-12,0
846,5927,2108.130088957386,1.0,0.9,0.01,5,1e-12,1.5966640024602323e-12,0
847,5932,2091.391670916153,1.0,0.9,0.01,5,1e-12,1.307475526068031e-12,0
848,5937,1992.967400685723,1.0,0.9,0.01,5,1e-12,1.859449024320396e-12,0
849,5942,1900.824648307343,1.0,0.9,0.01,5,1e-12,1.5696829074688628e-12,0
850,5947,1885.3204574618605,1.0,0.9,0.01,5,1e-12,2.5974259344576025e-12,0
851,5952,1780.6395861383412,1.0,0.9,0.01,5,1e-12,2.3953300471182818e-12,0
852,5957,1658.1667192560467,1.0,0.9,0.01,5,1e-12,2.7582115056567638e-12,0
853,5962,1599.4875250192079,1.0,0.9,0.01,5,1e-12,2.9192615964059095e-12,0
854,5967,1608.2094383887759,1.0,0.9,0.01,5,1e-12,3.222400314227604e-12,0
855,5972,1676.4022955524845,1.0,0.9,0.01,5,1e-12,5.850720361536808e-12,0
856,5977,1662.803948974499,1.0,0.9,0.01,5,1e-12,4.889025711226253e-12,0
857,5982,1637.4483828654572,1.0,0.9,0.01,5,1e-12,3.613206687025797e-12,0
858,5987,1632.8117861788874,1.0,0.9,0.01,5,1e-12,8.019754647480249e-12,0
859,5992,1616.852004708978,1.0,0.9,0.01,5,1e-12,4.895887979529904e-12,0
860,5997,1573.8715651304185,0.8,0.9,0.01,5,1e-12,1.8542800107244405e-11,0
861,6002,1553.5306427165458,1.0,0.9,0.01,5,1e-12,2.2350365439636246e-11,0
862,6007,1601.2012221284424,0.6,0.9,0.01,5,1e-12,6.279239360421902e-11,0
863,6012,1565.41773119637,0.8,0.9,0.01,5,1e-12,4.169654856371523e-11,0
864,6017,1563.452115127323,0.6,0.9,0.01,5,1e-12,4.90230376771314e-11,0
865,6022,1629.0290859922725,0.8,0.9,0.01,5,1e-12,5.6943204703848326e-11,0
866,6027,1737.51447287655,0.8,0.9,0.01,5,1e-12,8.904264301580752e-11,0
867,6032,1771.8364759129101,0.8,0.9,0.01,5,1e-12,7.088857020189991e-11,0
868,6037,1830.9773949563835,0.6,0.9,0.01,5,1e-12,1.971697326526438e-10,0
869,6042,1784.3676098217766,1.0,0.9,0.01,5,1e-12,1.3616841689286095e-10,0
870,6047,1716.4618477918837,0.4,0.9,0.01,5,1e-12,1.0370973289030754e-10,0
871,6052,1712.4996108365194,0.4,0.9,0.01,5,1e-12,1.3079319810546844e-10,0
872,6057,1713.5250252779247,0.6,0.9,0.01,5,1e-12,2.9440425796928296e-10,0
873,6062,1763.4802614518285,1.0,0.9,0.01,5,1e-12,1.614725533740591e-10,0
874,6067,1665.9229774956505,0.6,0.9,0.01,5,1e-12,7.501753091556297e-11,0
875,6072,1690.1728703910283,1.0,0.9,0.01,5,1e-12,4.2834869868683226e-11,0
876,6077,1679.9831245218036,0.6,0.9,0.01,5,1e-12,3.605598019958347e-11,0
877,6082,1838.610464815411,0.8,0.9,0.01,5,1e-12,3.01692300905155e-11,0
878,6087,1995.9732084264278,1.0,0.9,0.01,5,1e-12,1.7384982163197648e-11,0
879,6092,2156.649379392209,0.8,0.9,0.01,5,1e-12,1.2890332164543428e-11,0
880,6097,2369.7753325339163,0.8,0.9,0.01,5,1e-12,1.3652960518028598e-11,0
881,6102,2660.481393228518,1.0,0.9,0.01,5,1e-12,1.0911619099661255e-11,0
882,6107,2935.028348932431,0.8,0.9,0.01,5,1e-12,6.92812262273011e-12,0
883,6112,3188.355087123039,0.8,0.9,0.01,5,1e-12,7.762990324473019e-12,0
884,6116,3461.2352939384173,0.25,0.015485894338048995,0.0019912029254017106,4,1e-12,7.947224043371914e-12,0
885,6120,3710.827381435216,1.0,0.017034483771853896,0.01,4,1e-12,7.804169022367543e-12,0
886,6124,3788.9172248946684,0.5,0.017034483771853896,0.01,4,1e-12,7.683311952279145e-12,0
887,6128,3885.65991236118,0.75,0.018737932149039287,0.01,4,1e-12,7.541186602235737e-12,0
888,6132,3932.8654991490166,0.75,0.020611725363943217,0.01,4,1e-12,7.264731849566677e-12,0
889,6136,4045.3034127824094,0.75,0.02267289790033754,0.01,4,1e-12,7.1791853547860294e-12,0
890,6140,4063.70540742126,0.5,0.02267289790033754,0.01,4,1e-12,6.969269289731309e-12,0
891,6144,4170.765922896407,0.75,0.024940187690371297,0.01,4,1e-12,6.806987718068471e-12,0
892,6148,4294.995015917575,0.75,0.02743420645940843,0.01,4,1e-12,6.518008594613628e-12,0
893,6152,4218.012906158115,1.0,0.030177627105349276,0.01,4,1e-12,6.383195526700823e-12,0
894,6156,4161.773226870542,1.0,0.033195389815884206,0.01,4,1e-12,6.3029783590951236e-12,0
895,6160,4188.919087565949,1.0,0.03651492879747263,0.01,4,1e-12,6.256791819345686e-12,0
896,6164,4119.601146547457,0.75,0.0401664216772199,0.01,4,1e-12,5.678493874968501e-12,0
897,6168,4111.448143223027,1.0,0.044183063844941896,0.01,4,1e-12,5.5606032577010045e-12,0
898,6172,4394.4012925636425,0.75,0.048601370229436086,0.01,4,1e-12,5.535348573341411e-12,0
899,6176,4560.717598912849,1.0,0.0534615072523797,0.01,4,1e-12,5.4121166481212275e-12,0
900,6180,4847.646972811121,1.0,0.058807657977617674,0.01,4,1e-12,5.699379273026335e-12,0
901,6184,5063.052085309421,0.5,0.058807657977617674,0.01,4,1e-12,5.6618624981017155e-12,0
902,6188,5123.16525032451,0.75,0.06468842377537945,0.01,4,1e-12,5.589900215330603e-12,0
903,6192,5205.992143416579,1.0,0.0711572661529174,0.01,4,1e-12,5.3559607006215666e-12,0
904,6196,4999.776918690023,0.0,0.06404153953762566,0.011000000000000001,4,1e-12,5.344376053990362e-12,0
905,6200,4860.277008582986,0.75,0.07044569349138824,0.01,4,1e-12,5.133612518246306e-12,0
906,6204,4809.810501229624,0.5,0.07044569349138824,0.01,4,1e-12,5.4449771376064935e-12,0
907,6208,4727.727303989518,1.0,0.07749026284052707,0.01,4,1e-12,5.265454212749988e-12,0
908,6212,4552.657862533941,0.75,0.08523928912457979,0.01,4,1e-12,4.970204338924477e-12,0
909,6216,4467.5655775371215,1.0,0.09376321803703777,0.01,4,1e-12,4.799879602318724e-12,0
910,6220,4452.223096443856,0.75,0.10313953984074156,0.01,4,1e-12,4.505401567534427e-12,0
911,6224,4551.092228552155,0.5,0.10313953984074156,0.01,4,1e-12,4.183310340722643e-12,0
912,6228,4502.9674787970125,0.5,0.10313953984074156,0.01,4,1e-12,4.293082883018947e-12,0
913,6232,4348.582135310547,1.0,0.11345349382481573,0.01,4,1e-12,4.052362560125307e-12,0
914,6236,4438.413853290174,0.75,0.12479884320729731,0.01,4,1e-12,3.812954464166804e-12,0
915,6240,4522.696782517997,1.0,0.13727872752802706,0.01,4,1e-12,4.929785980556504e-12,0
916,6244,4481.717324015957,1.0,0.15100660028082977,0.01,4,1e-12,4.8279359424925195e-12,0
917,6248,4393.534896314627,0.75,0.16610726030891276,0.01,4,1e-12,4.624648782567206e-12,0
918,6252,4422.778066177871,0.75,0.18271798633980404,0.01,4,1e-12,4.878170582778191e-12,0
919,6256,4368.312138502068,0.5,0.18271798633980404,0.01,4,1e-12,4.901626023539434e-12,0
920,6260,4542.685056331852,0.75,0.20098978497378447,0.01,4,1e-12,4.739239137465806e-12,0
921,6264,4695.626301762756,0.75,0.22108876347116294,0.01,4,1e-12,4.238355934783247e-12,0
922,6268,4850.247201176438,0.75,0.24319763981827924,0.01,4,1e-12,3.804253830532423e-12,0
923,6272,5059.67137197501,1.0,0.2675174038001072,0.01,4,1e-12,3.3169038032531405e-12,0
924,6276,5440.230470805098,0.5,0.2675174038001072,0.01,4,1e-12,3.6184513000316156e-12,0
925,6280,5391.412539022167,0.0,0.24076566342009648,0.011000000000000001,4,1e-12,4.107396774332362e-12,0
926,6284,5254.911737551111,1.0,0.26484222976210614,0.01,4,1e-12,3.605434922761363e-12,0
927,6288,5348.694829791092,0.0,0.23835800678589553,0.011000000000000001,4,1e-12,4.775648874395712e-12,0
928,6292,5467.244181190019,0.25,0.23835800678589553,0.011000000000000001,4,1e-12,4.349184274163579e-12,0
929,6296,5360.041618977855,0.25,0.23835800678589553,0.011000000000000001,4,1e-12,3.777871661755606e-12,0
930,6300,5267.757038287737,1.0,0.2621938074644851,0.01,4,1e-12,3.503493764430093e-12,0
931,6304,4925.850849148476,0.75,0.28841318821093365,0.01,4,1e-12,4.155546461409518e-12,0
932,6308,4755.733600079077,0.75,0.317254507032027,0.01,4,1e-12,3.747375360217442e-12,0
933,6312,4776.7760285434015,0.75,0.3489799577352297,0.01,4,1e-12,4.041340710285337e-12,0
934,6316,4912.039151193339,0.25,0.3489799577352297,0.01,4,1e-12,1.0998179523870528e-11,0
935,6320,5084.099557021481,1.0,0.3838779535087527,0.01,4,1e-12,9.741289818832395e-12,0
936,6324,5358.928205847027,0.75,0.42226574885962803,0.01,4,1e-12,7.72548184480141e-12,0
937,6328,5672.221157735916,1.0,0.46449232374559085,0.01,4,1e-12,5.855852106071577e-12,0
938,6332,5861.734558534006,0.25,0.46449232374559085,0.01,4,1e-12,4.434225453675007e-12,0
939,6336,6126.090736107632,0.5,0.46449232374559085,0.01,4,1e-12,3.6370181994225758e-12,0
940,6340,5967.672828692395,0.75,0.51094155612015,0.01,4,1e-12,3.7468961637217614e-12,0
941,6344,5870.33349899419,0.25,0.51094155612015,0.01,4,1e-12,6.773633050436453e-12,0
942,6348,5830.754581850645,0.25,0.51094155612015,0.01,4,1e-12,5.2698349643016224e-12,0
943,6352,5944.6808446449695,0.5,0.51094155612015,0.01,4,1e-12,5.808383251986566e-12,0
944,6356,5900.185460510729,0.75,0.562035711732165,0.01,4,1e-12,4.391843236746473e-12,0
945,6360,5813.575967717829,0.75,0.6182392829053815,0.01,4,1e-12,5.871563248356134e-12,0
946,6364,5922.453438598426,0.75,0.6800632111959197,0.01,4,1e-12,5.122453268499977e-12,0
947,6368,6138.636512361865,0.75,0.7480695323155118,0.01,4,1e-12,5.629778167505215e-12,0
948,6372,6454.6991103077835,0.5,0.7480695323155118,0.01,4,1e-12,6.217205481327911e-12,0
949,6376,6677.473350409697,0.75,0.822876485547063,0.01,4,1e-12,5.610754095461365e-12,0
950,6380,7115.319570232003,0.5,0.822876485547063,0.01,4,1e-12,5.034767966108448e-12,0
951,6384,7194.968052615226,0.25,0.822876485547063,0.01,4,1e-12,1.067178867690383e-11,0
952,6388,7037.473612130594,0.25,0.822876485547063,0.01,4,1e-12,8.298152960030867e-12,0
953,6392,6641.238128786115,0.75,0.9,0.01,4,1e-12,1.1052111780311684e-11,0
954,6396,6339.692198072825,0.75,0.9,0.01,4,1e-12,1.488859969327503e-11,0
955,6400,6270.050138779156,0.0,0.81,0.011000000000000001,4,1e-12,3.840094692179654e-11,0
956,6404,6117.134446777021,0.5,0.81,0.011000000000000001,4,1e-12,7.97683821552319e-11,0
957,6408,5910.215579262707,0.75,0.8910000000000001,0.01,4,1e-12,5.127990365609996e-11,0
958,6412,5799.966196320981,0.5,0.8910000000000001,0.01,4,1e-12,2.878315101302451e-11,0
959,6416,5620.750665377571,0.25,0.8910000000000001,0.01,4,1e-12,2.265191647215199e-11,0
960,6420,5462.313979200369,0.75,0.9,0.01,4,1e-12,1.4143976588885553e-11,0
961,6424,5103.223100484079,0.25,0.9,0.01,4,1e-12,1.7518285358257662e-11,0
962,6428,4811.373548961089,0.75,0.9,0.01,4,1e-12,5.674000194735025e-12,0
963,6432,4528.662926864394,0.5,0.9,0.01,4,1e-12,5.9984821151201335e-12,0
964,6436,4262.559357425228,0.75,0.9,0.01,4,1e-12,9.597291933034661e-12,0
965,6440,4010.1799005981793,0.25,0.9,0.01,4,1e-12,4.676436670238456e-11,0
966,6444,3797.2073683540684,0.75,0.9,0.01,4,1e-12,5.053488033481185e-11,0
967,6448,3529.7807842316765,1.0,0.9,0.01,4,1e-12,1.0300969652172592e-11,0
968,6452,3480.9333781537434,1.0,0.9,0.01,4,1e-12,8.389141844452546e-12,0
969,6456,3498.5590673707143,1.0,0.9,0.01,4,1e-12,8.8865882896595e-12,0
970,6460,3364.478773587654,0.75,0.9,0.01,4,1e-12,5.2923473699625596e-12,0
971,6464,3219.077016746156,1.0,0.9,0.01,4,1e-12,2.0199831959701187e-11,0
972,6468,3429.125520823253,0.75,0.9,0.01,4,1e-12,2.6238343111198127e-11,0
973,6472,3580.7197915740953,0.5,0.9,0.01,4,1e-12,1.826759912257938e-11,0
974,6476,3674.0856585624883,0.75,0.9,0.01,4,1e-12,1.52500553159403e-11,0
975,6480,3740.458754065356,0.5,0.9,0.01,4,1e-12,1.0328982770442874e-11,0
976,6484,3593.396337469345,0.5,0.9,0.01,4,1e-12,2.9000536859366064e-11,0
977,6488,3641.3379256044295,0.75,0.9,0.01,4,1e-12,5.97193800056487e-11,0
978,6492,3802.935543299517,1.0,0.9,0.01,4,1e-12,3.795954133341312e-11,0
979,6496,3756.2729392023666,1.0,0.9,0.01,4,1e-12,4.2533649557673725e-11,0
980,6500,3698.055822137608,1.0,0.9,0.01,4,1e-12,3.172031144417575e-11,0
981,6504,3669.6615496072814,1.0,0.9,0.01,4,1e-12,2.731348990594619e-11,0
982,6508,3512.5836052133513,1.0,0.9,0.01,4,1e-12,1.471030596236517e-11,0
983,6512,3537.7843116152594,1.0,0.9,0.01,4,1e-12,2.0713434262910766e-11,0
984,6516,3641.728364470817,0.25,0.9,0.01,4,1e-12,7.855805764781319e-11,0
985,6520,3716.675421744225,1.0,0.9,0.01,4,1e-12,4.948492285444199e-11,0
986,6524,3780.1789663829663,1.0,0.9,0.01,4,1e-12,4.632643646677637e-11,0
987,6528,3854.90085642,0.5,0.9,0.01,4,1e-12,4.695606112479599e-11,0
988,6532,3937.952566000385,0.25,0.9,0.01,4,1e-12,9.015386871322993e-11,0
989,6536,4006.5105359242543,1.0,0.9,0.01,4,1e-12,1.3586933837419106e-10,0
990,6540,4119.286576097623,0.5,0.9,0.01,4,1e-12,7.785753408525867e-11,0
991,6544,4318.559729296779,0.75,0.9,0.01,4,1e-12,4.407638759655164e-11,0
992,6548,4390.680748373587,0.5,0.9,0.01,4,1e-12,2.632588906703613e-11,0
993,6552,4317.145360432971,1.0,0.9,0.01,4,1e-12,3.301743198141489e-11,0
994,6556,4186.7854154694605,0.0,0.81,0.011000000000000001,4,1e-12,2.988793866434319e-11,0
995,6560,4318.096296036304,0.5,0.81,0.011000000000000001,4,1e-12,3.9594810744739915e-11,0
996,6564,4352.964295119645,0.5,0.81,0.011000000000000001,4,1e-12,4.132296189682869e-11,0
997,6568,4472.785841962084,0.75,0.8910000000000001,0.01,4,1e-12,3.1652446631363056e-11,0
998,6572,4523.979792288747,0.75,0.9,0.01,4,1e-12,2.911360490454118e-11,0
999,6576,4676.373732120109,0.25,0.9,0.01,4,1e-12,3.394242924408747e-11,0
1000,6580,4697.05972358837,0.75,0.9,0.01,4,1e-12,2.4355932248615312e-11,0
1001,6584,4745.352422181912,1.0,0.9,0.01,4,1e-12,2.837215637940898e-11,0
1002,6588,4543.538053832801,1.0,0.9,0.01,4,1e-12,8.180653679791992e-11,0
1003,6592,4409.035759967193,1.0,0.9,0.01,4,1e-12,4.8400082367447546e-11,0
1004,6596,4295.827025924874,1.0,0.9,0.01,4,1e-12,5.535233342279487e-11,0
1005,6600,4244.542940568131,1.0,0.9,0.01,4,1e-12,3.436465334926705e-11,0
1006,6604,4289.058969681727,1.0,0.9,0.01,4,1e-12,2.258562910305319e-11,0
1007,6608,4271.72239275024,0.75,0.9,0.01,4,1e-12,3.838760189530383e-11,0
1008,6612,4241.436072995366,0.75,0.9,0.01,4,1e-12,4.9691790744104264e-11,0
1009,6616,4194.072016502443,1.0,0.9,0.01,4,1e-12,2.753360449249988e-11,0
1010,6620,3933.3177665219227,0.25,0.9,0.01,4,1e-12,3.208345238178303e-11,0
1011,6624,3628.892869461359,0.5,0.9,0.01,4,1e-12,5.691197116620916e-11,0
1012,6628,3452.7675010591065,0.75,0.9,0.01,4,1e-12,3.991126694520793e-11,0
1013,6632,3357.3258145439336,0.75,0.9,0.01,4,1.0192804821742182e-12,5.737976440462856e-11,0
1014,6636,3118.5326004791377,1.0,0.9,0.01,4,1e-12,1.0838089679407448e-10,0
1015,6640,2922.468784752804,1.0,0.9,0.01,4,1e-12,1.293780130919382e-10,0
1016,6644,2753.604598511341,0.0,0.81,0.011000000000000001,4,1e-12,1.4766293880198323e-10,0
1017,6648,2703.6575680345445,0.25,0.81,0.011000000000000001,4,1e-12,4.2939245617183015e-10,0
1018,6652,2683.1337070258755,1.0,0.8910000000000001,0.01,4,1e-12,3.0150058740830075e-10,0
1019,6656,2571.2604952295483,0.75,0.9,0.01,4,1e-12,7.635072680882205e-10,0
1020,6660,2552.8851275817337,1.0,0.9,0.01,4,1e-12,4.748872100453339e-10,0
1021,6664,2587.9019712979302,0.25,0.9,0.01,4,1e-12,2.410567121367849e-09,0
1022,6668,2596.6534281915074,1.0,0.9,0.01,4,1e-12,6.215961276055667e-09,0
0,10,0.4884292718956537,0.6,0.016812206977226886,0.018138854485087532,10,0.9533643540289994,1.0364860396167268,1
1,20,0.4558712938252113,1.0,0.018493427674949575,0.01632496903657878,10,0.9332936849037651,1.0712325590678264,1
2,30,0.4564286698004892,1.0,0.020342770442444535,0.014692472132920902,10,0.9125578050013958,1.0421362678927533,1
3,40,0.4753920983421964,1.0,0.022377047486688992,0.013223224919628811,10,0.8864675767422904,1.011929683740353,1
4,50,0.48023515257747756,1.0,0.024614752235357893,0.01190090242766593,10,0.8673532677315099,0.9911135137552918,1
5,60,0.47879948003151124,1.0,0.027076227458893685,0.010710812184899337,10,0.8467833568507871,0.9729734811338521,1
6,70,0.48664605726444693,1.0,0.029783850204783056,0.01,10,0.8354659923592379,0.9517523408211056,1
7,80,0.5132430865545174,1.0,0.032762235225261366,0.01,10,0.8108849399938146,0.92708260414699,1
8,90,0.5245725270193705,1.0,0.03603845874778751,0.01,10,0.780361864335,0.8992402584035728,1
9,100,0.5394647109248167,1.0,0.03964230462256626,0.01,10,0.7674073344379873,0.8790658981059855,1
10,110,0.5348052675675757,1.0,0.04360653508482289,0.01,10,0.7321064671216309,0.8587287126849159,1
11,120,0.5403534371489153,1.0,0.04796718859330518,0.01,10,0.7221068820602149,0.8376739638746921,1
12,130,0.5131875092707038,1.0,0.0527639074526357,0.01,10,0.7091735507289237,0.8162995688021291,1
13,140,0.49561541885688914,1.0,0.05804029819789927,0.01,10,0.7054139598026081,0.8147670095106375,1
14,150,0.4662037090146678,1.0,0.0638443280176892,0.01,10,0.6806667598351572,0.7879369683905153,1
15,160,0.4470278780764497,1.0,0.07022876081945813,0.01,10,0.6512593393320305,0.7753877913858658,1
16,170,0.42573926505380016,1.0,0.07725163690140395,0.01,10,0.6378914394909221,0.7597152858196612,1
17,180,0.4070734231958267,1.0,0.08497680059154435,0.01,10,0.614415271032077,0.7225141111259278,1
18,190,0.41323809820568325,1.0,0.09347448065069879,0.01,10,0.5922994886442318,0.6815225382072514,1
19,200,0.4167621200254965,1.0,0.10282192871576867,0.01,10,0.5647914904346714,0.6597630774975021,1
20,210,0.4372072620752279,1.0,0.11310412158734555,0.01,10,0.5406395271123795,0.6271442310878711,1
21,220,0.453333400896051,0.4,0.11310412158734555,0.01,10,0.5175999782937727,0.6040122634408728,1
22,230,0.43862039302586703,1.0,0.12441453374608011,0.01,10,0.4999057768130978,0.5527769920947658,1
23,240,0.4442534472759525,1.0,0.13685598712068814,0.01,10,0.4643021181538535,0.6208760701950985,1
24,250,0.42647507152089964,1.0,0.15054158583275695,0.01,10,0.4323642530470552,0.5664338615097261,1
25,260,0.4444261257624722,1.0,0.16559574441603267,0.01,10,0.4029316471162387,0.5816701946657585,1
26,270,0.4578008682164589,1.0,0.18215531885763594,0.01,10,0.3621946889217035,0.5315564668969924,1
27,280,0.48912280667289587,1.0,0.20037085074339955,0.01,10,0.3248774532312693,0.49806555312884115,1
28,290,0.4879747792560227,1.0,0.22040793581773951,0.01,10,0.29828376493897907,0.45652475431916106,1
29,300,0.5058462133220593,1.0,0.24244872939951348,0.01,10,0.26881008420191943,0.4172296804605356,1
30,310,0.5314486202372734,1.0,0.2666936023394649,0.01,10,0.25119761894290576,0.4957290389319011,1
31,320,0.5299051218842366,1.0,0.2933629625734114,0.01,10,0.218669139984763,0.458961713733743,1
32,330,0.5001870487605291,1.0,0.32269925883075257,0.01,10,0.1843475842867847,0.40831112914463125,1
33,340,0.523595482746015,1.0,0.3549691847138279,0.01,10,0.15487943678707794,0.360546469456624,1
34,350,0.551604193395459,1.0,0.3904661031852107,0.01,10,0.1283781226138948,0.2989871398215572,1
35,360,0.57504329942755,1.0,0.42951271350373177,0.01,10,0.1036907153451079,0.2388801852132639,1
36,370,0.6070873126504944,1.0,0.47246398485410496,0.01,10,0.08294846373677264,0.2340452615056477,1
37,380,0.6098219552867399,1.0,0.5197103833395155,0.01,10,0.06460288718342831,0.19665695995608212,1
38,390,0.5936004257921798,1.0,0.571681421673467,0.01,10,0.05565399587335111,0.1403275530637499,1
39,400,0.6114568583585438,1.0,0.6288495638408138,0.01,10,0.03950063060771211,0.10026525222172697,1
40,410,0.6348391883660904,1.0,0.6917345202248952,0.01,10,0.029134560834314656,0.07486313000773653,1
41,420,0.6577874158545776,1.0,0.7609079722473848,0.01,10,0.01841290130979314,0.04710188699663206,1
42,430,0.6476964698389888,0.8,0.8369987694721234,0.01,10,0.011461747602440677,0.03716504266905242,1
43,440,0.6311570619668299,1.0,0.9,0.01,10,0.007691974844818069,0.03512889209856269,1
44,450,0.6013049704985666,1.0,0.9,0.01,10,0.004690622570029735,0.02936045579497434,1
45,460,0.5381693267875237,1.0,0.9,0.01,10,0.0005387912254635999,0.0469890899085189,1
46,470,0.5226796476779058,0.4,0.9,0.01,10,0.00030836525515936494,0.06669827272592738,1
47,480,0.4950398862260381,0.9,0.9,0.01,10,0.00024481282903513423,0.05892089615292274,1
48,490,0.48982374801569567,1.0,0.9,0.01,10,0.00013677529343435942,0.03780994657245669,1
49,500,0.4945795452058878,0.7,0.9,0.01,10,9.274349094397794e-05,0.029631908123836027,1
50,510,0.4965497356271833,0.4,0.9,0.01,10,5.706252801948609e-05,0.017257609590913298,1
51,520,0.5275268503258931,0.3,0.9,0.01,10,3.9794896473008524e-05,0.010203189401234948,1
52,530,0.5935499802567124,0.1,0.81,0.011000000000000001,10,3.116180931172378e-05,0.006611634267003966,1
53,540,0.6301758979181976,0.4,0.81,0.011000000000000001,10,1.8861230139362623e-05,0.004390780895392042,1
54,550,0.6365646269413207,0.2,0.81,0.011000000000000001,10,1.0994868695550044e-05,0.003947571702023484,1
55,560,0.5845309373947305,0.7,0.8910000000000001,0.01,10,4.246907657387024e-06,0.0036750048084381575,1
56,569,0.6040731890925978,0.3333333333333333,0.015350351177806146,0.0134347415789843,9,4.096035583093559e-06,0.003762197945670111,1
57,578,0.6721412012248846,0.5555555555555556,0.016885386295586762,0.01209126742108587,9,4.227319833921569e-06,0.0037865517423349795,1
58,587,0.6661813335283552,0.4444444444444444,0.016885386295586762,0.01209126742108587,9,4.185150747853528e-06,0.003789639647972433,1
59,596,0.6522979346957067,0.8888888888888888,0.01857392492514544,0.010882140678977284,9,4.037413162641803e-06,0.0036928508033730618,1
60,605,0.6554788135888727,0.0,0.0167165324326309,0.011970354746875014,9,3.9878658979055695e-06,0.003589614125096024,1
61,614,0.6718170982075625,0.6666666666666666,0.01838818567589399,0.010773319272187512,9,3.935228628190461e-06,0.003508855211915223,1
62,623,0.6903246228278271,0.4444444444444444,0.01838818567589399,0.010773319272187512,9,3.828504994463045e-06,0.003477146749838262,1
63,632,0.6962493267430202,0.2222222222222222,0.01838818567589399,0.010773319272187512,9,3.8070140644939544e-06,0.003437127793685486,1
64,641,0.7479459800424968,0.3333333333333333,0.01838818567589399,0.010773319272187512,9,3.741756326983811e-06,0.0033820887326569842,1
65,650,0.8121205987710473,0.3333333333333333,0.01838818567589399,0.010773319272187512,9,3.7272798788348017e-06,0.003339328010323444,1
66,659,0.8599077157226049,0.3333333333333333,0.01838818567589399,0.010773319272187512,9,3.6855885085976996e-06,0.0032775475780661236,1
67,668,0.882402149350999,0.0,0.016549367108304593,0.011850651199406264,9,3.5795871310446454e-06,0.003246452082137059,1
68,677,0.8888646930841173,0.5555555555555556,0.018204303819135053,0.010665586079465638,9,3.5119865797085703e-06,0.003203897681779128,1
69,686,0.8990005505294547,0.3333333333333333,0.018204303819135053,0.010665586079465638,9,3.4334753910259154e-06,0.003185788879097818,1
70,695,0.9241309746589361,0.3333333333333333,0.018204303819135053,0.010665586079465638,9,3.481911255991118e-06,0.0032228275305303737,1
71,704,0.9097804374973302,0.1111111111111111,0.016383873437221547,0.011732144687412203,9,3.4582763846201877e-06,0.0031701557913346827,1
72,713,0.9290816075291927,0.4444444444444444,0.016383873437221547,0.011732144687412203,9,3.3860791108968244e-06,0.0031623014403960367,1
73,722,0.8752861833820639,1.0,0.018022260780943704,0.010558930218670983,9,3.2807831129046495e-06,0.003087912662652515,1
74,731,0.8472190662385034,0.2222222222222222,0.018022260780943704,0.010558930218670983,9,3.1805941062397646e-06,0.003037443427824934,1
75,740,0.7838886621756286,0.3333333333333333,0.018022260780943704,0.010558930218670983,9,3.154575399558488e-06,0.0029776055918660596,1
76,749,0.7632107593881035,0.0,0.016220034702849336,0.011614823240538082,9,3.1021600026640566e-06,0.002916582961638968,1
77,758,0.7870038790839057,0.6666666666666666,0.017842038173134272,0.010453340916484274,9,3.059424181995537e-06,0.0028826951866823226,1
78,767,0.7726890532621047,0.5555555555555556,0.019626241990447702,0.01,9,3.0549814392409005e-06,0.002819992362243927,1
79,776,0.7577416351161602,0.5555555555555556,0.021588866189492475,0.01,9,2.9665729135810794e-06,0.0027838056679450377,1
80,785,0.7535486669806275,0.0,0.019429979570543227,0.011000000000000001,9,2.9209014887087613e-06,0.0027148671331032022,1
81,794,0.7334180324093846,0.2222222222222222,0.019429979570543227,0.011000000000000001,9,2.8645013346549816e-06,0.0026866061915328567,1
82,803,0.7222190962686278,0.2222222222222222,0.019429979570543227,0.011000000000000001,9,2.8698267279242282e-06,0.002657827071257724,1
83,812,0.6847960875571917,0.5555555555555556,0.02137297752759755,0.01,9,2.8117955589995142e-06,0.002682718724830116,1
84,821,0.6421247259724739,0.6666666666666666,0.023510275280357307,0.01,9,2.9498904770961878e-06,0.002677862266369461,1
85,830,0.6151325943800282,0.4444444444444444,0.023510275280357307,0.01,9,2.9885967781951878e-06,0.00269475093635483,1
86,839,0.6176474467997614,0.7777777777777778,0.02586130280839304,0.01,9,3.0377961071814958e-06,0.002649665072073758,1
87,848,0.6183500318267172,0.8888888888888888,0.028447433089232345,0.01,9,2.9965220994171564e-06,0.0026186133648478014,1
88,857,0.6202560775043549,0.3333333333333333,0.028447433089232345,0.01,9,2.9162923081435267e-06,0.0025678855561017066,1
89,866,0.6548222215618077,0.2222222222222222,0.028447433089232345,0.01,9,2.8852505220620956e-06,0.002484024376553993,1
90,875,0.6822397376258478,0.7777777777777778,0.03129217639815558,0.01,9,2.8130677527473513e-06,0.002447362644168417,1
91,884,0.6993749653461988,0.3333333333333333,0.03129217639815558,0.01,9,2.7299573567156586e-06,0.0023915861298290566,1
92,893,0.693892833715286,0.5555555555555556,0.03442139403797114,0.01,9,2.7216012855506475e-06,0.0022906684216646204,1
93,902,0.6681482633192671,1.0,0.03786353344176826,0.01,9,2.6389687129818684e-06,0.0022659316549406097,1
94,911,0.6928255083108045,0.0,0.034077180097591434,0.011000000000000001,9,2.5989039629429416e-06,0.0022034748064386684,1
95,920,0.6964378565550621,0.5555555555555556,0.03748489810735058,0.01,9,2.600483334289892e-06,0.002143582968188342,1
96,929,0.6952606715914702,0.5555555555555556,0.041233387918085646,0.01,9,2.5323448479175942e-06,0.0022366449333048135,1
97,938,0.6935410318226161,0.3333333333333333,0.041233387918085646,0.01,9,2.4430012217271865e-06,0.0022054694719945813,1
98,947,0.7063032751580753,0.1111111111111111,0.037110049126277085,0.011000000000000001,9,2.4174515453083437e-06,0.0021838607533954477,1
99,956,0.6747215566662568,0.4444444444444444,0.037110049126277085,0.011000000000000001,9,2.3469497831988984e-06,0.0021122489477207657,1
100,965,0.6683915076390634,0.7777777777777778,0.0408210540389048,0.01,9,2.2620356894239983e-06,0.002062035826091469,1
101,974,0.6871466939256538,0.5555555555555556,0.044903159442795285,0.01,9,2.3622960430708217e-06,0.002019769717446239,1
102,983,0.7079693205948027,0.5555555555555556,0.049393475387074816,0.01,9,2.3001045695175005e-06,0.0020938453693113922,1
103,992,0.6856367042454586,0.6666666666666666,0.0543328229257823,0.01,9,2.2081068927135487e-06,0.002007501849518943,1
104,1001,0.7067351474485302,0.1111111111111111,0.04889954063320407,0.011000000000000001,9,2.1829102651883557e-06,0.0019366898804386763,1
105,1010,0.7032160609056527,0.4444444444444444,0.04889954063320407,0.011000000000000001,9,2.103872071508123e-06,0.001906097859154403,1
106,1019,0.7096113967878224,0.8888888888888888,0.053789494696524484,0.01,9,2.0240388740251325e-06,0.0018587159758676939,1
107,1028,0.6932255446249539,0.2222222222222222,0.053789494696524484,0.01,9,1.981104942399344e-06,0.0017629301172689435,1
108,1037,0.6815500520249965,0.6666666666666666,0.059168444166176934,0.01,9,1.9099668256351055e-06,0.0017621258275169695,1
109,1046,0.6440895966398215,0.4444444444444444,0.059168444166176934,0.01,9,1.8750679121578017e-06,0.0017515666147775938,1
110,1055,0.6295655947991627,0.6666666666666666,0.06508528858279464,0.01,9,1.8492731908118442e-06,0.001704311773223914,1
111,1064,0.6351632050566811,0.4444444444444444,0.06508528858279464,0.01,9,1.773216664371195e-06,0.0016179558053948356,1
112,1073,0.6683988683484157,0.6666666666666666,0.07159381744107411,0.01,9,1.6913252707744714e-06,0.0015441961996722569,1
113,1082,0.7142734151949344,0.7777777777777778,0.07875319918518153,0.01,9,1.6034221123761317e-06,0.0014621956408144474,1
114,1091,0.7711402827423232,0.5555555555555556,0.08662851910369969,0.01,9,1.597376555835362e-06,0.0014696391027571166,1
115,1100,0.8213314766009621,0.2222222222222222,0.08662851910369969,0.01,9,1.5145025265902432e-06,0.0013866351620920182,1
116,1109,0.8888618018712972,0.6666666666666666,0.09529137101406966,0.01,9,1.4705124285336493e-06,0.001403876508327251,1
117,1118,1.00291915593044,0.8888888888888888,0.10482050811547663,0.01,9,1.352939161406476e-06,0.0013449942797433847,1
118,1127,1.1340006199403365,0.5555555555555556,0.1153025589270243,0.01,9,1.2642767600990208e-06,0.0013415636893321248,1
119,1136,1.162285528162877,0.2222222222222222,0.1153025589270243,0.01,9,1.1507540853421071e-06,0.0012629896281346705,1
120,1145,1.1584231126706155,0.8888888888888888,0.12683281481972675,0.01,9,1.0903483737228816e-06,0.0011806424910972705,1
121,1154,1.134769998707201,0.8888888888888888,0.13951609630169942,0.01,9,1.0039627948388775e-06,0.0010865831250589102,1
122,1163,1.1314956569875305,0.3333333333333333,0.13951609630169942,0.01,9,9.912164207634841e-07,0.0012599467344598895,1
123,1172,1.119892737037843,0.8888888888888888,0.15346770593186937,0.01,9,9.369784418874165e-07,0.0011889339128565793,1
124,1181,1.1035803091968885,0.4444444444444444,0.15346770593186937,0.01,9,8.585628457047357e-07,0.001108098297529294,1
125,1190,1.1544433914050718,0.4444444444444444,0.15346770593186937,0.01,9,7.844877808325099e-07,0.0010361431709148899,1
126,1199,1.21231879233467,1.0,0.16881447652505632,0.01,9,7.205190655921505e-07,0.0009620447819572005,1
127,1208,1.2601562913792972,0.3333333333333333,0.16881447652505632,0.01,9,7.061571153665042e-07,0.0008962439590746308,1
128,1217,1.3181908067359247,0.4444444444444444,0.16881447652505632,0.01,9,6.515108986055155e-07,0.0008901374318615411,1
129,1226,1.308803342699145,0.4444444444444444,0.16881447652505632,0.01,9,5.926498367516799e-07,0.0008552515514192017,1
130,1235,1.2800985452271663,0.6666666666666666,0.18569592417756198,0.01,9,5.376574432975989e-07,0.000796729206875326,1
131,1244,1.2320679131535062,0.7777777777777778,0.2042655165953182,0.01,9,4.831002186872421e-07,0.0007233271247678531,1
132,1253,1.2616003706297259,0.6666666666666666,0.22469206825485002,0.01,9,4.5035646050460345e-07,0.0006536793146836281,1
133,1262,1.2555381002495702,0.0,0.20222286142936502,0.011000000000000001,9,4.277145015029531e-07,0.0005994529983265199,1
134,1271,1.2524460357895932,0.4444444444444444,0.20222286142936502,0.011000000000000001,9,4.10397193692329e-07,0.0005769332517263586,1
135,1280,1.206715072813009,0.5555555555555556,0.22244514757230155,0.01,9,3.6899514428198213e-07,0.0005200269912417953,1
136,1289,1.2488183543722662,1.0,0.24468966232953174,0.01,9,3.2134210997370627e-07,0.0005003800525060721,1
137,1298,1.2808061110887823,0.3333333333333333,0.24468966232953174,0.01,9,2.782354376543431e-07,0.00047146288632865383,1
138,1307,1.3026554603559204,0.5555555555555556,0.26915862856248496,0.01,9,2.397128960224929e-07,0.00045971254504879015,1
139,1316,1.2975730866648116,0.3333333333333333,0.26915862856248496,0.01,9,2.0876322690681902e-07,0.00042568880171830944,1
140,1325,1.4051170039376402,0.0,0.24224276570623646,0.011000000000000001,9,2.0170686058059555e-07,0.00042965733557620843,1
141,1334,1.5570121162903523,0.6666666666666666,0.26646704227686013,0.01,9,1.9595167950745168e-07,0.00036429636998847563,1
142,1343,1.7239457661375297,1.0,0.2931137465045462,0.01,9,1.6758554380770204e-07,0.0003150908555021667,1
143,1352,1.7927618357764714,0.2222222222222222,0.2931137465045462,0.01,9,1.5480364305046703e-07,0.00030126201663583643,1
144,1361,1.9034736823933394,1.0,0.3224251211550008,0.01,9,1.295346644829439e-07,0.0002598505865276694,1
145,1370,1.9989677033605162,0.1111111111111111,0.29018260903950077,0.011000000000000001,9,1.1086829468520298e-07,0.00022483067809484818,1
146,1379,2.282545201110108,0.4444444444444444,0.29018260903950077,0.011000000000000001,9,9.853654068028375e-08,0.0001978182481169047,1
147,1388,2.311629560742332,0.5555555555555556,0.31920086994345087,0.01,9,8.267224826097487e-08,0.00016696275678368134,1
148,1397,2.1428090496383376,0.3333333333333333,0.31920086994345087,0.01,9,7.777905529634889e-08,0.0001471257497968938,1
149,1406,2.1711198215975376,0.5555555555555556,0.351120956937796,0.01,9,6.617626365415666e-08,0.00014998667911942688,1
150,1415,2.151347656256947,0.5555555555555556,0.38623305263157565,0.01,9,5.5483270642796344e-08,0.00013065410546160173,1
151,1424,2.106708916901198,0.8888888888888888,0.42485635789473325,0.01,9,4.654404624506497e-08,0.00010647851322885531,1
152,1433,2.1588149932702154,0.5555555555555556,0.4673419936842066,0.01,9,3.9017118925871177e-08,8.71810529537313e-05,1
153,1442,2.2687594145840153,0.6666666666666666,0.5140761930526273,0.01,9,2.941676080018913e-08,0.00011490894139501804,1
154,1451,2.3315420563062847,0.3333333333333333,0.5140761930526273,0.01,9,2.2734449457853844e-08,0.0001340332940644322,1
155,1460,2.418470792910812,0.7777777777777778,0.5654838123578901,0.01,9,1.659291399888675e-08,9.67040459011298e-05,1
156,1469,2.5280025928913106,0.4444444444444444,0.5654838123578901,0.01,9,1.2018024630419549e-08,8.105978716219588e-05,1
157,1478,2.5366551839310696,0.8888888888888888,0.6220321935936792,0.01,9,8.667644792601613e-09,6.265360686802657e-05,1
158,1487,2.6768237614581616,0.6666666666666666,0.6842354129530472,0.01,9,5.625208765834996e-09,5.039852515086107e-05,1
159,1496,2.8057513300477193,0.5555555555555556,0.752658954248352,0.01,9,3.4745209372269868e-09,4.022338429564261e-05,1
160,1505,3.01081445299339,0.6666666666666666,0.8279248496731874,0.01,9,2.0589613286800555e-09,5.020936708809613e-05,1
161,1514,3.164279291627365,0.6666666666666666,0.9,0.01,9,1.3130855556268342e-09,4.4924028721269875e-05,1
162,1523,3.4506348264950013,0.5555555555555556,0.9,0.01,9,9.628539910066559e-10,0.0001236898467795755,1
163,1532,3.6057527431430025,1.0,0.9,0.01,9,6.533041112702522e-10,6.858544187492991e-05,1
164,1541,3.4726590509687196,0.1111111111111111,0.81,0.011000000000000001,9,4.065953065408034e-10,4.1556531375147923e-05,1
165,1550,3.5620154099756682,1.0,0.8910000000000001,0.01,9,2.2423714432124895e-10,2.906706164934498e-05,1
166,1559,3.7631133629932982,1.0,0.9,0.01,9,1.2188990911920626e-10,2.0591872139593874e-05,1
167,1568,4.151478501028731,1.0,0.9,0.01,9,8.710695329610882e-11,1.8227251626592104e-05,1
168,1577,4.531449521397413,1.0,0.9,0.01,9,4.7905071984692174e-11,1.25868858579789e-05,1
169,1586,4.835753803194753,0.3333333333333333,0.9,0.01,9,3.839229290298359e-11,2.3903329894131175e-05,1
170,1595,5.149369528669196,0.7777777777777778,0.9,0.01,9,2.3619320603974942e-11,1.5262521917602565e-05,1
171,1604,5.434512637645671,1.0,0.9,0.01,9,2.1817640908606143e-11,1.0496225761227503e-05,1
172,1613,5.6385626780859175,1.0,0.9,0.01,9,1.6096095657003617e-11,9.079734311775369e-06,1
173,1622,5.831213431554525,0.5555555555555556,0.9,0.01,9,9.076528834510502e-12,1.645820681398291e-05,1
174,1631,5.984742803202703,0.5555555555555556,0.9,0.01,9,1.3759417002361558e-11,1.6522628785378276e-05,1
175,1640,5.783931371843123,1.0,0.9,0.01,9,7.801322324302995e-12,1.3381990233824556e-05,1
176,1649,5.905378684955222,0.2222222222222222,0.9,0.01,9,1.1967169843702582e-11,7.810077950239552e-06,1
177,1658,5.70122373008509,0.6666666666666666,0.9,0.01,9,6.7017217731905235e-12,7.372480259844946e-06,1
178,1667,6.002332841659027,0.6666666666666666,0.9,0.01,9,5.282351742208966e-12,8.502976425417254e-06,1
179,1675,6.626813113318857,0.75,0.016885386295586762,0.01209126742108587,8,5.199304184045448e-12,8.457776687267317e-06,1
180,1683,7.2107309622617946,0.75,0.01857392492514544,0.010882140678977284,8,5.102613766145549e-12,8.362896915673563e-06,1
181,1691,7.542487587917728,1.0,0.020431317417659987,0.01,8,4.959791765154217e-12,8.238601524830898e-06,1
182,1699,7.86641637410765,0.875,0.022474449159425987,0.01,8,4.801063461546817e-12,7.942253488938425e-06,1
183,1707,8.10606393749737,0.75,0.024721894075368588,0.01,8,4.755787769288524e-12,7.705042730029045e-06,1
184,1715,8.6740422628596,0.75,0.02719408348290545,0.01,8,4.666020181887247e-12,7.637535385698812e-06,1
185,1723,8.835346750257862,1.0,0.029913491831195998,0.01,8,4.529428300762466e-12,7.5453334518492216e-06,1
186,1731,9.066326575386459,0.75,0.0329048410143156,0.01,8,4.414310932691144e-12,7.463468529378657e-06,1
187,1739,9.346556447857843,1.0,0.03619532511574716,0.01,8,4.337827629720764e-12,7.372948606222894e-06,1
188,1747,9.733754451207629,1.0,0.039814857627321884,0.01,8,4.344939317247914e-12,7.235242961995809e-06,1
189,1755,10.184440532736131,0.5,0.039814857627321884,0.01,8,4.301169898451565e-12,7.276707421593232e-06,1
190,1763,10.654409814738393,0.875,0.043796343390054074,0.01,8,4.185417506464e-12,6.982933348560484e-06,1
191,1771,10.944337570940954,0.625,0.04817597772905949,0.01,8,4.0692572926587e-12,6.802900208351937e-06,1
192,1779,10.514433679811711,0.5,0.04817597772905949,0.01,8,4.034845160282812e-12,6.59521810174284e-06,1
193,1787,10.25701839772663,0.875,0.05299357550196544,0.01,8,4.074716396743852e-12,6.3583734492136265e-06,1
194,1795,10.153152639104512,0.25,0.05299357550196544,0.01,8,3.870949737877887e-12,6.057461580554855e-06,1
195,1803,10.161740198618027,0.875,0.05829293305216199,0.01,8,3.76464815904052e-12,5.845639235569156e-06,1
196,1811,9.75641517112415,1.0,0.06412222635737819,0.01,8,3.8143735621843176e-12,5.971864892405617e-06,1
197,1819,9.948711407394143,0.5,0.06412222635737819,0.01,8,3.717462946135455e-12,6.164571046945971e-06,1
198,1827,10.201812685779514,1.0,0.070534448993116,0.01,8,3.561127809187581e-12,6.165992625994279e-06,1
199,1835,10.023566452405749,0.375,0.070534448993116,0.01,8,3.549155850624079e-12,5.86574751485019e-06,1
200,1843,9.908000288096797,0.875,0.07758789389242761,0.01,8,3.4057145130698768e-12,5.513834430271862e-06,1
201,1851,9.260195928632232,0.625,0.08534668328167037,0.01,8,3.3809943465038196e-12,5.688589632859928e-06,1
202,1859,9.709575475162689,1.0,0.09388135160983742,0.01,8,3.280648280343454e-12,5.677226234553041e-06,1
203,1867,10.183162512362504,0.875,0.10326948677082116,0.01,8,3.1615504828788516e-12,5.3806619949711165e-06,1
204,1875,10.898477512767284,0.75,0.1135964354479033,0.01,8,2.998173592361847e-12,5.490182343939837e-06,1
205,1883,11.25619226371422,0.875,0.12495607899269363,0.01,8,2.8842210954177775e-12,5.203062542216572e-06,1
206,1891,11.739689251851669,0.625,0.13745168689196302,0.01,8,2.6495223706817165e-12,5.2288116148592554e-06,1
207,1899,12.487952502844674,1.0,0.15119685558115933,0.01,8,2.460268764290245e-12,5.192554891224913e-06,1
208,1907,12.82691303973414,1.0,0.16631654113927527,0.01,8,2.2686781000092715e-12,4.819000770924262e-06,1
209,1915,13.571934223656042,0.625,0.1829481952532028,0.01,8,2.2243140876722464e-12,4.417124330083708e-06,1
210,1923,14.250950851192627,0.625,0.2012430147785231,0.01,8,1.9864907389222546e-12,4.003070379333005e-06,1
211,1931,14.05706543918529,0.0,0.1811187133006708,0.011000000000000001,8,2.1371807755958572e-12,3.6378208793088716e-06,1
212,1939,13.237357086495779,0.625,0.1992305846307379,0.01,8,2.0057710681067425e-12,3.6861598093166876e-06,1
213,1947,12.669362620362097,1.0,0.2191536430938117,0.01,8,2.20034059222498e-12,3.69805894443047e-06,1
214,1955,12.658621855281648,0.5,0.2191536430938117,0.01,8,2.0070755434673563e-12,3.7586458201473796e-06,1
215,1963,12.45864085497695,0.875,0.24106900740319287,0.01,8,2.259629024250293e-12,3.6101774910545756e-06,1
216,1971,12.489950555450445,0.375,0.24106900740319287,0.01,8,2.308969780047081e-12,3.7050896319632587e-06,1
217,1979,12.269365365095442,0.75,0.26517590814351216,0.01,8,2.049028901410983e-12,4.294148138291997e-06,1
218,1987,12.708792062936618,1.0,0.2916934989578634,0.01,8,2.0975707000085322e-12,3.883767261466612e-06,1
219,1995,12.60994503771964,0.75,0.32086284885364974,0.01,8,1.9123528175737466e-12,3.7713050305817274e-06,1
220,2003,13.092527761606279,1.0,0.35294913373901476,0.01,8,1.516122054289658e-12,3.2551729850337267e-06,1
221,2011,14.090070041427065,0.875,0.38824404711291627,0.01,8,1.2735326302445864e-12,2.6996816751905133e-06,1
222,2019,15.434159288831234,0.875,0.42706845182420794,0.01,8,1e-12,2.044954708452168e-06,1
223,2027,16.632721732886544,1.0,0.4697752970066288,0.01,8,1e-12,1.5802008221124362e-06,1
224,2035,17.673548199609854,0.625,0.5167528267072917,0.01,8,1e-12,1.3036874905256623e-06,1
225,2043,18.079244199440993,0.625,0.5684281093780209,0.01,8,1e-12,1.2761939552053804e-06,1
226,2051,19.054718407428886,0.625,0.6252709203158231,0.01,8,1e-12,1.2393974256164642e-06,1
227,2059,19.843354138848817,0.75,0.6877980123474055,0.01,8,1e-12,9.460423174295939e-07,1
228,2067,20.064153134379236,1.0,0.756577813582146,0.01,8,1e-12,1.3915466468960033e-06,1
229,2075,20.292279368362433,0.875,0.8322355949403607,0.01,8,1.2084892668144604e-12,9.037527947153965e-07,1
230,2083,20.861963914927095,0.75,0.9,0.01,8,1e-12,1.324778404312385e-06,1
231,2091,20.69863720684194,1.0,0.9,0.01,8,1e-12,1.353342929166705e-06,1
232,2099,20.836767399513427,0.25,0.9,0.01,8,1e-12,2.359251618581947e-06,1
233,2107,20.430006607191377,1.0,0.9,0.01,8,1e-12,1.5019977797086005e-06,1
234,2115,19.314396358789715,0.625,0.9,0.01,8,1e-12,2.218752407485647e-06,1
235,2123,19.832153572124128,1.0,0.9,0.01,8,1e-12,1.2278815438463214e-06,1
236,2131,19.892050847196757,0.875,0.9,0.01,8,1e-12,7.319066847124255e-07,1
237,2139,20.313358527199526,0.75,0.9,0.01,8,1e-12,5.020899891864473e-07,1
238,2147,20.554986462233675,0.875,0.9,0.01,8,1e-12,3.3393904603860783e-07,1
239,2155,21.696828609554313,0.875,0.9,0.01,8,1e-12,1.9215051862793052e-07,1
240,2163,23.931974423457376,0.375,0.9,0.01,8,1e-12,3.919923789637672e-07,1
241,2171,26.62630017307315,0.5,0.9,0.01,8,1e-12,8.988136588539496e-07,1
242,2179,29.530164787953094,1.0,0.9,0.01,8,1e-12,5.71516424080792e-07,1
243,2187,32.97958366445308,0.875,0.9,0.01,8,1e-12,3.4874054904421995e-07,1
244,2195,37.972595402924135,0.875,0.9,0.01,8,1e-12,3.383691996306898e-07,1
245,2203,43.92040813152773,1.0,0.9,0.01,8,1e-12,2.4780114021555743e-07,1
246,2211,48.831053919309745,1.0,0.9,0.01,8,1e-12,4.335534813456553e-07,1
247,2219,49.40142627777133,1.0,0.9,0.01,8,1e-12,4.193202689093305e-07,1
248,2227,51.518976807837156,0.625,0.9,0.01,8,1e-12,2.3772503589092925e-07,1
249,2235,50.54095425067446,0.75,0.9,0.01,8,1e-12,1.3644888054345366e-07,1
250,2243,51.27674066439564,1.0,0.9,0.01,8,1e-12,9.568306380653117e-08,1
251,2251,55.88110693105771,1.0,0.9,0.01,8,1e-12,1.479748595897312e-07,1
252,2259,59.14950448460506,0.625,0.9,0.01,8,1e-12,1.388919606386201e-07,1
253,2267,65.48017648292175,1.0,0.9,0.01,8,1e-12,7.995334112700357e-08,1
254,2275,74.84644215815467,0.875,0.9,0.01,8,1e-12,4.778681784816319e-08,1
255,2283,84.06909510286341,0.625,0.9,0.01,8,1e-12,2.4693256409917248e-08,1
256,2291,88.71272690795921,0.625,0.9,0.01,8,1e-12,3.71269879280076e-08,1
257,2299,100.53025784498406,0.75,0.9,0.01,8,1e-12,3.589373205887894e-08,1
258,2307,119.37707957848463,0.5,0.9,0.01,8,1e-12,8.17659076720748e-08,1
259,2315,128.79524501064526,1.0,0.9,0.01,8,1e-12,1.762547676416321e-07,1
260,2323,131.18839859042683,0.75,0.9,0.01,8,1e-12,1.1494861290302773e-07,1
261,2331,137.78056589157214,0.75,0.9,0.01,8,1e-12,6.355780350215553e-08,1
262,2339,146.78617434315905,0.5,0.9,0.01,8,1e-12,5.161936032300145e-08,1
263,2347,149.72635554287334,0.375,0.9,0.01,8,1e-12,5.0381445168515067e-08,1
264,2355,162.89015698827828,0.5,0.9,0.01,8,1e-12,3.566942032825011e-08,1
265,2363,183.0575240348539,0.75,0.9,0.01,8,1e-12,2.5415674303124636e-08,1
266,2371,186.89431936550778,1.0,0.9,0.01,8,1e-12,2.0664503779093596e-08,1
267,2379,184.14851665893718,0.25,0.9,0.01,8,1e-12,3.772552256317836e-08,1
268,2387,183.10532452574301,1.0,0.9,0.01,8,1e-12,3.737943707567876e-08,1
269,2395,179.56019712840546,0.5,0.9,0.01,8,1e-12,2.0312203591381273e-08,1
270,2403,179.34956785812957,1.0,0.9,0.01,8,1e-12,2.2929656449385512e-08,1
271,2411,185.81503698931502,0.25,0.9,0.01,8,1e-12,1.5948555265676648e-08,1
272,2419,169.97845507447062,0.75,0.9,0.01,8,1e-12,2.8575076262585005e-08,1
273,2427,162.92957284165144,1.0,0.9,0.01,8,1e-12,2.6710157372360633e-08,1
274,2435,162.79044091341487,0.625,0.9,0.01,8,1e-12,2.675594176078249e-08,1
275,2443,151.68448234207057,1.0,0.9,0.01,8,1e-12,5.074523815031693e-08,1
276,2451,138.12103340854006,1.0,0.9,0.01,8,1e-12,7.707075451900795e-08,1
277,2459,136.42256941614107,0.5,0.9,0.01,8,1e-12,9.746887516229904e-08,1
278,2467,123.46107640192068,0.625,0.9,0.01,8,1e-12,2.0497466763202645e-07,1
279,2475,116.86612890416886,0.5,0.9,0.01,8,1e-12,2.4414015259717986e-07,1
280,2483,108.59915750063257,0.625,0.9,0.01,8,1e-12,1.6309721080177276e-07,1
281,2491,96.82104180812526,0.25,0.9,0.01,8,1e-12,1.0761125437715451e-07,1
282,2499,91.07709501549492,0.875,0.9,0.01,8,1e-12,1.3916926711237566e-08,1
283,2507,86.3955434198714,0.625,0.9,0.01,8,1e-12,1.907666776360963e-08,1
284,2515,86.43639467429769,0.75,0.9,0.01,8,1e-12,1.6767964590695373e-08,1
285,2523,96.15965558193551,0.625,0.9,0.01,8,1e-12,2.607829560302582e-08,1
286,2531,108.61000388757303,1.0,0.9,0.01,8,1e-12,4.3352721838022586e-08,1
287,2539,122.4393590721601,1.0,0.9,0.01,8,1e-12,4.551402742420218e-08,1
288,2547,133.87299856047596,1.0,0.9,0.01,8,1e-12,2.6546788876248826e-08,1
289,2555,141.28963650863696,0.875,0.9,0.01,8,1e-12,2.4501437808872987e-08,1
290,2563,150.65086665001385,0.375,0.9,0.01,8,1e-12,4.699692661473061e-08,1
291,2571,160.83378044272465,1.0,0.9,0.01,8,1e-12,3.4994125448935673e-08,1
292,2579,167.20914603823647,1.0,0.9,0.01,8,1e-12,2.4061944661243784e-08,1
293,2587,164.42563967689068,0.25,0.9,0.01,8,1e-12,1.2827902260918159e-08,1
294,2595,167.36568985891597,0.5,0.9,0.01,8,1e-12,2.005032098518339e-08,1
295,2603,178.34883771891003,1.0,0.9,0.01,8,1e-12,1.2679017129729104e-08,1
296,2611,199.40603210936817,1.0,0.9,0.01,8,1e-12,7.76042226315006e-09,1
297,2619,226.49059013641715,1.0,0.9,0.01,8,1e-12,5.306154142739429e-09,1
298,2627,265.41920990758047,0.625,0.9,0.01,8,1e-12,5.940429140772948e-09,1
299,2635,297.9011277555736,0.75,0.9,0.01,8,1e-12,4.9848469492744e-09,1
300,2643,336.04426412044717,1.0,0.9,0.01,8,1e-12,2.7849536553373865e-09,1
301,2651,391.353097859224,1.0,0.9,0.01,8,1e-12,2.4796129030549637e-09,1
302,2659,461.8253394004596,0.625,0.9,0.01,8,1e-12,3.6693300004541343e-09,1
303,2667,524.8831155424074,1.0,0.9,0.01,8,1e-12,2.58424602730458e-09,1
304,2675,610.4384256789069,0.875,0.9,0.01,8,1e-12,1.4131976494148416e-09,1
305,2683,622.6819653385187,0.5,0.9,0.01,8,1e-12,2.590714867124757e-09,1
306,2691,632.2161007845498,0.125,0.81,0.011000000000000001,8,1e-12,3.739791599424891e-09,1
307,2699,626.3845282861871,1.0,0.8910000000000001,0.01,8,1e-12,2.1346000876146694e-09,1
308,2707,602.8377607462523,0.5,0.8910000000000001,0.01,8,1e-12,2.592321925086126e-09,1
309,2715,591.3227319887973,1.0,0.9,0.01,8,1e-12,1.459424268502674e-09,1
310,2723,577.7524224303793,0.875,0.9,0.01,8,1e-12,2.9704807637280488e-09,1
311,2731,596.3982986071746,1.0,0.9,0.01,8,1e-12,1.6577409602466182e-09,1
312,2739,587.1773080881017,0.125,0.81,0.011000000000000001,8,1e-12,1.369632324724098e-09,1
313,2747,566.2222779540413,1.0,0.8910000000000001,0.01,8,1e-12,8.50589577752468e-10,1
314,2755,542.9270351151407,0.625,0.9,0.01,8,1e-12,8.35586912620689e-10,1
315,2763,527.6396131921821,0.5,0.9,0.01,8,1e-12,2.3007264135762584e-09,1
316,2771,491.58524908459646,0.875,0.9,0.01,8,1e-12,4.316485127965744e-10,1
317,2779,487.5157885713502,0.875,0.9,0.01,8,1e-12,3.8982893142521273e-10,1
318,2786,473.5614555324677,0.7142857142857143,0.016959786842925047,0.01,7,1e-12,3.8903071652213897e-10,1
319,2793,487.24641756759917,1.0,0.018655765527217552,0.01,7,1e-12,3.905834130099249e-10,1
320,2800,518.8368716801273,0.8571428571428571,0.02052134207993931,0.01,7,1e-12,3.819983083309741e-10,1
321,2807,540.2255296952289,0.14285714285714285,0.01846920787194538,0.011000000000000001,7,1e-12,3.8089158151511304e-10,1
322,2814,571.5713628404714,0.5714285714285714,0.02031612865913992,0.01,7,1e-12,3.7791287022012786e-10,1
323,2821,582.6499667129773,0.7142857142857143,0.022347741525053914,0.01,7,1e-12,3.719913354298833e-10,1
324,2828,623.0868750750759,1.0,0.024582515677559306,0.01,7,1e-12,3.661237564302931e-10,1
325,2835,668.2598273752014,0.5714285714285714,0.02704076724531524,0.01,7,1e-12,3.645460250661935e-10,1
326,2842,695.7081900038526,1.0,0.029744843969846765,0.01,7,1e-12,3.601848009735767e-10,1
327,2849,758.5018684436726,0.8571428571428571,0.032719328366831446,0.01,7,1e-12,3.513875975759501e-10,1
328,2856,799.6465635991268,0.5714285714285714,0.03599126120351459,0.01,7,1e-12,3.562907150079884e-10,1
329,2863,827.778077994487,1.0,0.03959038732386605,0.01,7,1e-12,3.490943251770772e-10,1
330,2870,902.4691730551167,0.8571428571428571,0.04354942605625266,0.01,7,1e-12,3.418869519090509e-10,1
331,2877,969.5287498200918,0.8571428571428571,0.04790436866187793,0.01,7,1e-12,3.298281398072104e-10,1
332,2884,1046.8171575453914,0.5714285714285714,0.05269480552806573,0.01,7,1e-12,3.2921513743771964e-10,1
333,2891,1173.6099559138208,1.0,0.057964286080872306,0.01,7,1e-12,3.2658149205356546e-10,1
334,2898,1191.3923290879577,1.0,0.06376071468895954,0.01,7,1e-12,3.2329733952310075e-10,1
335,2905,1195.9695266705353,0.42857142857142855,0.06376071468895954,0.01,7,1e-12,3.0355878425127705e-10,1
336,2912,1242.1539003617572,0.8571428571428571,0.0701367861578555,0.01,7,1e-12,3.003131873754194e-10,1
337,2919,1284.8072559878185,1.0,0.07715046477364106,0.01,7,1e-12,3.022893089004014e-10,1
338,2926,1246.3319450871552,0.42857142857142855,0.07715046477364106,0.01,7,1e-12,3.028453466187339e-10,1
339,2933,1172.325439123982,1.0,0.08486551125100517,0.01,7,1e-12,3.086531840369298e-10,1
340,2940,1133.36933760248,1.0,0.09335206237610569,0.01,7,1e-12,3.0983367782264635e-10,1
341,2947,1129.4021451881288,0.42857142857142855,0.09335206237610569,0.01,7,1e-12,3.396762297443305e-10,1
342,2954,1157.2359481962785,1.0,0.10268726861371627,0.01,7,1e-12,3.288167125320438e-10,1
343,2961,1177.6308746875127,1.0,0.1129559954750879,0.01,7,1e-12,3.1071863163365647e-10,1
344,2968,1252.6345862149108,0.7142857142857143,0.12425159502259671,0.01,7,1e-12,3.26458795194124e-10,1
345,2975,1315.5923473182406,1.0,0.1366767545248564,0.01,7,1e-12,3.233001281081907e-10,1
346,2982,1368.762312383441,1.0,0.15034442997734204,0.01,7,1e-12,3.0465195927327445e-10,1
347,2989,1446.6808667131227,0.2857142857142857,0.15034442997734204,0.01,7,1e-12,2.996942362406845e-10,1
348,2996,1448.5255552434087,1.0,0.16537887297507625,0.01,7,1e-12,2.8351525263659674e-10,1
349,3003,1427.8632800805929,0.7142857142857143,0.18191676027258388,0.01,7,1e-12,2.592364062792377e-10,1
350,3010,1438.5620214460257,1.0,0.2001084362998423,0.01,7,1e-12,2.46082129222752e-10,1
351,3017,1525.5497201921219,1.0,0.22011927992982655,0.01,7,1e-12,2.5079125572549145e-10,1
352,3024,1709.7954776313845,1.0,0.24213120792280923,0.01,7,1e-12,2.281998448933453e-10,1
353,3031,1766.2156597307596,1.0,0.2663443287150902,0.01,7,1e-12,2.01067187023126e-10,1
354,3038,1752.9857268132494,0.7142857142857143,0.2929787615865992,0.01,7,1e-12,1.741245429097239e-10,1
355,3045,1708.1945453811243,0.5714285714285714,0.3222766377452591,0.01,7,1e-12,1.430959798563277e-10,1
356,3052,1663.6018694978054,1.0,0.35450430151978507,0.01,7,1e-12,1.1323459882849011e-10,1
357,3059,1679.9991975970158,1.0,0.3899547316717636,0.01,7,1e-12,1.399111220958331e-10,1
358,3066,1768.1385233264048,1.0,0.42895020483894,0.01,7,1e-12,1.4708415835405389e-10,1
359,3073,1863.053808214487,1.0,0.471845225322834,0.01,7,1e-12,1.2036448537486573e-10,1
360,3080,2016.8465866370268,0.2857142857142857,0.471845225322834,0.01,7,1e-12,9.156532268100702e-11,1
361,3087,2197.131510149546,0.8571428571428571,0.5190297478551175,0.01,7,1e-12,6.910040629175911e-11,1
362,3094,2338.9512015126224,0.7142857142857143,0.5709327226406292,0.01,7,1e-12,5.628583980951457e-11,1
363,3101,2511.6485457041204,0.2857142857142857,0.5709327226406292,0.01,7,1e-12,7.880012331441084e-11,1
364,3108,2667.892655439056,0.2857142857142857,0.5709327226406292,0.01,7,1e-12,5.380044748424329e-11,1
365,3115,2729.7754490219218,0.8571428571428571,0.6280259949046922,0.01,7,1e-12,3.771592221121994e-11,1
366,3122,2680.8728180507464,0.2857142857142857,0.6280259949046922,0.01,7,1e-12,2.7134915936255047e-11,1
367,3129,2677.2284763343505,0.8571428571428571,0.6908285943951615,0.01,7,1e-12,2.1612063723391436e-11,1
368,3136,2686.947781959865,0.7142857142857143,0.7599114538346777,0.01,7,1e-12,2.6920387186187596e-11,1
369,3143,2733.673579967692,1.0,0.8359025992181456,0.01,7,1e-12,1.9719263646753145e-11,1
370,3150,2738.354767867506,0.8571428571428571,0.9,0.01,7,1e-12,1.6005023501515315e-11,1
371,3157,2775.286571600021,0.7142857142857143,0.9,0.01,7,1e-12,1.5642031973206234e-11,1
372,3164,2885.102320010251,1.0,0.9,0.01,7,1e-12,1.152007486160958e-11,1
373,3171,3193.4021765579187,1.0,0.9,0.01,7,1e-12,8.824788789666679e-12,1
374,3178,3615.560324547056,0.7142857142857143,0.9,0.01,7,1e-12,7.477134199147131e-12,1
375,3185,3845.871143931196,0.8571428571428571,0.9,0.01,7,1e-12,4.581491671144478e-12,1
376,3192,4127.791270774754,0.8571428571428571,0.9,0.01,7,1e-12,2.521090389622041e-12,1
377,3199,4159.371012546978,0.7142857142857143,0.9,0.01,7,1e-12,2.3187616780174877e-12,1
378,3206,4046.1371528411537,1.0,0.9,0.01,7,1e-12,3.122130717622877e-12,1
379,3213,3873.161563630375,0.7142857142857143,0.9,0.01,7,1e-12,1.644591992022786e-12,1
380,3220,3816.6407750813783,1.0,0.9,0.01,7,1e-12,2.4146565719363986e-12,1
381,3227,3793.49805738949,1.0,0.9,0.01,7,1e-12,5.406591646465994e-12,1
382,3234,3822.8959719683767,0.5714285714285714,0.9,0.01,7,1e-12,8.788343165011539e-12,1
383,3241,4194.347860074226,0.5714285714285714,0.9,0.01,7,1e-12,1.0852215169766115e-11,1
384,3248,4472.657797463811,1.0,0.9,0.01,7,1e-12,6.0273448412692924e-12,1
385,3255,4827.086379224881,0.5714285714285714,0.9,0.01,7,1e-12,1.0856427856386487e-11,1
386,3262,4933.979333862939,0.5714285714285714,0.9,0.01,7,1e-12,1.482880492684152e-11,1
387,3269,5118.072673773155,0.42857142857142855,0.9,0.01,7,1e-12,1.6742118102713272e-11,1
388,3276,5278.902192676772,1.0,0.9,0.01,7,1e-12,1.1282593108415409e-11,1
389,3283,5779.530361757945,0.42857142857142855,0.9,0.01,7,1e-12,1.2164647969659491e-11,1
390,3290,5879.894657517396,0.5714285714285714,0.9,0.01,7,1e-12,1.2959121315632347e-11,1
391,3297,6256.525875691332,1.0,0.9,0.01,7,1e-12,1.3492979143777963e-11,1
392,3304,6803.291704719528,1.0,0.9,0.01,7,1e-12,1.1353606884201808e-11,1
393,3311,7120.667725715608,0.42857142857142855,0.9,0.01,7,1e-12,1.2964907724974327e-11,1
394,3318,7717.113259493501,1.0,0.9,0.01,7,1e-12,7.601027570886582e-12,1
395,3325,8153.471415542698,0.8571428571428571,0.9,0.01,7,1e-12,8.74973933177316e-12,1
396,3332,8684.588602036463,0.8571428571428571,0.9,0.01,7,1e-12,4.765541613717931e-12,1
397,3339,8951.033268137395,0.14285714285714285,0.81,0.011000000000000001,7,1e-12,1.1830890820205252e-11,1
398,3346,9357.81188481488,0.8571428571428571,0.8910000000000001,0.01,7,1e-12,6.785976587026579e-12,1
399,3353,9533.860781832229,0.2857142857142857,0.8910000000000001,0.01,7,1e-12,9.539195049822117e-12,1
400,3360,9032.411374958016,0.8571428571428571,0.9,0.01,7,1e-12,8.125570560759848e-12,1
401,3367,9010.309233607015,0.7142857142857143,0.9,0.01,7,1e-12,4.657073301371762e-12,1
402,3374,9462.172640021854,0.7142857142857143,0.9,0.01,7,1e-12,4.171518994524634e-12,1
403,3381,9337.65385142819,0.2857142857142857,0.9,0.01,7,1e-12,4.354866763316155e-12,1
404,3388,9593.931241233668,0.14285714285714285,0.81,0.011000000000000001,7,1e-12,3.726845641048386e-12,1
405,3395,9851.59259288783,0.2857142857142857,0.81,0.011000000000000001,7,1e-12,2.2201931234572757e-12,1
406,3402,10400.496141367401,0.2857142857142857,0.81,0.011000000000000001,7,1e-12,2.0616533821246526e-12,1
407,3409,10275.620656230823,0.42857142857142855,0.81,0.011000000000000001,7,1e-12,1.3508346331334586e-12,1
408,3416,10043.485693287177,0.14285714285714285,0.7290000000000001,0.012100000000000001,7,1e-12,2.6945574022009413e-12,1
409,3423,9736.085485380881,0.42857142857142855,0.7290000000000001,0.012100000000000001,7,1e-12,2.5202380151228114e-12,1
410,3430,9330.72488715662,0.5714285714285714,0.8019000000000002,0.010890000000000002,7,1e-12,2.4928141887298024e-12,1
411,3437,9179.24077718576,0.42857142857142855,0.8019000000000002,0.010890000000000002,7,1e-12,2.1673821960405086e-12,1
412,3444,9295.004784862918,0.8571428571428571,0.8820900000000003,0.01,7,1e-12,2.6027256564118954e-12,1
413,3451,10180.67430499212,0.7142857142857143,0.9,0.01,7,1e-12,2.456019833060141e-12,1
414,3458,10746.036561515968,0.2857142857142857,0.9,0.01,7,1e-12,1.7030469110147337e-12,1
415,3465,11796.9450258303,0.5714285714285714,0.9,0.01,7,1e-12,1.9104851700144115e-12,1
416,3472,12352.496593813872,0.14285714285714285,0.81,0.011000000000000001,7,1e-12,1.560276196082467e-12,1
417,3479,12507.31872112828,0.14285714285714285,0.7290000000000001,0.012100000000000001,7,1e-12,1.5585577210094488e-12,1
418,3486,11912.227151263622,0.2857142857142857,0.7290000000000001,0.012100000000000001,7,1e-12,1.2260096377589398e-12,1
419,3493,11391.254045079299,0.14285714285714285,0.6561000000000001,0.013310000000000002,7,1e-12,1.1246706046115602e-12,1
420,3500,10965.07924563065,0.42857142857142855,0.6561000000000001,0.013310000000000002,7,1e-12,1.33197391363218e-12,1
421,3507,10588.792443431308,0.14285714285714285,0.5904900000000002,0.014641000000000003,7,1e-12,1.3106548187065274e-12,1
422,3514,11017.002981352864,0.2857142857142857,0.5904900000000002,0.014641000000000003,7,1e-12,1.439103245428854e-12,1
423,3521,11289.88640694407,0.14285714285714285,0.5314410000000002,0.016105100000000004,7,1e-12,1.1830638120669746e-12,1
424,3528,11407.700309710992,0.0,0.47829690000000014,0.017715610000000007,7,1e-12,1.2488962649202294e-12,1
425,3535,11437.014838532683,0.14285714285714285,0.43046721000000016,0.019487171000000008,7,1e-12,1.3260665547239431e-12,1
426,3542,11160.570183440474,0.42857142857142855,0.43046721000000016,0.019487171000000008,7,1e-12,1.5413489897550078e-12,1
427,3549,11020.855989785632,0.42857142857142855,0.43046721000000016,0.019487171000000008,7,1e-12,1.881305135651516e-12,1
428,3556,10395.291280662464,0.14285714285714285,0.38742048900000015,0.021435888100000012,7,1e-12,1.3908937138602913e-12,1
429,3563,10367.435859690477,0.2857142857142857,0.38742048900000015,0.021435888100000012,7,1e-12,1.688187187268372e-12,1
430,3570,10940.077043202093,0.5714285714285714,0.4261625379000002,0.019292299290000012,7,1e-12,1.389228458088336e-12,1
431,3577,11874.586560576006,0.2857142857142857,0.4261625379000002,0.019292299290000012,7,1e-12,2.4013130356038707e-12,1
432,3584,12380.343552902434,0.2857142857142857,0.4261625379000002,0.019292299290000012,7,1e-12,1.77705294923182e-12,1
433,3591,12752.26338460159,0.14285714285714285,0.3835462841100002,0.021221529219000015,7,1e-12,1.4572280971343022e-12,1
434,3598,12798.88220079137,0.2857142857142857,0.3835462841100002,0.021221529219000015,7,1e-12,1.4399366829366208e-12,1
435,3605,13097.095248431058,0.0,0.3451916556990002,0.02334368214090002,7,1e-12,1.6059007076052135e-12,1
436,3612,13146.667243919857,0.14285714285714285,0.31067249012910014,0.02567805035499002,7,1e-12,1.3282474678849683e-12,1
437,3619,12997.408486360191,1.0,0.34173973914201017,0.02311024531949102,7,1e-12,1.1921243151432327e-12,1
438,3626,13270.756906183373,0.0,0.30756576522780915,0.025421269851440123,7,1e-12,1.1042503507831907e-12,1
439,3633,13480.027605742473,0.5714285714285714,0.3383223417505901,0.022879142866296113,7,1e-12,1.0330723487828442e-12,1
440,3640,13211.822551684076,0.2857142857142857,0.3383223417505901,0.022879142866296113,7,1e-12,1e-12,1
441,3647,12725.675719994877,0.2857142857142857,0.3383223417505901,0.022879142866296113,7,1e-12,1e-12,1
442,3654,12403.365547024263,0.42857142857142855,0.3383223417505901,0.022879142866296113,7,1e-12,1e-12,1
443,3661,12410.861278510161,0.2857142857142857,0.3383223417505901,0.022879142866296113,7,1e-12,1.0292457634291682e-12,1
444,3668,12390.371595191316,0.14285714285714285,0.30449010757553113,0.025167057152925727,7,1e-12,1.3340822024455804e-12,1
445,3675,12189.274220119163,0.2857142857142857,0.30449010757553113,0.025167057152925727,7,1e-12,1.2055865996515568e-12,1
446,3682,12228.008529195427,0.42857142857142855,0.30449010757553113,0.025167057152925727,7,1e-12,1.2082455896914116e-12,1
447,3689,12367.92397504984,0.7142857142857143,0.33493911833308426,0.022650351437633155,7,1e-12,1.1246465708944442e-12,1
448,3696,12108.090438462448,0.2857142857142857,0.33493911833308426,0.022650351437633155,7,1e-12,1.0912094892668928e-12,1
449,3703,12288.969105517453,0.2857142857142857,0.33493911833308426,0.022650351437633155,7,1e-12,1.4901090694143895e-12,1
450,3710,11814.378563213133,0.42857142857142855,0.33493911833308426,0.022650351437633155,7,1e-12,1.2366085578313275e-12,1
451,3717,12330.418287507806,0.7142857142857143,0.3684330301663927,0.02038531629386984,7,1e-12,1.3925033738828036e-12,1
452,3724,11871.84156876603,0.0,0.3315897271497535,0.022423847923256825,7,1e-12,1.7869336687953134e-12,1
453,3731,12232.300215553625,0.0,0.2984307544347781,0.02466623271558251,7,1e-12,1.7365098740891632e-12,1
454,3738,12374.15692236576,0.2857142857142857,0.2984307544347781,0.02466623271558251,7,1e-12,1.5899198990141086e-12,1
455,3745,12512.725533914721,0.2857142857142857,0.2984307544347781,0.02466623271558251,7,1e-12,1.370121095160327e-12,1
456,3752,12439.873627635721,0.0,0.2685876789913003,0.027132855987140762,7,1e-12,1.1066925326971477e-12,1
457,3759,12273.81407054901,0.0,0.2417289110921703,0.02984614158585484,7,1e-12,1.1258704574218096e-12,1
458,3766,11607.506322139889,0.2857142857142857,0.2417289110921703,0.02984614158585484,7,1e-12,1.1070704985198792e-12,1
459,3773,11197.988462158404,0.8571428571428571,0.2659018022013873,0.026861527427269355,7,1e-12,1.3151383080079264e-12,1
460,3780,11315.699330189495,0.0,0.23931162198124858,0.02954768016999629,7,1e-12,1.2814117556361604e-12,1
461,3787,10837.699371530014,0.0,0.21538045978312373,0.03250244818699592,7,1e-12,1.2281446628003578e-12,1
462,3794,10705.893663819934,0.2857142857142857,0.21538045978312373,0.03250244818699592,7,1e-12,1.0566936358967926e-12,1
463,3801,10415.728634815476,0.42857142857142855,0.21538045978312373,0.03250244818699592,7,1e-12,1e-12,1
464,3808,9872.279930799003,0.2857142857142857,0.21538045978312373,0.03250244818699592,7,1e-12,1.047763363159964e-12,1
465,3815,9472.985293427133,0.42857142857142855,0.21538045978312373,0.03250244818699592,7,1e-12,1.1654467138460722e-12,1
466,3822,9295.780159872458,0.42857142857142855,0.21538045978312373,0.03250244818699592,7,1e-12,1.0550461042761982e-12,1
467,3829,8947.22517869962,0.14285714285714285,0.19384241380481135,0.035752693005695516,7,1e-12,1.0200839317691928e-12,1
468,3836,8742.946352689145,0.0,0.1744581724243302,0.03932796230626507,7,1e-12,1.1642411175820237e-12,1
469,3843,8724.75545088993,0.14285714285714285,0.15701235518189718,0.04326075853689158,7,1e-12,1.0232194622506009e-12,1
470,3850,8581.29122266363,0.2857142857142857,0.15701235518189718,0.04326075853689158,7,1e-12,1.054998335550775e-12,1
471,3857,8987.219657985393,0.42857142857142855,0.15701235518189718,0.04326075853689158,7,1e-12,1e-12,1
472,3864,9547.499264094531,0.7142857142857143,0.1727135907000869,0.03893468268320242,7,1e-12,1.2322213932678664e-12,1
473,3871,10795.998564474192,0.14285714285714285,0.15544223163007823,0.04282815095152267,7,1e-12,1.1293985254414341e-12,1
474,3878,11998.209206446089,0.14285714285714285,0.1398980084670704,0.04711096604667494,7,1e-12,1.0006675440222305e-12,1
475,3885,13409.27359622497,0.5714285714285714,0.15388780931377746,0.042399869442007444,7,1e-12,1e-12,1
476,3892,13993.793426204822,0.2857142857142857,0.15388780931377746,0.042399869442007444,7,1e-12,1.1210445129459045e-12,1
477,3898,14307.686281659948,0.3333333333333333,0.01541798803902277,0.007143250586288005,6,1e-12,1.1055049536891836e-12,1
478,3904,14746.857543477512,0.16666666666666666,0.013876189235120493,0.007857575644916806,6,1e-12,1.0927227037621283e-12,1
479,3910,14745.101914997633,0.16666666666666666,0.012488570311608445,0.008643333209408487,6,1e-12,1.0755492184383193e-12,1
480,3916,15328.79609634185,0.5,0.012488570311608445,0.008643333209408487,6,1e-12,1.0526013761223912e-12,1
481,3922,15230.60067859554,0.16666666666666666,0.011239713280447601,0.009507666530349335,6,1e-12,1.0335839715142134e-12,1
482,3928,15373.497231647467,0.16666666666666666,0.010115741952402842,0.01045843318338427,6,1e-12,1.0375105098114954e-12,1
483,3934,15983.27661175493,0.6666666666666666,0.011127316147643127,0.01,6,1e-12,1.0437167232528318e-12,1
484,3940,16439.67648975927,0.5,0.011127316147643127,0.01,6,1e-12,1.0313286744833137e-12,1
485,3946,17170.002655476823,0.3333333333333333,0.011127316147643127,0.01,6,1e-12,1.0162451735085434e-12,1
486,3952,17984.33957849692,0.8333333333333334,0.01224004776240744,0.01,6,1e-12,1.0015210180570465e-12,1
487,3958,18987.652537468948,0.16666666666666666,0.011016042986166695,0.011000000000000001,6,1e-12,1e-12,1
488,3964,19721.31491023038,0.0,0.01,0.012100000000000001,6,1e-12,1e-12,1
489,3970,21533.968147381638,0.16666666666666666,0.01,0.013310000000000002,6,1e-12,1.0087225317102382e-12,1
490,3976,24470.66123759106,0.0,0.01,0.014641000000000003,6,1e-12,1.0167497374549909e-12,1
491,3982,27996.345401993556,0.3333333333333333,0.01,0.014641000000000003,6,1e-12,1.0168004531586176e-12,1
492,3988,29780.117814034344,0.16666666666666666,0.01,0.016105100000000004,6,1e-12,1e-12,1
493,3994,30898.337322082592,0.5,0.01,0.016105100000000004,6,1e-12,1e-12,1
494,4000,30372.743722564235,0.6666666666666666,0.011000000000000001,0.014494590000000003,6,1e-12,1.0095004458117185e-12,1
495,4006,28897.472560219605,0.0,0.01,0.015944049000000005,6,1e-12,1.0212290691642175e-12,1
496,4012,29016.89820782986,0.3333333333333333,0.01,0.015944049000000005,6,1e-12,1.0224443814268512e-12,1
497,4018,28730.665662316114,0.5,0.01,0.015944049000000005,6,1e-12,1.0030575617093373e-12,1
498,4024,27545.711080907386,0.6666666666666666,0.011000000000000001,0.014349644100000005,6,1e-12,1.001677255394444e-12,1
499,4030,26672.717607901785,0.3333333333333333,0.011000000000000001,0.014349644100000005,6,1e-12,1.0078170386700942e-12,1
500,4036,27432.688561847306,0.3333333333333333,0.011000000000000001,0.014349644100000005,6,1e-12,1.0009798064171468e-12,1
501,4042,26995.500272011195,0.3333333333333333,0.011000000000000001,0.014349644100000005,6,1e-12,1.027098252144382e-12,1
502,4048,28181.6783150469,1.0,0.012100000000000001,0.012914679690000005,6,1e-12,1.0555721389522635e-12,1
503,4054,29157.066663813,1.0,0.013310000000000002,0.011623211721000004,6,1e-12,1.0708394361322657e-12,1
504,4060,29508.554492898606,0.6666666666666666,0.014641000000000003,0.010460890548900004,6,1e-12,1.073564626938234e-12,1
505,4066,30371.205378416595,0.3333333333333333,0.014641000000000003,0.010460890548900004,6,1e-12,1.0568828460199113e-12,1
506,4072,31055.311043592825,0.16666666666666666,0.013176900000000004,0.011506979603790005,6,1e-12,1.0396125096708566e-12,1
507,4078,32266.205273361506,0.5,0.013176900000000004,0.011506979603790005,6,1e-12,1.0282018162012447e-12,1
508,4084,32818.65768218951,0.3333333333333333,0.013176900000000004,0.011506979603790005,6,1e-12,1.0118802974576308e-12,1
509,4090,32413.11513511008,0.3333333333333333,0.013176900000000004,0.011506979603790005,6,1e-12,1.0116936904297053e-12,1
510,4096,33150.048016450346,0.5,0.013176900000000004,0.011506979603790005,6,1e-12,1.0054784982902042e-12,1
511,4102,33678.204045924766,0.5,0.013176900000000004,0.011506979603790005,6,1e-12,1e-12,1
512,4108,30617.328990841255,0.6666666666666666,0.014494590000000005,0.010356281643411005,6,1e-12,1.065130759460058e-12,1
513,4114,29153.29489764716,0.6666666666666666,0.015944049000000005,0.01,6,1e-12,1.085362475236867e-12,1
514,4120,29411.653751152302,0.3333333333333333,0.015944049000000005,0.01,6,1e-12,1.0805468063868031e-12,1
515,4126,27376.046489050244,0.16666666666666666,0.014349644100000005,0.011000000000000001,6,1e-12,1.0596102746050624e-12,1
516,4132,26423.70489651558,0.16666666666666666,0.012914679690000005,0.012100000000000001,6,1e-12,1.0466239023068697e-12,1
517,4138,26133.785124268437,0.0,0.011623211721000004,0.013310000000000002,6,1e-12,1.077403528924023e-12,1
518,4144,26258.176912453415,0.3333333333333333,0.011623211721000004,0.013310000000000002,6,1e-12,1.05409153096983e-12,1
519,4150,26279.405623876904,0.3333333333333333,0.011623211721000004,0.013310000000000002,6,1e-12,1.0441276146601862e-12,1
520,4156,26114.025392911542,0.16666666666666666,0.010460890548900004,0.014641000000000003,6,1e-12,1.0482245593190456e-12,1
521,4162,25818.72328101373,0.3333333333333333,0.010460890548900004,0.014641000000000003,6,1e-12,1.0531063433031303e-12,1
522,4168,25490.68420922507,0.8333333333333334,0.011506979603790005,0.013176900000000004,6,1e-12,1.0365682147859468e-12,1
523,4174,25413.649789688734,1.0,0.012657677564169006,0.011859210000000004,6,1e-12,1.02207723932699e-12,1
524,4180,26135.585945683135,0.0,0.011391909807752105,0.013045131000000005,6,1e-12,1.0417970309912875e-12,1
525,4186,25677.942447885558,0.6666666666666666,0.012531100788527316,0.011740617900000005,6,1e-12,1.027052648898037e-12,1
526,4192,25043.69383395232,0.0,0.011277990709674585,0.012914679690000007,6,1e-12,1.0031692846076974e-12,1
527,4198,25588.251923295727,0.3333333333333333,0.011277990709674585,0.012914679690000007,6,1e-12,1.0346553926538222e-12,1
528,4204,26685.131861274775,0.6666666666666666,0.012405789780642044,0.011623211721000006,6,1e-12,1.0329790079580294e-12,1
529,4210,28594.194884811754,0.0,0.011165210802577841,0.012785532893100008,6,1e-12,1.0073148975705813e-12,1
530,4216,29037.281796742598,0.6666666666666666,0.012281731882835626,0.011506979603790006,6,1e-12,1.0127328177218158e-12,1
531,4222,29762.321653388608,0.0,0.011053558694552063,0.012657677564169008,6,1e-12,1.0338137615446209e-12,1
532,4228,29400.21569852235,0.8333333333333334,0.012158914564007271,0.011391909807752107,6,1e-12,1.0274347037566077e-12,1
533,4234,27725.192302154803,0.16666666666666666,0.010943023107606545,0.012531100788527318,6,1e-12,1.0620767075696897e-12,1
534,4240,25920.163797558176,0.5,0.010943023107606545,0.012531100788527318,6,1e-12,1.0703746309241216e-12,1
535,4246,24884.189324693856,0.3333333333333333,0.010943023107606545,0.012531100788527318,6,1e-12,1.061875096221141e-12,1
536,4252,23411.41305719251,0.16666666666666666,0.01,0.013784210867380051,6,1e-12,1.0430284202042168e-12,1
537,4258,22269.071749483835,0.6666666666666666,0.011000000000000001,0.012405789780642046,6,1e-12,1.0011205948790236e-12,1
538,4264,21612.9561491808,0.6666666666666666,0.012100000000000001,0.011165210802577841,6,1e-12,1e-12,1
539,4270,21388.315610402475,0.3333333333333333,0.012100000000000001,0.011165210802577841,6,1e-12,1.0029783321850458e-12,1
540,4276,21035.209535407437,0.0,0.010890000000000002,0.012281731882835626,6,1e-12,1e-12,1
541,4282,20941.820253878526,0.6666666666666666,0.011979000000000004,0.011053558694552063,6,1e-12,1e-12,1
542,4288,20067.5291666243,0.5,0.011979000000000004,0.011053558694552063,6,1e-12,1e-12,1
543,4294,18625.442666930518,0.5,0.011979000000000004,0.011053558694552063,6,1e-12,1e-12,1
544,4300,17594.891475806853,0.16666666666666666,0.010781100000000004,0.012158914564007271,6,1e-12,1e-12,1
545,4306,16993.432787926908,0.16666666666666666,0.01,0.013374806020408,6,1e-12,1.00052306842912e-12,1
546,4312,16863.307982904033,0.0,0.01,0.0147122866224488,6,1e-12,1.004004166380792e-12,1
547,4318,16891.955548944916,0.16666666666666666,0.01,0.01618351528469368,6,1e-12,1e-12,1
548,4324,16481.373528470976,0.3333333333333333,0.01,0.01618351528469368,6,1e-12,1e-12,1
549,4330,15967.278337062027,0.0,0.01,0.01780186681316305,6,1e-12,1e-12,1
550,4336,15730.39957718782,0.3333333333333333,0.01,0.01780186681316305,6,1e-12,1.0318307166052647e-12,1
551,4342,15404.61155207984,0.3333333333333333,0.01,0.01780186681316305,6,1e-12,1e-12,1
552,4348,15364.333151957451,0.5,0.01,0.01780186681316305,6,1e-12,1e-12,1
553,4354,16072.805672486411,0.3333333333333333,0.01,0.01780186681316305,6,1e-12,1.018525423589297e-12,1
554,4360,17807.724894157516,0.0,0.01,0.019582053494479355,6,1e-12,1.0124088975540107e-12,1
555,4366,19361.248806093765,0.0,0.01,0.021540258843927292,6,1e-12,1e-12,1
556,4372,19865.30722212074,0.0,0.01,0.023694284728320022,6,1e-12,1e-12,1
557,4378,20143.601650485205,0.3333333333333333,0.01,0.023694284728320022,6,1e-12,1.0188328846111423e-12,1
558,4384,20839.016749689763,0.16666666666666666,0.01,0.026063713201152028,6,1e-12,1.0643341792565211e-12,1
559,4390,20809.996912018538,0.0,0.01,0.028670084521267233,6,1e-12,1.010172230550425e-12,1
560,4396,20652.779716109235,0.3333333333333333,0.01,0.028670084521267233,6,1e-12,1.0029630853934264e-12,1
561,4402,20126.592344449982,0.6666666666666666,0.011000000000000001,0.02580307606914051,6,1e-12,1e-12,1
562,4408,19066.806540629917,0.0,0.01,0.028383383676054565,6,1e-12,1e-12,1
563,4414,17964.96054147006,0.0,0.01,0.031221722043660024,6,1e-12,1e-12,1
564,4420,16913.239854948763,0.3333333333333333,0.01,0.031221722043660024,6,1e-12,1.0020134006378379e-12,1
565,4426,15862.65562787506,0.0,0.01,0.03434389424802603,6,1e-12,1.1591817502163684e-12,1
566,4432,15365.127099848798,0.16666666666666666,0.01,0.037778283672828636,6,1e-12,1.1196486463812597e-12,1
567,4438,15131.487882596219,0.0,0.01,0.041556112040111504,6,1e-12,1.097605029448376e-12,1
568,4444,15173.76912346465,0.5,0.01,0.041556112040111504,6,1e-12,1.1710598792570644e-12,1
569,4450,14958.54244478475,0.0,0.01,0.045711723244122655,6,1e-12,1.0964679484220408e-12,1
570,4456,14684.330673107226,0.16666666666666666,0.01,0.05028289556853492,6,1e-12,1.067317801482683e-12,1
571,4462,14053.188364102487,0.16666666666666666,0.01,0.05531118512538842,6,1e-12,1e-12,1
572,4468,13480.567715292964,0.16666666666666666,0.01,0.06084230363792727,6,1e-12,1e-12,1
573,4474,13349.368196293004,0.0,0.01,0.06692653400172,6,1e-12,1.0586258031570975e-12,1
574,4480,13127.073683860126,0.3333333333333333,0.01,0.06692653400172,6,1e-12,1e-12,1
575,4486,12305.83610793401,0.0,0.01,0.073619187401892,6,1e-12,1.016494262281776e-12,1
576,4492,11879.213063684849,0.16666666666666666,0.01,0.0809811061420812,6,1e-12,1.0155901134476654e-12,1
577,4498,11194.622929573536,0.5,0.01,0.0809811061420812,6,1e-12,1e-12,1
578,4504,10752.710960931516,0.0,0.01,0.08907921675628934,6,1e-12,1.0890227273063582e-12,1
579,4510,10453.174493501032,0.5,0.01,0.08907921675628934,6,1e-12,1e-12,1
580,4516,10410.411559505379,0.6666666666666666,0.011000000000000001,0.08017129508066041,6,1e-12,1.0123508304294232e-12,1
581,4522,10439.504110620082,0.5,0.011000000000000001,0.08017129508066041,6,1e-12,1.009243437402872e-12,1
582,4528,9879.000450510302,0.3333333333333333,0.011000000000000001,0.08017129508066041,6,1e-12,1e-12,1
583,4534,9223.258188180771,0.16666666666666666,0.01,0.08818842458872646,6,1e-12,1e-12,1
584,4540,8770.905587320607,0.3333333333333333,0.01,0.08818842458872646,6,1e-12,1.0047114721620238e-12,1
585,4546,8219.132981269557,0.5,0.01,0.08818842458872646,6,1e-12,1e-12,1
586,4552,7935.205812456636,0.3333333333333333,0.01,0.08818842458872646,6,1e-12,1e-12,1
587,4558,7584.662853468056,1.0,0.011000000000000001,0.07936958212985382,6,1e-12,1e-12,1
588,4564,6766.058146651941,0.3333333333333333,0.011000000000000001,0.07936958212985382,6,1e-12,1.0133345417810531e-12,1
589,4570,6530.428633034593,0.6666666666666666,0.012100000000000001,0.07143262391686844,6,1e-12,1.025960904345911e-12,1
590,4576,6280.406860600108,0.5,0.012100000000000001,0.07143262391686844,6,1e-12,1.0003065229129658e-12,1
591,4582,6191.651054446988,0.6666666666666666,0.013310000000000002,0.0642893615251816,6,1e-12,1e-12,1
592,4588,6318.716183798832,0.5,0.013310000000000002,0.0642893615251816,6,1e-12,1e-12,1
593,4594,6312.57443778263,0.5,0.013310000000000002,0.0642893615251816,6,1e-12,1.0411511520123567e-12,1
594,4600,6323.139120650167,0.5,0.013310000000000002,0.0642893615251816,6,1e-12,1.0466673626017284e-12,1
595,4606,6210.258569815018,0.3333333333333333,0.013310000000000002,0.0642893615251816,6,1e-12,1.024887171396874e-12,1
596,4612,5776.810318641442,0.6666666666666666,0.014641000000000003,0.057860425372663435,6,1e-12,1.0058949420258388e-12,1
597,4618,5762.381091964133,0.6666666666666666,0.016105100000000004,0.052074382835397094,6,1e-12,1.026264745479616e-12,1
598,4624,5973.3681381036085,0.6666666666666666,0.017715610000000007,0.04686694455185739,6,1e-12,1e-12,1
599,4630,6017.284583639009,0.6666666666666666,0.019487171000000008,0.04218025009667165,6,1e-12,1.0144123181301782e-12,1
600,4636,5833.1436478068845,0.3333333333333333,0.019487171000000008,0.04218025009667165,6,1e-12,1e-12,1
601,4642,5941.221154796661,0.5,0.019487171000000008,0.04218025009667165,6,1e-12,1.1928503144417252e-12,1
602,4648,5641.267577613188,0.6666666666666666,0.021435888100000012,0.03796222508700449,6,1e-12,1.188729343640934e-12,1
603,4654,5359.219044174963,1.0,0.023579476910000015,0.034166002578304044,6,1e-12,1.128032718887127e-12,1
604,4660,5160.489124958614,0.5,0.023579476910000015,0.034166002578304044,6,1e-12,1.051451758350683e-12,1
605,4666,4756.643540604626,0.8333333333333334,0.025937424601000018,0.03074940232047364,6,1e-12,1e-12,1
606,4672,4506.03523216425,0.5,0.025937424601000018,0.03074940232047364,6,1e-12,1.002079587129528e-12,1
607,4678,4581.621666554138,1.0,0.02853116706110002,0.027674462088426277,6,1e-12,1.0408070222743468e-12,1
608,4684,4586.887565667314,0.8333333333333334,0.031384283767210024,0.02490701587958365,6,1e-12,1.0158285742031992e-12,1
609,4690,4681.272686457169,0.8333333333333334,0.03452271214393103,0.022416314291625286,6,1e-12,1.0070507698024174e-12,1
610,4696,4709.595690727714,0.6666666666666666,0.03797498335832414,0.020174682862462757,6,1e-12,1.0060990835446287e-12,1
611,4702,4755.606793461044,0.8333333333333334,0.04177248169415655,0.018157214576216482,6,1e-12,1e-12,1
612,4708,4633.861201424943,1.0,0.04594972986357221,0.016341493118594834,6,1e-12,1e-12,1
613,4714,4432.922657023163,1.0,0.050544702849929436,0.014707343806735352,6,1e-12,1.0211041560095083e-12,1
614,4720,4122.946311028572,1.0,0.05559917313492239,0.013236609426061816,6,1e-12,1e-12,1
615,4726,3882.92315737025,1.0,0.06115909044841463,0.011912948483455634,6,1e-12,1.1517802842011025e-12,1
616,4732,3789.858316224829,1.0,0.0672749994932561,0.010721653635110072,6,1e-12,1.1211133998442077e-12,1
617,4738,3725.5321316363284,1.0,0.07400249944258172,0.01,6,1e-12,1.0921128986178084e-12,1
618,4744,3608.2895206057265,1.0,0.0814027493868399,0.01,6,1e-12,1.106942530502158e-12,1
619,4750,3519.739057418896,0.8333333333333334,0.0895430243255239,0.01,6,1e-12,1.1095312501106737e-12,1
620,4756,3381.9358511756673,1.0,0.09849732675807629,0.01,6,1e-12,1.1025605487319018e-12,1
621,4762,3296.6665171467325,1.0,0.10834705943388392,0.01,6,1e-12,1.0515537732729857e-12,1
622,4768,3237.2963948051733,1.0,0.11918176537727232,0.01,6,1e-12,1.3353887827481787e-12,1
623,4774,3258.768228019575,1.0,0.13109994191499957,0.01,6,1e-12,1.2491186335569506e-12,1
624,4780,3344.9461472628204,1.0,0.14420993610649954,0.01,6,1e-12,1.4137722403742372e-12,1
625,4786,3393.459415400332,1.0,0.1586309297171495,0.01,6,1e-12,1.3327312960052864e-12,1
626,4792,3400.6638431607585,1.0,0.17449402268886446,0.01,6,1e-12,1.2406222094138613e-12,1
627,4798,3342.34662163304,1.0,0.19194342495775094,0.01,6,1e-12,1.5881352011705114e-12,1
628,4804,3418.6971001205216,1.0,0.21113776745352605,0.01,6,1e-12,1.7282482713404737e-12,1
629,4810,3408.7569734023073,1.0,0.23225154419887867,0.01,6,1e-12,1.5491478376284833e-12,1
630,4816,3312.0920444210624,1.0,0.25547669861876654,0.01,6,1e-12,1.443350861521664e-12,1
631,4822,3132.7857762990852,0.8333333333333334,0.2810243684806432,0.01,6,1e-12,1.5858881559482788e-12,1
632,4828,3109.555998526231,0.8333333333333334,0.30912680532870757,0.01,6,1e-12,2.383082001272528e-12,1
633,4834,3169.2353715459185,1.0,0.34003948586157834,0.01,6,1e-12,2.1289784473009113e-12,1
634,4840,3179.3918848856983,1.0,0.3740434344477362,0.01,6,1e-12,1.8988011118557977e-12,1
635,4846,3082.3764335252686,1.0,0.41144777789250986,0.01,6,1e-12,2.4818521744066534e-12,1
636,4852,3100.2119310771177,1.0,0.4525925556817609,0.01,6,1e-12,1.9349588454004677e-12,1
637,4858,3062.134638038064,1.0,0.497851811249937,0.01,6,1e-12,2.959815125179113e-12,1
638,4864,3092.6581175057277,0.8333333333333334,0.5476369923749307,0.01,6,1e-12,4.763784509938168e-12,1
639,4870,2918.1878097823023,0.8333333333333334,0.6024006916124238,0.01,6,1e-12,5.20343834661171e-12,1
640,4876,2887.598517602787,0.8333333333333334,0.6626407607736663,0.01,6,1e-12,1.0136409099144354e-11,1
641,4882,2918.4140769846763,0.8333333333333334,0.728904836851033,0.01,6,1e-12,1.9881246158054352e-11,1
642,4888,2908.0085233745876,0.6666666666666666,0.8017953205361363,0.01,6,1e-12,3.637624311900232e-11,1
643,4894,2833.3679241410573,1.0,0.8819748525897501,0.01,6,1e-12,2.6760784084536834e-11,1
644,4900,2801.2189005003825,0.6666666666666666,0.9,0.01,6,1e-12,3.4667067788150685e-11,1
645,4906,2921.6852743700847,1.0,0.9,0.01,6,1e-12,2.0326145977153828e-11,1
646,4912,3114.5331784145587,0.5,0.9,0.01,6,1e-12,2.9934367231414014e-11,1
647,4918,3365.625079160179,0.6666666666666666,0.9,0.01,6,1e-12,4.21352278349094e-11,1
648,4924,3641.432908309267,1.0,0.9,0.01,6,1e-12,4.8962035532765225e-11,1
649,4930,3883.8778787326755,1.0,0.9,0.01,6,1e-12,3.2285189380220374e-11,1
650,4936,4068.7388003991273,0.8333333333333334,0.9,0.01,6,1e-12,2.0791886804951943e-11,1
651,4942,3953.1707106885033,0.16666666666666666,0.81,0.011000000000000001,6,1e-12,1.3422612427848912e-11,1
652,4948,3899.6519345039565,1.0,0.8910000000000001,0.01,6,1e-12,7.871745900047992e-12,1
653,4954,4171.1757105653505,0.8333333333333334,0.9,0.01,6,1e-12,7.23217653384375e-12,1
654,4960,4168.416151254972,0.6666666666666666,0.9,0.01,6,1e-12,5.457038992171006e-12,1
655,4966,4016.9528793355403,1.0,0.9,0.01,6,1e-12,4.816270908840237e-12,1
656,4972,3923.144293382438,0.8333333333333334,0.9,0.01,6,1e-12,2.963797285996177e-12,1
657,4978,3910.1773545779542,1.0,0.9,0.01,6,1e-12,3.854622762678295e-12,1
658,4984,3978.0594947944896,1.0,0.9,0.01,6,1e-12,6.787449373942655e-12,1
659,4990,4210.828217663566,0.8333333333333334,0.9,0.01,6,1e-12,5.499311421738577e-12,1
660,4996,4388.784163526883,0.5,0.9,0.01,6,1e-12,1.4329170769467814e-11,1
661,5002,4299.4293919477705,0.8333333333333334,0.9,0.01,6,1e-12,8.94864547240311e-12,1
662,5007,4226.178162793613,0.6,0.017034483771853896,0.01,5,1e-12,8.73082039937695e-12,1
663,5012,4479.378690423363,0.6,0.018737932149039287,0.01,5,1e-12,8.75008688986664e-12,1
664,5017,4744.112757381208,1.0,0.020611725363943217,0.01,5,1e-12,8.696544261422154e-12,1
665,5022,4727.113750177671,0.8,0.02267289790033754,0.01,5,1e-12,8.481289769089305e-12,1
666,5027,4781.081972847477,0.4,0.02267289790033754,0.01,5,1e-12,8.183163303279372e-12,1
667,5032,4864.5898912267885,0.6,0.024940187690371297,0.01,5,1e-12,8.155370575620238e-12,1
668,5037,4875.66103336733,1.0,0.02743420645940843,0.01,5,1e-12,8.21991276031636e-12,1
669,5042,5038.608578571278,0.8,0.030177627105349276,0.01,5,1e-12,8.272569153242014e-12,1
670,5047,5340.235067243196,1.0,0.033195389815884206,0.01,5,1e-12,8.15231507801093e-12,1
671,5052,5758.321127366474,0.8,0.03651492879747263,0.01,5,1e-12,8.003056529514158e-12,1
672,5057,5712.0198349081575,0.6,0.0401664216772199,0.01,5,1e-12,7.754194457231557e-12,1
673,5062,5798.757098008605,0.6,0.044183063844941896,0.01,5,1e-12,7.595047967709175e-12,1
674,5067,5838.916940559097,0.4,0.044183063844941896,0.01,5,1e-12,7.378062024243512e-12,1
675,5072,6091.061849677323,0.2,0.044183063844941896,0.01,5,1e-12,7.397082083577769e-12,1
676,5077,6242.929444166109,0.8,0.048601370229436086,0.01,5,1e-12,7.179702655949409e-12,1
677,5082,6393.274302309437,0.8,0.0534615072523797,0.01,5,1e-12,7.060179113798497e-12,1
678,5087,6634.152551551127,0.2,0.0534615072523797,0.01,5,1e-12,6.792775175322475e-12,1
679,5092,6740.428912470601,0.0,0.04811535652714173,0.011000000000000001,5,1e-12,6.743984958995904e-12,1
680,5097,6976.457163453954,0.4,0.04811535652714173,0.011000000000000001,5,1e-12,6.651389809639663e-12,1
681,5102,7115.007871456352,0.8,0.05292689217985591,0.01,5,1e-12,6.6072567050737336e-12,1
682,5107,7182.408636389655,0.4,0.05292689217985591,0.01,5,1e-12,6.503685646925512e-12,1
683,5112,6934.182607113456,0.2,0.05292689217985591,0.01,5,1e-12,6.577944749954424e-12,1
684,5117,6826.245707251925,0.4,0.05292689217985591,0.01,5,1e-12,6.368310160205672e-12,1
685,5122,6591.16136185502,0.6,0.05821958139784151,0.01,5,1e-12,6.171445338486224e-12,1
686,5127,6309.717075586283,0.8,0.06404153953762566,0.01,5,1e-12,5.93729945677892e-12,1
687,5132,6212.823090645585,0.4,0.06404153953762566,0.01,5,1e-12,5.879090872234721e-12,1
688,5137,6134.493824093153,0.6,0.07044569349138824,0.01,5,1e-12,5.639469402862336e-12,1
689,5142,6134.462366276329,0.4,0.07044569349138824,0.01,5,1e-12,6.7961317116179026e-12,1
690,5147,6355.237709257371,1.0,0.07749026284052707,0.01,5,1e-12,7.238002038170112e-12,1
691,5152,6601.163384312179,1.0,0.08523928912457979,0.01,5,1e-12,6.9363842567525944e-12,1
692,5157,6794.801816762442,0.8,0.09376321803703777,0.01,5,1e-12,6.6423588741615924e-12,1
693,5162,6889.292277552817,0.6,0.10313953984074156,0.01,5,1e-12,6.553149121129044e-12,1
694,5167,7243.54208061221,0.4,0.10313953984074156,0.01,5,1e-12,6.965208200920891e-12,1
695,5172,7811.800528727083,0.8,0.11345349382481573,0.01,5,1e-12,6.71541755228417e-12,1
696,5177,8290.071057282776,0.8,0.12479884320729731,0.01,5,1e-12,6.2814130627967544e-12,1
697,5182,8562.005897011393,0.4,0.12479884320729731,0.01,5,1e-12,6.6521548067380865e-12,1
698,5187,8988.379344096966,0.6,0.13727872752802706,0.01,5,1e-12,6.145084846202806e-12,1
699,5192,9274.249228973518,0.0,0.12355085477522436,0.011000000000000001,5,1e-12,5.9051986303923286e-12,1
700,5197,9190.650848207695,0.4,0.12355085477522436,0.011000000000000001,5,1e-12,5.442785155962686e-12,1
701,5202,8741.552729082963,0.6,0.1359059402527468,0.01,5,1e-12,4.667206874611725e-12,1
702,5207,8272.524377036629,0.4,0.1359059402527468,0.01,5,1e-12,4.09218655764899e-12,1
703,5212,8194.935014954677,0.2,0.1359059402527468,0.01,5,1e-12,3.852621593213237e-12,1
704,5217,8418.122488670198,0.2,0.1359059402527468,0.01,5,1e-12,4.026959625195086e-12,1
705,5222,8825.776014730427,0.8,0.14949653427802148,0.01,5,1e-12,3.8194233161997945e-12,1
706,5227,9212.43674982192,0.4,0.14949653427802148,0.01,5,1e-12,3.55717249853447e-12,1
707,5232,9141.768914008788,0.2,0.14949653427802148,0.01,5,1e-12,3.414488279173724e-12,1
708,5237,9249.302051946828,0.2,0.14949653427802148,0.01,5,1e-12,3.2141288204375075e-12,1
709,5242,9450.999064694304,0.4,0.14949653427802148,0.01,5,1e-12,2.913023529162382e-12,1
710,5247,9639.115256187664,0.0,0.13454688085021935,0.011000000000000001,5,1e-12,2.8280073203748033e-12,1
711,5252,9710.428455459765,0.0,0.12109219276519742,0.012100000000000001,5,1e-12,2.923174289138371e-12,1
712,5257,9897.415427606553,0.8,0.13320141204171718,0.010890000000000002,5,1e-12,3.1029876616560615e-12,1
713,5262,10007.38603053474,0.2,0.13320141204171718,0.010890000000000002,5,1e-12,2.9731928771353258e-12,1
714,5267,9894.259702284198,0.2,0.13320141204171718,0.010890000000000002,5,1e-12,2.766900433749363e-12,1
715,5272,9924.02795397417,0.0,0.11988127083754546,0.011979000000000004,5,1e-12,2.4858073134892603e-12,1
716,5277,10166.38357629595,0.2,0.11988127083754546,0.011979000000000004,5,1e-12,2.420790076585358e-12,1
717,5282,10117.248973945052,0.4,0.11988127083754546,0.011979000000000004,5,1e-12,3.216838333880187e-12,1
718,5287,10057.721309938726,0.6,0.1318693979213,0.010781100000000004,5,1e-12,3.007897373946466e-12,1
719,5292,10093.122058916379,0.6,0.14505633771343002,0.01,5,1e-12,2.764854704480787e-12,1
720,5297,10170.788285940076,0.0,0.130550703942087,0.011000000000000001,5,1e-12,2.565882809055008e-12,1
721,5302,10446.672906244692,0.2,0.130550703942087,0.011000000000000001,5,1e-12,2.7864671393403338e-12,1
722,5307,10645.33655618282,0.4,0.130550703942087,0.011000000000000001,5,1e-12,2.811466020874857e-12,1
723,5312,10589.842626936936,0.6,0.14360577433629573,0.01,5,1e-12,2.7057856197178187e-12,1
724,5317,10682.722482884234,0.0,0.12924519690266617,0.011000000000000001,5,1e-12,3.4399314186424706e-12,1
725,5322,11026.616032981865,0.8,0.1421697165929328,0.01,5,1e-12,3.388311015728944e-12,1
726,5327,11470.831980120602,0.2,0.1421697165929328,0.01,5,1e-12,3.1589031848286622e-12,1
727,5332,11773.936361318367,0.0,0.1279527449336395,0.011000000000000001,5,1e-12,2.9231451494631365e-12,1
728,5337,12079.177588147964,0.4,0.1279527449336395,0.011000000000000001,5,1e-12,2.7940948506865747e-12,1
729,5342,12163.174409607882,0.0,0.11515747044027556,0.012100000000000001,5,1e-12,2.5635199283152938e-12,1
730,5347,12453.628590763588,0.4,0.11515747044027556,0.012100000000000001,5,1e-12,2.4164396391353493e-12,1
731,5352,12844.568733391634,0.0,0.10364172339624801,0.013310000000000002,5,1e-12,2.2896109627026933e-12,1
732,5357,13798.45416212135,0.6,0.11400589573587282,0.011979000000000002,5,1e-12,2.1983448091064653e-12,1
733,5362,13963.39679384254,0.8,0.1254064853094601,0.010781100000000002,5,1e-12,2.131422898276385e-12,1
734,5367,14099.515307279757,0.2,0.1254064853094601,0.010781100000000002,5,1e-12,2.0158412222636905e-12,1
735,5372,14797.913998755157,0.0,0.1128658367785141,0.011859210000000004,5,1e-12,1.9623809800004535e-12,1
736,5377,15372.834534276128,0.8,0.12415242045636551,0.010673289000000004,5,1e-12,1.8155798889805034e-12,1
737,5382,14909.192770273523,0.0,0.11173717841072897,0.011740617900000005,5,1e-12,1.7733522203955193e-12,1
738,5387,14775.222451330057,0.0,0.10056346056965608,0.012914679690000007,5,1e-12,1.96983553118276e-12,1
739,5392,15119.294979748083,0.0,0.09050711451269047,0.014206147659000008,5,1e-12,1.9224271557599885e-12,1
740,5397,15780.6732958706,0.8,0.09955782596395953,0.012785532893100008,5,1e-12,1.7989618162964943e-12,1
741,5402,16331.240104606459,0.4,0.09955782596395953,0.012785532893100008,5,1e-12,1.9562551349744936e-12,1
742,5407,16526.55700084343,0.0,0.08960204336756357,0.014064086182410009,5,1e-12,1.9352917626661794e-12,1
743,5412,16134.332599824775,0.0,0.08064183903080721,0.01547049480065101,5,1e-12,1.8469752106466165e-12,1
744,5417,15585.327670908675,0.6,0.08870602293388793,0.01392344532058591,5,1e-12,1.7914593814705854e-12,1
745,5422,15407.03508633002,0.2,0.08870602293388793,0.01392344532058591,5,1e-12,1.818087955780353e-12,1
746,5427,15155.097374433139,0.0,0.07983542064049914,0.015315789852644502,5,1e-12,1.7227655292058513e-12,1
747,5432,14948.667127644538,0.2,0.07983542064049914,0.015315789852644502,5,1e-12,1.7766854540177652e-12,1
748,5437,14697.573455630003,0.6,0.08781896270454907,0.013784210867380051,5,1e-12,1.74146122761929e-12,1
749,5442,14899.876866546121,0.0,0.07903706643409417,0.015162631954118058,5,1e-12,1.7750690035627461e-12,1
750,5447,15075.120297062811,0.2,0.07903706643409417,0.015162631954118058,5,1e-12,1.686808206799381e-12,1
751,5452,15308.224642242354,0.0,0.07113335979068475,0.016678895149529867,5,1e-12,1.642937144332357e-12,1
752,5457,15364.60918634324,0.0,0.06402002381161627,0.018346784664482856,5,1e-12,1.556562120348403e-12,1
753,5462,14856.390132265324,0.0,0.05761802143045464,0.02018146313093114,5,1e-12,1.505676088278718e-12,1
754,5467,14664.56602866809,0.4,0.05761802143045464,0.02018146313093114,5,1e-12,1.4255326458634788e-12,1
755,5472,14415.735094807766,0.0,0.05185621928740918,0.022199609444024257,5,1e-12,1.4088944985026404e-12,1
756,5477,14218.648530063905,0.0,0.04667059735866826,0.024419570388426685,5,1e-12,1.3433272216694537e-12,1
757,5482,13803.090523318962,0.0,0.042003537622801436,0.026861527427269355,5,1e-12,1.250774477289786e-12,1
758,5487,13410.934006862124,0.2,0.042003537622801436,0.026861527427269355,5,1e-12,1.1595851723403318e-12,1
759,5492,13844.152491170387,0.2,0.042003537622801436,0.026861527427269355,5,1e-12,1.08886646954374e-12,1
760,5497,13628.948082683823,0.2,0.042003537622801436,0.026861527427269355,5,1e-12,1.0397429546308673e-12,1
761,5502,13469.077518155329,0.2,0.042003537622801436,0.026861527427269355,5,1e-12,1.00385576569917e-12,1
762,5507,13436.263604261383,0.6,0.04620389138508158,0.02417537468454242,5,1e-12,1.0008841407158771e-12,1
763,5512,13376.856596927491,0.0,0.04158350224657342,0.026592912152996664,5,1e-12,1.0298627320582768e-12,1
764,5517,13019.980409783975,0.6,0.04574185247123077,0.023933620937697,5,1e-12,1.008777962459145e-12,1
765,5522,12770.177512001239,0.2,0.04574185247123077,0.023933620937697,5,1e-12,1.0022857184127156e-12,1
766,5527,13070.77316445333,0.0,0.041167667224107696,0.026326983031466702,5,1e-12,1.037691063921635e-12,1
767,5532,13081.119136686972,0.0,0.037050900501696925,0.028959681334613376,5,1e-12,1.0297138538980202e-12,1
768,5537,13309.039775065183,0.4,0.037050900501696925,0.028959681334613376,5,1e-12,1.048479653444093e-12,1
769,5542,13145.529075410059,0.4,0.037050900501696925,0.028959681334613376,5,1e-12,1e-12,1
770,5547,13099.562228855995,0.2,0.037050900501696925,0.028959681334613376,5,1e-12,1.0563770852741011e-12,1
771,5552,12830.500336227422,0.0,0.033345810451527236,0.03185564946807472,5,1e-12,1.0003035868248388e-12,1
772,5557,13492.508700222945,0.0,0.030011229406374514,0.03504121441488219,5,1e-12,1.137348382153579e-12,1
773,5562,13399.028195979763,0.8,0.03301235234701197,0.03153709297339397,5,1e-12,1.1468777813031532e-12,1
774,5567,13373.644318607348,0.6,0.03631358758171317,0.028383383676054575,5,1e-12,1.0903830443583556e-12,1
775,5572,13312.108444787082,0.2,0.03631358758171317,0.028383383676054575,5,1e-12,1e-12,1
776,5577,12535.883511916532,0.4,0.03631358758171317,0.028383383676054575,5,1e-12,1.0439412474602787e-12,1
777,5582,12073.754111531023,0.0,0.03268222882354185,0.031221722043660034,5,1e-12,1.045396222187736e-12,1
778,5587,11923.853840591722,0.4,0.03268222882354185,0.031221722043660034,5,1e-12,1.1183530378942516e-12,1
779,5592,12070.949976255277,0.6,0.035950451705896044,0.02809954983929403,5,1e-12,1.1078538117136505e-12,1
780,5597,12109.1553816519,0.4,0.035950451705896044,0.02809954983929403,5,1e-12,1.0548082901784888e-12,1
781,5602,11723.81172217058,0.4,0.035950451705896044,0.02809954983929403,5,1e-12,1e-12,1
782,5607,11520.863916520022,0.0,0.03235540653530644,0.030909504823223438,5,1e-12,1.0395021640505876e-12,1
783,5612,11591.429435809583,0.8,0.03559094718883709,0.027818554340901094,5,1e-12,1.0528242412554965e-12,1
784,5617,11566.79124560321,0.0,0.03203185246995338,0.030600409774991205,5,1e-12,1.0217258560192049e-12,1
785,5622,11409.082537255143,0.2,0.03203185246995338,0.030600409774991205,5,1e-12,1.0209966086755458e-12,1
786,5627,11488.076373243679,0.6,0.03523503771694872,0.027540368797492085,5,1e-12,1e-12,1
787,5632,11855.352760470207,0.6,0.03875854148864359,0.024786331917742876,5,1e-12,1e-12,1
788,5637,11870.148636892289,0.0,0.034882687339779235,0.027264965109517165,5,1e-12,1.0081235198567058e-12,1
789,5642,11943.961139438341,0.2,0.034882687339779235,0.027264965109517165,5,1e-12,1.0474413677728982e-12,1
790,5647,12360.073097442926,1.0,0.038370956073757165,0.024538468598565448,5,1e-12,1.040583296210376e-12,1
791,5652,11860.312107255055,0.0,0.03453386046638145,0.026992315458421994,5,1e-12,1.017193273616605e-12,1
792,5657,11540.383031520341,0.0,0.031080474419743303,0.029691547004264195,5,1e-12,1.0075943985225775e-12,1
793,5662,11170.807563750954,0.2,0.031080474419743303,0.029691547004264195,5,1e-12,1e-12,1
794,5667,11018.254568158594,0.8,0.034188521861717634,0.026722392303837775,5,1e-12,1e-12,1
795,5672,11133.244672543991,0.4,0.034188521861717634,0.026722392303837775,5,1e-12,1.0112366036455444e-12,1
796,5677,10835.847899926774,0.2,0.034188521861717634,0.026722392303837775,5,1e-12,1e-12,1
797,5682,10826.84550822027,1.0,0.0376073740478894,0.024050153073453998,5,1e-12,1.0207429859561975e-12,1
798,5687,11026.042276058875,0.4,0.0376073740478894,0.024050153073453998,5,1e-12,1e-12,1
799,5692,11060.67417021859,0.0,0.03384663664310046,0.0264551683807994,5,1e-12,1.0170856269224816e-12,1
800,5697,10836.720567097098,0.2,0.03384663664310046,0.0264551683807994,5,1e-12,1.0011966990068795e-12,1
801,5702,10228.065999459133,0.2,0.03384663664310046,0.0264551683807994,5,1e-12,1e-12,1
802,5707,10092.810963548942,0.4,0.03384663664310046,0.0264551683807994,5,1e-12,1.0410501413644355e-12,1
803,5712,9779.763816386549,0.4,0.03384663664310046,0.0264551683807994,5,1e-12,1.0143701567771192e-12,1
804,5717,9867.899369345289,0.4,0.03384663664310046,0.0264551683807994,5,1e-12,1.0334903805655217e-12,1
805,5722,10060.536587593082,0.0,0.030461972978790417,0.029100685218879343,5,1e-12,1e-12,1
806,5727,10368.764262408273,0.2,0.030461972978790417,0.029100685218879343,5,1e-12,1.0087521445760906e-12,1
807,5732,10142.12908483711,0.6,0.03350817027666946,0.02619061669699141,5,1e-12,1e-12,1
808,5737,10117.25615632668,0.0,0.030157353249002518,0.02880967836669055,5,1e-12,1e-12,1
809,5742,9591.339326722242,0.4,0.030157353249002518,0.02880967836669055,5,1e-12,1e-12,1
810,5747,9037.975147285577,0.2,0.030157353249002518,0.02880967836669055,5,1e-12,1e-12,1
811,5752,8590.483132158062,1.0,0.03317308857390277,0.025928710530021496,5,1e-12,1.0173878536157306e-12,1
812,5757,8402.819204310892,0.4,0.03317308857390277,0.025928710530021496,5,1e-12,1.0332832153941134e-12,1
813,5762,8150.776044363768,0.6,0.03649039743129305,0.023335839477019348,5,1e-12,1.0075953599917475e-12,1
814,5767,7893.290949046304,0.4,0.03649039743129305,0.023335839477019348,5,1e-12,1.0673689204961154e-12,1
815,5772,7699.688483848515,0.0,0.03284135768816375,0.025669423424721286,5,1e-12,1.1077178072431578e-12,1
816,5777,7596.34995025319,0.4,0.03284135768816375,0.025669423424721286,5,1e-12,1.0145298148540345e-12,1
817,5782,7325.700428510585,0.4,0.03284135768816375,0.025669423424721286,5,1e-12,1e-12,1
818,5787,7347.546542104579,1.0,0.03612549345698013,0.023102481082249157,5,1e-12,1.0904067896410885e-12,1
819,5792,7114.0372390843895,0.6,0.03973804280267815,0.02079223297402424,5,1e-12,1.057375721274792e-12,1
820,5797,6687.836740562641,1.0,0.04371184708294597,0.018713009676621817,5,1e-12,1.037332721534329e-12,1
821,5802,6223.246497705577,0.4,0.04371184708294597,0.018713009676621817,5,1e-12,1.0637247688115896e-12,1
822,5807,5877.40061680275,1.0,0.04808303179124057,0.016841708708959634,5,1e-12,1.0655676276589958e-12,1
823,5812,5515.652887277405,1.0,0.052891334970364634,0.015157537838063671,5,1e-12,1.0269778786043946e-12,1
824,5817,5361.873799511258,0.4,0.052891334970364634,0.015157537838063671,5,1e-12,1.0355604999178185e-12,1
825,5822,5397.977656912611,0.4,0.052891334970364634,0.015157537838063671,5,1e-12,1.0643975262601422e-12,1
826,5827,5346.082942884657,0.8,0.0581804684674011,0.013641784054257304,5,1e-12,1.0273269123031394e-12,1
827,5832,5435.164452259408,1.0,0.06399851531414122,0.012277605648831574,5,1e-12,1.063551955566565e-12,1
828,5837,5379.746289645059,0.8,0.07039836684555535,0.011049845083948417,5,1e-12,1.0504856047718733e-12,1
829,5842,5278.221844987401,0.6,0.0774382035301109,0.01,5,1e-12,1.043928159458653e-12,1
830,5847,5349.479814027788,0.4,0.0774382035301109,0.01,5,1e-12,1.1346950868437136e-12,1
831,5852,5167.640528167826,0.8,0.08518202388312199,0.01,5,1e-12,1.0781373006601002e-12,1
832,5857,4988.190591661877,0.8,0.09370022627143419,0.01,5,1e-12,1.0611172612255496e-12,1
833,5862,4810.096554597459,1.0,0.10307024889857762,0.01,5,1e-12,1.229799659381295e-12,1
834,5867,4651.152773672636,1.0,0.11337727378843539,0.01,5,1e-12,1.1418947322019264e-12,1
835,5872,4296.516930577382,1.0,0.12471500116727893,0.01,5,1e-12,1.17036062668088e-12,1
836,5877,4152.773182246363,1.0,0.13718650128400683,0.01,5,1e-12,1.2243864672702789e-12,1
837,5882,4047.2667099521427,0.8,0.15090515141240754,0.01,5,1e-12,1.4828882192898865e-12,1
838,5887,3978.6345648654496,1.0,0.1659956665536483,0.01,5,1e-12,1.377506354743786e-12,1
839,5892,3987.989371144424,1.0,0.18259523320901316,0.01,5,1e-12,1.2574474452946778e-12,1
840,5897,3833.9478925880667,0.8,0.2008547565299145,0.01,5,1e-12,1.5064528706790815e-12,1
841,5902,3780.6622617985904,1.0,0.22094023218290595,0.01,5,1e-12,1.356647186385485e-12,1
842,5907,3504.9998948111206,1.0,0.24303425540119658,0.01,5,1e-12,1.2170355999422094e-12,1
843,5912,3397.0414420968305,1.0,0.26733768094131627,0.01,5,1e-12,1.2713017114850246e-12,1
844,5917,3358.5877991537845,0.8,0.2940714490354479,0.01,5,1e-12,1.8150213293877917e-12,1
845,5922,3371.72649145414,1.0,0.3234785939389927,0.01,5,1e-12,1.7903981336762624e-12,1
846,5927,3389.808277066947,1.0,0.355826453332892,0.01,5,1e-12,1.6944542598330313e-12,1
847,5932,3366.5033449037946,0.8,0.39140909866618123,0.01,5,1e-12,2.187412037840632e-12,1
848,5937,3290.010371510379,0.8,0.4305500085327994,0.01,5,1e-12,1.8441677021889013e-12,1
849,5942,3112.5571638571914,1.0,0.47360500938607936,0.01,5,1e-12,2.188996429003433e-12,1
850,5947,3032.554203643017,1.0,0.5209655103246873,0.01,5,1e-12,2.581157672365816e-12,1
851,5952,2964.3753335052984,1.0,0.5730620613571561,0.01,5,1e-12,3.0122913075687937e-12,1
852,5957,2921.703916528683,1.0,0.6303682674928718,0.01,5,1e-12,2.1428690048333863e-12,1
853,5962,2950.542821177685,1.0,0.693405094242159,0.01,5,1e-12,3.087636071953941e-12,1
854,5967,2964.660951131549,1.0,0.762745603666375,0.01,5,1e-12,2.9260221740881765e-12,1
855,5972,2900.981811667066,0.6,0.8390201640330126,0.01,5,1e-12,7.447802077285491e-12,1
856,5977,2892.0421020416907,1.0,0.9,0.01,5,1e-12,1.7464800045562884e-11,1
857,5982,2731.3009700909042,0.8,0.9,0.01,5,1e-12,1.1447404053389447e-11,1
858,5987,2670.610203903927,1.0,0.9,0.01,5,1e-12,1.315197615690689e-11,1
859,5992,2606.563057997373,0.8,0.9,0.01,5,1e-12,1.2451116404636575e-11,1
860,5997,2513.6755808293537,0.8,0.9,0.01,5,1e-12,9.939165552205346e-12,1
861,6002,2427.990094101383,0.8,0.9,0.01,5,1e-12,6.591846735118542e-12,1
862,6007,2424.905468092853,1.0,0.9,0.01,5,1e-12,4.744745119072116e-12,1
863,6012,2554.665387788662,0.8,0.9,0.01,5,1e-12,7.268917038997115e-12,1
864,6017,2646.7246531004,1.0,0.9,0.01,5,1e-12,9.619201529730993e-12,1
865,6022,2793.575250312966,0.4,0.9,0.01,5,1e-12,2.0312996637183194e-11,1
866,6027,2949.8066205687837,0.6,0.9,0.01,5,1e-12,1.3597281977713383e-11,1
867,6032,3254.418376489259,1.0,0.9,0.01,5,1e-12,7.777446512837209e-12,1
868,6037,3538.1925039327552,1.0,0.9,0.01,5,1e-12,4.522504961156837e-12,1
869,6042,3838.8651673323047,1.0,0.9,0.01,5,1e-12,2.4413957186224024e-12,1
870,6047,4189.8956844523955,1.0,0.9,0.01,5,1e-12,3.2792760869977914e-12,1
871,6052,4338.979369919376,0.8,0.9,0.01,5,1e-12,2.5943205555833808e-12,1
872,6057,4458.031741293176,0.4,0.9,0.01,5,1e-12,3.1025566665782167e-12,1
873,6062,4583.964599577031,1.0,0.9,0.01,5,1e-12,2.209514500377123e-12,1
874,6067,4690.278622965799,0.8,0.9,0.01,5,1e-12,2.626637716630503e-12,1
875,6072,4846.443204509975,0.6,0.9,0.01,5,1e-12,1.665291005509587e-12,1
876,6077,5030.704791444975,1.0,0.9,0.01,5,1e-12,1.250782796326342e-12,1
877,6082,5196.316743088499,1.0,0.9,0.01,5,1e-12,2.120097009846329e-12,1
878,6087,5123.150873311234,0.6,0.9,0.01,5,1e-12,1.7858319139985637e-12,1
879,6092,5048.463072850365,0.8,0.9,0.01,5,1e-12,4.592805653298886e-12,1
880,6097,4813.561743491013,0.6,0.9,0.01,5,1e-12,5.2333999451035406e-12,1
881,6102,4603.806235965831,0.6,0.9,0.01,5,1e-12,7.287215507252093e-12,1
882,6107,4583.187030222739,0.8,0.9,0.01,5,1e-12,5.890211035376493e-12,1
883,6112,4696.6558781312715,0.8,0.9,0.01,5,1e-12,8.54098727193362e-12,1
884,6116,4853.893518401316,0.75,0.017034483771853896,0.01,4,1e-12,8.527059819693084e-12,1
885,6120,5056.221875025072,1.0,0.018737932149039287,0.01,4,1e-12,8.432003424893666e-12,1
886,6124,5066.468519510814,1.0,0.020611725363943217,0.01,4,1e-12,8.280392445515259e-12,1
887,6128,4984.887144357785,0.5,0.020611725363943217,0.01,4,1e-12,8.086937169176106e-12,1
888,6132,4910.386172570712,0.5,0.020611725363943217,0.01,4,1e-12,7.8949709023544e-12,1
889,6136,4932.497889053379,0.25,0.020611725363943217,0.01,4,1e-12,8.021416922194576e-12,1
890,6140,5146.096184711913,0.5,0.020611725363943217,0.01,4,1e-12,7.679463724653123e-12,1
891,6144,5126.997165517386,0.75,0.02267289790033754,0.01,4,1e-12,7.531707816551807e-12,1
892,6148,5168.57023492861,0.75,0.024940187690371297,0.01,4,1e-12,6.908848082349825e-12,1
893,6152,5276.011505514563,1.0,0.02743420645940843,0.01,4,1e-12,6.753275605304657e-12,1
894,6156,5376.379690173884,0.5,0.02743420645940843,0.01,4,1e-12,6.527227502824783e-12,1
895,6160,5616.2109265313775,0.25,0.02743420645940843,0.01,4,1e-12,6.643431800754027e-12,1
896,6164,5714.912269122441,0.75,0.030177627105349276,0.01,4,1e-12,6.3993563908849e-12,1
897,6168,5800.002922217234,0.5,0.030177627105349276,0.01,4,1e-12,6.3365041441690915e-12,1
898,6172,5854.876681068838,0.75,0.033195389815884206,0.01,4,1e-12,6.281775924034967e-12,1
899,6176,5650.1670200389235,0.75,0.03651492879747263,0.01,4,1e-12,6.0338551873035765e-12,1
900,6180,5483.899738023519,0.75,0.0401664216772199,0.01,4,1e-12,5.914617751374478e-12,1
901,6184,5405.683123554278,0.75,0.044183063844941896,0.01,4,1e-12,5.644156083596015e-12,1
902,6188,5379.432622552842,0.5,0.044183063844941896,0.01,4,1e-12,5.424114486709609e-12,1
903,6192,5356.75708567769,0.75,0.048601370229436086,0.01,4,1e-12,5.272460496782287e-12,1
904,6196,5447.057598802312,1.0,0.0534615072523797,0.01,4,1e-12,5.163577375526987e-12,1
905,6200,5633.4532244504235,1.0,0.058807657977617674,0.01,4,1e-12,5.0096871411560856e-12,1
906,6204,5962.5737015515715,0.5,0.058807657977617674,0.01,4,1e-12,4.915694593394394e-12,1
907,6208,6045.6106272684965,0.75,0.06468842377537945,0.01,4,1e-12,4.851672027456479e-12,1
908,6212,6193.4141302821145,0.5,0.06468842377537945,0.01,4,1e-12,4.805249636234653e-12,1
909,6216,6111.1418517518,0.5,0.06468842377537945,0.01,4,1e-12,5.292217930906671e-12,1
910,6220,6053.828987149894,0.75,0.0711572661529174,0.01,4,1e-12,5.51587560128301e-12,1
911,6224,6034.638784798968,0.5,0.0711572661529174,0.01,4,1e-12,5.757271310698065e-12,1
912,6228,6128.747180387733,1.0,0.07827299276820915,0.01,4,1e-12,5.604364008310491e-12,1
913,6232,6386.268033192389,0.75,0.08610029204503007,0.01,4,1e-12,5.433188432721503e-12,1
914,6236,6595.816996124071,1.0,0.09471032124953309,0.01,4,1e-12,5.42959862256532e-12,1
915,6240,6844.035843520626,0.5,0.09471032124953309,0.01,4,1e-12,5.251505827221628e-12,1
916,6244,6805.612902620068,0.5,0.09471032124953309,0.01,4,1e-12,5.0644098248528145e-12,1
917,6248,6752.656311256569,0.5,0.09471032124953309,0.01,4,1e-12,4.918468418113693e-12,1
918,6252,6578.344455560584,0.75,0.1041813533744864,0.01,4,1e-12,4.665593099096833e-12,1
919,6256,6475.096004800373,0.75,0.11459948871193505,0.01,4,1e-12,4.361450779299248e-12,1
920,6260,6691.355045176706,0.75,0.12605943758312857,0.01,4,1e-12,4.101586285637853e-12,1
921,6264,6770.291854262463,0.75,0.13866538134144143,0.01,4,1e-12,4.217027694641661e-12,1
922,6268,6799.159859396146,0.5,0.13866538134144143,0.01,4,1e-12,3.926108208284962e-12,1
923,6272,6655.686012873481,0.5,0.13866538134144143,0.01,4,1e-12,3.5848514279938744e-12,1
924,6276,6574.672695154094,0.5,0.13866538134144143,0.01,4,1e-12,3.3174965353204675e-12,1
925,6280,6483.292825896009,1.0,0.1525319194755856,0.01,4,1e-12,3.0952608373711545e-12,1
926,6284,6427.695727463731,0.25,0.1525319194755856,0.01,4,1e-12,3.139377810377962e-12,1
927,6288,6413.207276655961,0.5,0.1525319194755856,0.01,4,1e-12,2.861980569029139e-12,1
928,6292,6849.552750315095,0.75,0.16778511142314415,0.01,4,1e-12,3.1242385426491335e-12,1
929,6296,7165.479737876521,0.25,0.16778511142314415,0.01,4,1e-12,2.9064372744965297e-12,1
930,6300,7684.389746365675,0.75,0.18456362256545858,0.01,4,1e-12,2.7327155294004954e-12,1
931,6304,8280.48048699458,0.0,0.16610726030891274,0.011000000000000001,4,1e-12,2.4680235267792197e-12,1
932,6308,8500.180331521802,0.0,0.14949653427802145,0.012100000000000001,4,1e-12,2.943355348932066e-12,1
933,6312,8650.884584835252,0.75,0.16444618770582362,0.010890000000000002,4,1.026862406920879e-12,2.657685085040466e-12,1
934,6316,8569.540821618308,0.25,0.16444618770582362,0.010890000000000002,4,1e-12,2.452494960528788e-12,1
935,6320,8137.389597600028,0.0,0.14800156893524125,0.011979000000000004,4,1e-12,2.300575864993252e-12,1
936,6324,7790.444090326995,0.0,0.13320141204171712,0.013176900000000005,4,1e-12,2.5865453059849723e-12,1
937,6328,7457.114182491524,0.5,0.13320141204171712,0.013176900000000005,4,1e-12,3.5481768257331612e-12,1
938,6332,7391.093851134584,1.0,0.14652155324588884,0.011859210000000005,4,1.0402272425022563e-12,3.4884890502045217e-12,1
939,6336,6961.934229528965,0.25,0.14652155324588884,0.011859210000000005,4,1.0332942383180353e-12,4.070666916386633e-12,1
940,6340,6534.94526505603,0.75,0.16117370857047772,0.010673289000000006,4,1e-12,3.7521546162285725e-12,1
941,6344,6359.649884155877,0.5,0.16117370857047772,0.010673289000000006,4,1e-12,3.684866826873673e-12,1
942,6348,6319.859481764466,0.25,0.16117370857047772,0.010673289000000006,4,1e-12,4.244120370829097e-12,1
943,6352,6244.749992564008,0.75,0.1772910794275255,0.01,4,1e-12,3.878610749910547e-12,1
944,6356,6399.589806818829,0.75,0.19502018737027807,0.01,4,1e-12,3.9998021695370355e-12,1
945,6360,6490.505653064283,0.0,0.17551816863325026,0.011000000000000001,4,1e-12,6.171192779493329e-12,1
946,6364,6248.747968095296,0.5,0.17551816863325026,0.011000000000000001,4,1.045905739598768e-12,5.832618719476206e-12,1
947,6368,6029.0723201664705,0.0,0.15796635176992524,0.012100000000000001,4,1e-12,5.679516617531906e-12,1
948,6372,6057.530070866717,0.75,0.17376298694691777,0.010890000000000002,4,1e-12,5.507470472706526e-12,1
949,6376,6160.605398043015,0.5,0.17376298694691777,0.010890000000000002,4,1e-12,8.650664013452063e-12,1
950,6380,6409.751662848266,0.5,0.17376298694691777,0.010890000000000002,4,1e-12,1.3071542932345455e-11,1
951,6384,6727.499175963301,1.0,0.19113928564160956,0.01,4,1e-12,1.2970828823695739e-11,1
952,6388,7078.835818128526,0.75,0.21025321420577053,0.01,4,1e-12,1.3130006563425824e-11,1
953,6392,7040.108283801447,0.75,0.2312785356263476,0.01,4,1e-12,1.2101364677250203e-11,1
954,6396,7063.822819886174,0.0,0.20815068206371284,0.011000000000000001,4,1e-12,1.3518025469950346e-11,1
955,6400,7289.756312102729,0.25,0.20815068206371284,0.011000000000000001,4,1e-12,1.4105539819406597e-11,1
956,6404,7397.005241776212,0.75,0.22896575027008415,0.01,4,1e-12,1.369883174463925e-11,1
957,6408,7280.634431012967,1.0,0.25186232529709257,0.01,4,1e-12,1.344596534974823e-11,1
958,6412,6986.497917945521,0.0,0.22667609276738332,0.011000000000000001,4,1e-12,1.3679581194782883e-11,1
959,6416,6728.317384114864,0.0,0.204008483490645,0.012100000000000001,4,1e-12,1.2668445128808885e-11,1
960,6420,6922.932239346589,0.25,0.204008483490645,0.012100000000000001,4,1e-12,1.1660235208809192e-11,1
961,6424,6986.911896153164,0.75,0.2244093318397095,0.010890000000000002,4,1e-12,1.2174317109673494e-11,1
962,6428,7001.188135374533,1.0,0.2468502650236805,0.01,4,1e-12,1.0662059387861373e-11,1
963,6432,6819.60920056854,0.0,0.22216523852131245,0.011000000000000001,4,1e-12,1.0589180269294441e-11,1
964,6436,6671.0407804421275,0.5,0.22216523852131245,0.011000000000000001,4,1e-12,9.46261692803916e-12,1
965,6440,6810.1243692812795,0.75,0.24438176237344372,0.01,4,1e-12,9.101434535351136e-12,1
966,6444,6883.06346301471,0.75,0.2688199386107881,0.01,4,1e-12,7.797318235302596e-12,1
967,6448,6841.07374761772,0.25,0.2688199386107881,0.01,4,1e-12,1.0334818498330876e-11,1
968,6452,6797.056203513899,0.5,0.2688199386107881,0.01,4,1e-12,8.975586964350708e-12,1
969,6456,6960.442195597087,1.0,0.29570193247186694,0.01,4,1e-12,7.675608808651367e-12,1
970,6460,6908.071753087588,0.5,0.29570193247186694,0.01,4,1e-12,6.510767474756773e-12,1
971,6464,6823.9960573410135,0.5,0.29570193247186694,0.01,4,1e-12,6.13572092288543e-12,1
972,6468,6477.7071904061795,0.25,0.29570193247186694,0.01,4,1e-12,6.373948161895902e-12,1
973,6472,6056.547278615211,0.25,0.29570193247186694,0.01,4,1e-12,6.386690622250381e-12,1
974,6476,6225.467227979244,0.5,0.29570193247186694,0.01,4,1e-12,8.108921429602947e-12,1
975,6480,6388.293966688966,1.0,0.3252721257190537,0.01,4,1e-12,7.33458072121374e-12,1
976,6484,6158.693691166132,0.25,0.3252721257190537,0.01,4,1e-12,6.57795659927657e-12,1
977,6488,5867.522475342149,0.25,0.3252721257190537,0.01,4,1e-12,6.073546300219787e-12,1
978,6492,5580.66855094862,0.25,0.3252721257190537,0.01,4,1e-12,1.627373516928647e-11,1
979,6496,5147.835240449186,0.75,0.35779933829095906,0.01,4,1e-12,1.3054754036303229e-11,1
980,6500,5183.498678921773,0.75,0.393579272120055,0.01,4,1e-12,1.1720465514901329e-11,1
981,6504,5258.519165136321,0.5,0.393579272120055,0.01,4,1e-12,1.4468092080679528e-11,1
982,6508,5556.299629838896,0.75,0.43293719933206054,0.01,4,1e-12,1.5133596119451558e-11,1
983,6512,5822.851839331465,1.0,0.4762309192652666,0.01,4,1e-12,1.161028007174542e-11,1
984,6516,6076.063980788452,0.0,0.42860782733874,0.011000000000000001,4,1e-12,2.2284193113225532e-11,1
985,6520,6276.028903460689,0.5,0.42860782733874,0.011000000000000001,4,1e-12,2.1323450084534513e-11,1
986,6524,6373.438361659598,0.75,0.47146861007261404,0.01,4,1e-12,1.6256248877810386e-11,1
987,6528,6113.32910659889,0.25,0.47146861007261404,0.01,4,1e-12,3.140332973529991e-11,1
988,6532,5911.343835806072,0.75,0.5186154710798755,0.01,4,1e-12,2.3634846165939332e-11,1
989,6536,5661.717811229339,0.5,0.5186154710798755,0.01,4,1e-12,1.9796764130592863e-11,1
990,6540,5473.805230823282,0.5,0.5186154710798755,0.01,4,1e-12,2.2056735620447984e-11,1
991,6544,5317.316569597947,1.0,0.5704770181878631,0.01,4,1e-12,1.9582732756818958e-11,1
992,6548,5127.984682913664,1.0,0.6275247200066495,0.01,4,1e-12,1.3505069431208323e-11,1
993,6552,5011.197560570178,0.5,0.6275247200066495,0.01,4,1e-12,9.144651537298361e-12,1
994,6556,4712.113015844369,0.5,0.6275247200066495,0.01,4,1e-12,1.4102082327004933e-11,1
995,6560,4459.498214994305,0.5,0.6275247200066495,0.01,4,1e-12,1.84449495479329e-11,1
996,6564,4310.180641628493,0.5,0.6275247200066495,0.01,4,1e-12,1.9997713307108907e-11,1
997,6568,4315.198284070613,0.75,0.6902771920073145,0.01,4,1e-12,1.6310885723001522e-11,1
998,6572,4433.496207193206,0.25,0.6902771920073145,0.01,4,1e-12,1.370746410260525e-11,1
999,6576,4570.230711590471,0.25,0.6902771920073145,0.01,4,1e-12,1.884245451402543e-11,1
1000,6580,4667.154091274147,0.0,0.621249472806583,0.011000000000000001,4,1e-12,2.2524751791096176e-11,1
1001,6584,4604.024257966499,0.0,0.5591245255259247,0.012100000000000001,4,1e-12,1.6139456254695184e-11,1
1002,6588,4687.062110867028,0.0,0.5032120729733323,0.013310000000000002,4,1e-12,4.0912523897059086e-11,1
1003,6592,4752.142946224024,0.5,0.5032120729733323,0.013310000000000002,4,1e-12,3.2499667135693305e-11,1
1004,6596,4650.816923104288,1.0,0.5535332802706655,0.011979000000000002,4,1e-12,8.815723424713138e-11,1
1005,6600,4715.0146438592665,1.0,0.6088866082977321,0.010781100000000002,4,1e-12,6.418137724631162e-11,1
1006,6604,4722.252168076907,1.0,0.6697752691275054,0.01,4,1e-12,5.37235956032979e-11,1
1007,6608,4716.242359112364,0.5,0.6697752691275054,0.01,4,1e-12,9.363927990742422e-11,1
1008,6612,4754.1387583161295,0.75,0.736752796040256,0.01,4,1e-12,1.0809536594941048e-10,1
1009,6616,4708.563926566808,0.75,0.8104280756442817,0.01,4,1e-12,6.374228330356684e-11,1
1010,6620,4494.443124889175,0.0,0.7293852680798535,0.011000000000000001,4,1e-12,4.7450757015013444e-11,1
1011,6624,4436.107164867679,0.5,0.7293852680798535,0.011000000000000001,4,1e-12,5.662566332274556e-11,1
1012,6628,4436.670968311265,1.0,0.8023237948878389,0.01,4,1e-12,4.034626743895931e-11,1
1013,6632,4295.147906346642,0.5,0.8023237948878389,0.01,4,1e-12,2.8808745186556494e-11,1
1014,6636,4134.990139067565,1.0,0.8825561743766228,0.01,4,1e-12,1.598137107691627e-11,1
1015,6640,4277.336968272501,0.5,0.8825561743766228,0.01,4,1e-12,2.8232025658047508e-11,1
1016,6644,4353.227580494146,1.0,0.9,0.01,4,1.0219597320278203e-12,2.3343866239318812e-11,1
1017,6648,4378.273053249094,0.25,0.9,0.01,4,1.067425833635888e-12,4.4699540630504086e-11,1
1018,6652,4646.672223090521,1.0,0.9,0.01,4,1e-12,2.404719631104988e-11,1
1019,6656,4979.471784668527,0.5,0.9,0.01,4,1e-12,1.3788828056998493e-11,1
1020,6660,5069.556847127346,0.25,0.9,0.01,4,1e-12,8.703043294182605e-12,1
1021,6664,4997.89265990168,0.75,0.9,0.01,4,1e-12,7.963066923850597e-12,1
1022,6668,5147.818463002354,0.5,0.9,0.01,4,1e-12,1.1154302597453336e-11,1
0,10,0.48660747705424146,0.5,0.015283824524751714,0.02015428276120837,10,0.9353389465865394,1.0068031361513716,2
1,20,0.4642132807869102,1.0,0.016812206977226886,0.018138854485087532,10,0.9046644611058989,0.9781206771553719,2
2,30,0.44023689300101077,1.0,0.018493427674949575,0.01632496903657878,10,0.867273166426052,0.9559758457148385,2
3,40,0.42884510653563535,1.0,0.020342770442444535,0.014692472132920902,10,0.8194484184162746,0.9376091423391544,2
4,50,0.4457999128690949,1.0,0.022377047486688992,0.013223224919628811,10,0.8079786530412596,0.9189039292019161,2
5,60,0.4522201383976864,1.0,0.024614752235357893,0.01190090242766593,10,0.8034384627312843,0.906446772407939,2
6,70,0.46706052178412877,1.0,0.027076227458893685,0.010710812184899337,10,0.7981912258723827,0.900170595620867,2
7,80,0.48021739928172896,1.0,0.029783850204783056,0.01,10,0.7898881942857191,0.8833457427194151,2
8,90,0.5222724581610889,1.0,0.032762235225261366,0.01,10,0.7816826977130708,0.8552499511430974,2
9,100,0.573111169950346,1.0,0.03603845874778751,0.01,10,0.7555219462274959,0.8513951430592439,2
10,110,0.6208712340033241,1.0,0.03964230462256626,0.01,10,0.7348537285317663,0.8632145077346647,2
11,120,0.619855852089379,1.0,0.04360653508482289,0.01,10,0.6990217970544702,0.8421934127850478,2
12,130,0.6191506794419256,1.0,0.04796718859330518,0.01,10,0.6749935769135658,0.8208967540267196,2
13,140,0.6451611456870867,1.0,0.0527639074526357,0.01,10,0.6581643939739529,0.8061650044898068,2
14,150,0.6704639290637454,1.0,0.05804029819789927,0.01,10,0.6354507258612989,0.8153961792614259,2
15,160,0.7150076785144961,1.0,0.0638443280176892,0.01,10,0.6391542797223332,0.7853728876755693,2
16,170,0.7907365429083647,1.0,0.07022876081945813,0.01,10,0.6174067115082212,0.7620358521738237,2
17,180,0.8301016150949824,1.0,0.07725163690140395,0.01,10,0.5778524262276795,0.7557618567282424,2
18,190,0.8510596423468063,1.0,0.08497680059154435,0.01,10,0.5384806530524878,0.723582162889618,2
19,200,0.8070897125727889,1.0,0.09347448065069879,0.01,10,0.5147327633920673,0.7378843114273701,2
20,210,0.8390205466601692,1.0,0.10282192871576867,0.01,10,0.49804496636363366,0.7103811420541243,2
21,220,0.8717284370708712,0.9,0.11310412158734555,0.01,10,0.4661371057937803,0.6666273881872918,2
22,230,0.8409834252363093,1.0,0.12441453374608011,0.01,10,0.4328761834776335,0.6445624794930055,2
23,240,0.8635202399914517,1.0,0.13685598712068814,0.01,10,0.4164357777632901,0.606190477748776,2
24,250,0.8245914507930463,1.0,0.15054158583275695,0.01,10,0.388651827866321,0.5591738688063915,2
25,260,0.7995164055879659,1.0,0.16559574441603267,0.01,10,0.3578308289242813,0.5552534072760625,2
26,270,0.8917215507829583,1.0,0.18215531885763594,0.01,10,0.3268896530325976,0.7348116448609963,2
27,280,0.9624454459640862,1.0,0.20037085074339955,0.01,10,0.296943418741469,0.67466329150599,2
28,290,1.012451916583378,1.0,0.22040793581773951,0.01,10,0.3182966378429111,0.6572968996254897,2
29,300,0.9145858538673358,1.0,0.24244872939951348,0.01,10,0.2444970697982811,0.9955771990616109,2
30,310,0.8905355216214349,1.0,0.2666936023394649,0.01,10,0.2332323102596064,1.1157068324262103,2
31,320,0.8458043178412179,1.0,0.2933629625734114,0.01,10,0.21035864729333983,1.1324824716883233,2
32,330,0.7675757804178357,1.0,0.32269925883075257,0.01,10,0.14016198228980914,0.8376864366674206,2
33,340,0.6861725955230555,1.0,0.3549691847138279,0.01,10,0.0905831566314173,0.557044221813336,2
34,350,0.6659471645101128,1.0,0.3904661031852107,0.01,10,0.07467554410996416,0.7729025570884529,2
35,360,0.6679159837340188,1.0,0.42951271350373177,0.01,10,0.06218928902586187,0.610069710543684,2
36,370,0.6883779942685205,1.0,0.47246398485410496,0.01,10,0.04766036626302625,0.4617444283986708,2
37,380,0.7077483892760705,1.0,0.5197103833395155,0.01,10,0.036296617777876516,0.3923478542457719,2
38,390,0.7633598673852204,1.0,0.571681421673467,0.01,10,0.027215597603237388,0.29400684967835533,2
39,400,0.8419597155165763,1.0,0.6288495638408138,0.01,10,0.020503846908802813,0.21782498217600282,2
40,410,0.9984485006349698,0.9,0.6917345202248952,0.01,10,0.02390502229284618,0.14069706289445427,2
41,420,1.153149146046277,0.9,0.7609079722473848,0.01,10,0.019039577493409555,0.08922036087950802,2
42,430,1.29152267328844,0.9,0.8369987694721234,0.01,10,0.01281754513435106,0.053471056883967485,2
43,440,1.4039373984364347,1.0,0.9,0.01,10,0.006962243037245252,0.0787018861157378,2
44,450,1.5234121322792342,1.0,0.9,0.01,10,0.003908467568351446,0.049740533895263665,2
45,460,1.6468720473687257,1.0,0.9,0.01,10,0.002166661859456368,0.03597783157904381,2
46,470,1.7071980495031351,1.0,0.9,0.01,10,0.0019576412739801294,0.09331688238358007,2
47,480,1.7929988044850944,1.0,0.9,0.01,10,0.0015012091117978397,0.1009643532241041,2
48,490,1.9942332519437367,1.0,0.9,0.01,10,0.0008950182758326397,0.0806370458809264,2
49,500,2.0380357558022157,0.9,0.9,0.01,10,0.001181826744808537,0.04113096779190881,2
50,510,2.20825269416787,0.9,0.9,0.01,10,0.0007947849288013237,0.03907913047462501,2
51,520,2.3922687175036277,1.0,0.9,0.01,10,0.0004959132952045122,0.026063064645545735,2
52,530,2.5850635839519147,0.5,0.9,0.01,10,0.00030464440142916754,0.015243514186952776,2
53,540,2.7910643695265187,1.0,0.9,0.01,10,0.00017061148607717594,0.008838777872536282,2
54,550,2.96776059250566,0.8,0.9,0.01,10,9.317918743081235e-05,0.0049567654586890565,2
55,560,3.1357722065814855,0.4,0.9,0.01,10,7.82905271242508e-05,0.0031452984033413676,2
56,569,3.2600753787573775,1.0,0.016885386295586762,0.01209126742108587,9,7.587062827709725e-05,0.003083600663890263,2
57,578,3.452198810595566,1.0,0.01857392492514544,0.010882140678977284,9,7.307942927220624e-05,0.0030845992360515485,2
58,587,3.644351072933979,0.5555555555555556,0.020431317417659987,0.01,9,7.172628317645422e-05,0.0030320703702524784,2
59,596,3.972502764327008,0.7777777777777778,0.022474449159425987,0.01,9,7.346425835793879e-05,0.0030108907509055352,2
60,605,4.55338314217009,0.7777777777777778,0.024721894075368588,0.01,9,7.230120870379353e-05,0.0029416388929212438,2
61,614,4.642041746425446,0.6666666666666666,0.02719408348290545,0.01,9,7.118673983464576e-05,0.002916032320708296,2
62,623,4.579373542173246,1.0,0.029913491831195998,0.01,9,6.835976255454171e-05,0.0028553909444451204,2
63,632,4.8736372565073,1.0,0.0329048410143156,0.01,9,6.79683623643114e-05,0.0027927169009484736,2
64,641,4.900758082439813,1.0,0.03619532511574716,0.01,9,6.678124601147387e-05,0.0028015883658033982,2
65,650,4.827887320742823,1.0,0.039814857627321884,0.01,9,6.448006362886709e-05,0.0027266464728077804,2
66,659,4.847968768148988,0.6666666666666666,0.043796343390054074,0.01,9,6.241149837242648e-05,0.0026363105595822714,2
67,668,4.834354882398091,1.0,0.04817597772905949,0.01,9,6.141187283191709e-05,0.0025822252727821403,2
68,677,4.755794504076866,1.0,0.05299357550196544,0.01,9,6.088186574352869e-05,0.00255569654027476,2
69,686,4.848074483203219,1.0,0.05829293305216199,0.01,9,6.069483582066045e-05,0.00245388360756236,2
70,695,4.870494947315061,1.0,0.06412222635737819,0.01,9,5.8858484606539275e-05,0.002425449990697877,2
71,704,4.624549267525132,0.6666666666666666,0.070534448993116,0.01,9,5.621517864138094e-05,0.002320945358439223,2
72,713,4.3762616919011705,1.0,0.07758789389242761,0.01,9,5.321428349915598e-05,0.0022897599126249445,2
73,722,4.479501658316952,1.0,0.08534668328167037,0.01,9,5.178753363583716e-05,0.0022013407627239005,2
74,731,4.651112223765866,1.0,0.09388135160983742,0.01,9,4.9020955996385185e-05,0.002266534811874137,2
75,740,4.904500286050825,0.4444444444444444,0.09388135160983742,0.01,9,4.783002519246615e-05,0.002190827941447787,2
76,749,5.019191689367795,1.0,0.10326948677082116,0.01,9,4.496784950718987e-05,0.0020548652858684113,2
77,758,4.755109526008974,0.5555555555555556,0.1135964354479033,0.01,9,4.237161587537673e-05,0.001970787596685653,2
78,767,4.612165554352357,0.8888888888888888,0.12495607899269363,0.01,9,3.9503182715945744e-05,0.0018529545190654917,2
79,776,4.166764042390866,0.8888888888888888,0.13745168689196302,0.01,9,3.420045431645645e-05,0.0017802313831497486,2
80,785,4.076102677481756,1.0,0.15119685558115933,0.01,9,3.63064227416675e-05,0.0018019694419770102,2
81,794,4.116174219679339,1.0,0.16631654113927527,0.01,9,3.394933405602776e-05,0.0017567147369828605,2
82,803,4.16762540849537,0.3333333333333333,0.16631654113927527,0.01,9,3.2265304496401275e-05,0.0016307054594915501,2
83,812,3.9727573735165054,0.6666666666666666,0.1829481952532028,0.01,9,2.972052860518794e-05,0.001483849067756552,2
84,821,3.910573876983614,0.8888888888888888,0.2012430147785231,0.01,9,2.9499874463868724e-05,0.0015806748914211767,2
85,830,3.9593097140016864,0.2222222222222222,0.2012430147785231,0.01,9,2.6209109674901593e-05,0.0014109939040461436,2
86,839,4.002962964142827,1.0,0.22136731625637543,0.01,9,2.4729658315135498e-05,0.0013025235347721245,2
87,848,3.9878360812660962,1.0,0.243504047882013,0.01,9,2.1630687586010743e-05,0.0011432201032199032,2
88,857,3.832066532489673,0.7777777777777778,0.2678544526702143,0.01,9,1.8513125445100986e-05,0.0010625958577433123,2
89,866,3.9157245299460604,0.2222222222222222,0.2678544526702143,0.01,9,1.6360839482136843e-05,0.0009461267831793011,2
90,875,4.086081861677167,0.1111111111111111,0.24106900740319287,0.011000000000000001,9,1.4476139831214484e-05,0.0008488496287195822,2
91,884,3.7539967815635786,1.0,0.26517590814351216,0.01,9,1.0683289095744665e-05,0.000868452570562792,2
92,893,3.5465657691889576,0.5555555555555556,0.2916934989578634,0.01,9,9.455667089685315e-06,0.0009684621970444799,2
93,902,3.395428761038561,0.4444444444444444,0.2916934989578634,0.01,9,8.571604730363778e-06,0.0008979877959868862,2
94,911,3.3001422585722975,0.6666666666666666,0.32086284885364974,0.01,9,8.411117778347091e-06,0.0007821914316826132,2
95,920,3.2995700021450425,0.5555555555555556,0.35294913373901476,0.01,9,6.8294025749008615e-06,0.0006750275891797003,2
96,929,3.3208999941270227,0.0,0.3176542203651133,0.011000000000000001,9,5.728819450482165e-06,0.0005680676004131366,2
97,938,3.0907799771497872,0.5555555555555556,0.34941964240162465,0.01,9,3.7329724852882404e-06,0.0005517839535370551,2
98,947,3.2409871202592826,0.4444444444444444,0.34941964240162465,0.01,9,4.788079199723633e-06,0.0005663924990753674,2
99,956,3.373535653154868,0.0,0.3144776781614622,0.011000000000000001,9,4.3630282713495164e-06,0.00046821342397217636,2
100,965,3.261536870525422,0.7777777777777778,0.3459254459776085,0.01,9,3.7385343262671627e-06,0.00038368562451925113,2
101,974,3.2742659139663646,0.2222222222222222,0.3459254459776085,0.01,9,3.3155348219377975e-06,0.0003554098629666821,2
102,983,3.4234322345206354,0.3333333333333333,0.3459254459776085,0.01,9,4.04323926690645e-06,0.00029059306414453003,2
103,992,3.699006760390512,0.7777777777777778,0.3805179905753694,0.01,9,3.282748387596509e-06,0.00026190857980022805,2
104,1001,3.7286008547971363,1.0,0.41856978963290636,0.01,9,2.7390222646585307e-06,0.00023888297046243252,2
105,1010,4.037806080387646,1.0,0.460426768596197,0.01,9,2.9386674695751925e-06,0.00024057871427273224,2
106,1019,4.389589680221404,0.5555555555555556,0.5064694454558167,0.01,9,2.2159149705903724e-06,0.00019955749842939056,2
107,1028,5.094830511583036,0.4444444444444444,0.5064694454558167,0.01,9,1.6193110911158665e-06,0.0001532253431027925,2
108,1037,5.768406296807932,1.0,0.5571163900013985,0.01,9,1.2914452806153622e-06,0.00011137177799555313,2
109,1046,6.677766860606568,1.0,0.6128280290015383,0.01,9,9.410174718522334e-07,8.822000337518044e-05,2
110,1055,7.398287141669449,0.8888888888888888,0.6741108319016922,0.01,9,6.272309387961094e-07,7.377634458813287e-05,2
111,1064,7.98417039267099,0.8888888888888888,0.7415219150918615,0.01,9,3.8659845036288747e-07,4.640274499424402e-05,2
112,1073,8.59078529823157,0.5555555555555556,0.8156741066010477,0.01,9,3.0894048114929825e-07,3.621941199756216e-05,2
113,1082,9.378686848588593,0.8888888888888888,0.8972415172611525,0.01,9,2.675775281533479e-07,1.9779106942605475e-05,2
114,1091,9.58906274642342,0.7777777777777778,0.9,0.01,9,1.6411685434775204e-07,1.0913554773941416e-05,2
115,1100,9.88323362219358,0.4444444444444444,0.9,0.01,9,1.863600218960796e-07,7.521076490483489e-06,2
116,1109,9.854553173584172,0.6666666666666666,0.9,0.01,9,1.5889199621507726e-07,5.002388775424061e-06,2
117,1118,9.808289378054063,0.5555555555555556,0.9,0.01,9,9.60238344611756e-08,2.9480718521762063e-06,2
118,1127,9.875808553356782,0.5555555555555556,0.9,0.01,9,5.253877082095778e-08,3.096900451009889e-06,2
119,1136,10.510984189120986,0.5555555555555556,0.9,0.01,9,3.1527843944522564e-08,2.5190374566118067e-06,2
120,1145,10.804729779143875,0.6666666666666666,0.9,0.01,9,2.1827481246190654e-08,1.4467141440957091e-06,2
121,1154,10.662508539723452,0.7777777777777778,0.9,0.01,9,1.179851301978911e-08,1.0255456788781257e-06,2
122,1163,11.383412253379051,0.5555555555555556,0.9,0.01,9,8.87433229653173e-09,5.923658974296559e-07,2
123,1172,12.472520351051795,0.8888888888888888,0.9,0.01,9,5.743415117372678e-09,6.648799983477827e-07,2
124,1181,13.608238305157707,0.8888888888888888,0.9,0.01,9,4.7883819845811745e-09,4.486487802539024e-07,2
125,1190,15.173323700838864,0.7777777777777778,0.9,0.01,9,3.4781220288006197e-09,3.4117870134375587e-07,2
126,1199,17.216738357299697,0.7777777777777778,0.9,0.01,9,2.443616495308652e-09,3.296120061745045e-07,2
127,1208,18.127131480269167,0.7777777777777778,0.9,0.01,9,1.3765168588213909e-09,4.1619842257559804e-07,2
128,1217,20.322693327034845,1.0,0.9,0.01,9,8.032355050937165e-10,3.1622546033828703e-07,2
129,1226,21.34279783029478,0.7777777777777778,0.9,0.01,9,4.5254585716569346e-10,1.8686733314574458e-07,2
130,1235,22.692261158836875,1.0,0.9,0.01,9,2.518733774658969e-10,1.1196480432654015e-07,2
131,1244,23.59453063811667,0.5555555555555556,0.9,0.01,9,1.4997574437313412e-10,2.000744557259155e-07,2
132,1253,25.890909575724304,0.8888888888888888,0.9,0.01,9,1.1395502052321335e-10,1.3581743469766087e-07,2
133,1262,28.464792856774125,0.4444444444444444,0.9,0.01,9,6.19323656848925e-11,1.0334068001745754e-07,2
134,1271,30.732854535644314,0.8888888888888888,0.9,0.01,9,3.4161802525109486e-11,5.966484421782047e-08,2
135,1280,33.50126013145256,1.0,0.9,0.01,9,2.815758342907715e-11,3.3047302857642487e-08,2
136,1289,37.28687390656634,0.8888888888888888,0.9,0.01,9,1.5553879677069498e-11,3.904720837278364e-08,2
137,1298,42.522553089274886,0.7777777777777778,0.9,0.01,9,9.494668650210711e-12,3.218598090590786e-08,2
138,1307,48.00969322296718,0.6666666666666666,0.9,0.01,9,5.164085514370577e-12,6.481555373265754e-08,2
139,1316,55.368061665565634,0.4444444444444444,0.9,0.01,9,2.8377356773166864e-12,9.659186673466369e-08,2
140,1325,61.90331463815572,0.7777777777777778,0.9,0.01,9,1.6591196873868404e-12,5.182081221657702e-08,2
141,1334,68.25453885288606,0.8888888888888888,0.9,0.01,9,1e-12,3.858210218866144e-08,2
142,1343,76.98499619211975,0.8888888888888888,0.9,0.01,9,1e-12,2.1757735646685975e-08,2
143,1352,85.13586256262339,0.7777777777777778,0.9,0.01,9,1e-12,1.5597964900476342e-08,2
144,1361,94.8029313988083,0.7777777777777778,0.9,0.01,9,1e-12,1.2315865524146444e-08,2
145,1370,112.5745402372923,0.5555555555555556,0.9,0.01,9,1e-12,1.5708275570106218e-08,2
146,1379,133.32120533649905,0.8888888888888888,0.9,0.01,9,1e-12,9.115243434058069e-09,2
147,1388,160.6047751219893,0.6666666666666666,0.9,0.01,9,1e-12,1.5900843713315003e-08,2
148,1397,193.35759052067138,0.5555555555555556,0.9,0.01,9,1e-12,1.9037719782180883e-08,2
149,1406,204.60830795563515,1.0,0.9,0.01,9,1e-12,1.2625239404129857e-08,2
150,1415,214.53780368405154,0.4444444444444444,0.9,0.01,9,1e-12,2.0115539160081102e-08,2
151,1424,218.65406265206641,1.0,0.9,0.01,9,1e-12,1.3064268391992708e-08,2
152,1433,209.4784034259741,0.6666666666666666,0.9,0.01,9,1e-12,7.24496786679526e-09,2
153,1442,206.86734421542056,0.4444444444444444,0.9,0.01,9,1e-12,1.3545389794128584e-08,2
154,1451,211.8002228436074,1.0,0.9,0.01,9,1e-12,1.2802896326207236e-08,2
155,1460,212.9632756653196,0.5555555555555556,0.9,0.01,9,1e-12,1.3560986459518329e-08,2
156,1469,203.1400238377622,1.0,0.9,0.01,9,1e-12,8.093114175431012e-09,2
157,1478,200.46084211761206,0.7777777777777778,0.9,0.01,9,1e-12,7.402940556054575e-09,2
158,1487,205.34297592784569,0.6666666666666666,0.9,0.01,9,1e-12,5.3443420864251295e-09,2
159,1496,218.05707516241682,0.6666666666666666,0.9,0.01,9,1e-12,2.8815856352163126e-09,2
160,1505,217.24540255819693,0.6666666666666666,0.9,0.01,9,1e-12,2.45086112082822e-09,2
161,1514,228.06319771219944,0.7777777777777778,0.9,0.01,9,1e-12,2.1045518698114235e-09,2
162,1523,241.27570458780139,0.6666666666666666,0.9,0.01,9,1e-12,2.6895473934971346e-09,2
163,1532,259.386568060637,0.6666666666666666,0.9,0.01,9,1e-12,2.8399848912381583e-09,2
164,1541,286.51165138641574,0.7777777777777778,0.9,0.01,9,1e-12,2.781534040296184e-09,2
165,1550,319.79849201981204,0.8888888888888888,0.9,0.01,9,1e-12,1.5384978700781188e-09,2
166,1559,373.86459750573476,1.0,0.9,0.01,9,1e-12,8.965762728047403e-10,2
167,1568,445.3535406733107,0.6666666666666666,0.9,0.01,9,1e-12,6.501432937219091e-10,2
168,1577,528.8895675541389,0.8888888888888888,0.9,0.01,9,1e-12,5.284874625847465e-10,2
169,1586,615.1111851499713,0.7777777777777778,0.9,0.01,9,1e-12,3.403379910755937e-10,2
170,1595,677.3959994226672,0.7777777777777778,0.9,0.01,9,1e-12,1.8060839229638697e-10,2
171,1604,733.3841017972625,0.5555555555555556,0.9,0.01,9,1e-12,2.451907794085901e-10,2
172,1613,794.9432978390768,0.6666666666666666,0.9,0.01,9,1e-12,3.8670985065596457e-10,2
173,1622,831.2436048490869,0.6666666666666666,0.9,0.01,9,1e-12,5.726781067103405e-10,2
174,1631,897.4008499531545,1.0,0.9,0.01,9,1e-12,5.296892280359407e-10,2
175,1640,966.3319372844096,1.0,0.9,0.01,9,1e-12,3.759205322821604e-10,2
176,1649,1040.3611908000269,1.0,0.9,0.01,9,1e-12,2.3895305197970364e-10,2
177,1658,1127.748066347435,0.8888888888888888,0.9,0.01,9,1e-12,1.5821157504464152e-10,2
178,1667,1232.1476856778531,0.5555555555555556,0.9,0.01,9,1e-12,1.7316420427770823e-10,2
179,1675,1386.7449393501183,0.75,0.016885386295586762,0.01209126742108587,8,1e-12,1.7200263485962854e-10,2
180,1683,1536.3468204410208,0.75,0.01857392492514544,0.010882140678977284,8,1e-12,1.6984770484917543e-10,2
181,1691,1689.2562945940235,1.0,0.020431317417659987,0.01,8,1e-12,1.683725478271735e-10,2
182,1699,1850.0133608925632,0.75,0.022474449159425987,0.01,8,1e-12,1.6814743575448047e-10,2
183,1707,2120.2285526939295,1.0,0.024721894075368588,0.01,8,1e-12,1.6754097413206508e-10,2
184,1715,2354.8389707160613,1.0,0.02719408348290545,0.01,8,1e-12,1.6745947744783523e-10,2
185,1723,2529.307796266987,0.125,0.024474675134614904,0.011000000000000001,8,1e-12,1.6097134658715987e-10,2
186,1731,2541.2719181789935,1.0,0.026922142648076398,0.01,8,1e-12,1.5924351521400585e-10,2
187,1739,2789.1670049664776,1.0,0.02961435691288404,0.01,8,1e-12,1.5689707866140687e-10,2
188,1747,3108.059761889803,1.0,0.03257579260417245,0.01,8,1e-12,1.5427978831890066e-10,2
189,1755,3535.911590125068,1.0,0.035833371864589694,0.01,8,1e-12,1.50172256919326e-10,2
190,1763,3615.9747853021695,0.625,0.039416709051048666,0.01,8,1e-12,1.4887245233845275e-10,2
191,1771,3259.5328704820445,0.625,0.043358379956153534,0.01,8,1e-12,1.433183080581124e-10,2
192,1779,2987.149999254514,1.0,0.04769421795176889,0.01,8,1e-12,1.5474421927780461e-10,2
193,1787,2842.8869425020407,0.125,0.042924796156592004,0.011000000000000001,8,1e-12,1.6113453924853754e-10,2
194,1795,2754.8068618845987,1.0,0.04721727577225121,0.01,8,1e-12,1.6256747764012225e-10,2
195,1803,2759.879842222658,0.625,0.051939003349476334,0.01,8,1e-12,1.6024038304726404e-10,2
196,1811,2734.4738550136262,1.0,0.057132903684423975,0.01,8,1e-12,1.592136205637324e-10,2
197,1819,2710.063559905366,0.5,0.057132903684423975,0.01,8,1e-12,1.541222660018842e-10,2
198,1827,2592.929304147865,1.0,0.06284619405286637,0.01,8,1e-12,1.513324442676085e-10,2
199,1835,2581.1042735277097,1.0,0.06913081345815301,0.01,8,1e-12,1.478402394384799e-10,2
200,1843,2669.8711468977513,0.625,0.07604389480396832,0.01,8,1e-12,1.399259574277287e-10,2
201,1851,2730.3254118946684,1.0,0.08364828428436516,0.01,8,1e-12,1.3735162105922525e-10,2
202,1859,2842.1813281727923,0.75,0.09201311271280169,0.01,8,1e-12,1.3109526446471911e-10,2
203,1867,2666.0572131194535,0.875,0.10121442398408187,0.01,8,1e-12,1.2500128390205507e-10,2
204,1875,2635.031950725987,1.0,0.11133586638249006,0.01,8,1e-12,1.5228979227428403e-10,2
205,1883,2580.483779854211,0.625,0.12246945302073907,0.01,8,1e-12,1.448032308937219e-10,2
206,1891,2575.0386236934914,0.625,0.13471639832281299,0.01,8,1e-12,1.3533732460601524e-10,2
207,1899,2551.117094033555,0.75,0.1481880381550943,0.01,8,1e-12,1.2852187027252602e-10,2
208,1907,2457.2623172038884,1.0,0.16300684197060372,0.01,8,1e-12,1.2091701430246e-10,2
209,1915,2404.2062038288495,0.5,0.16300684197060372,0.01,8,1e-12,1.2259393646044343e-10,2
210,1923,2358.1374288184493,1.0,0.1793075261676641,0.01,8,1e-12,1.1236021890099486e-10,2
211,1931,2406.1458256082183,1.0,0.19723827878443054,0.01,8,1e-12,1.0081183008521162e-10,2
212,1939,2612.9049031139266,0.75,0.2169621066628736,0.01,8,1e-12,8.8710288038524e-11,2
213,1947,2753.445664468154,0.75,0.23865831732916098,0.01,8,1e-12,7.882736306594362e-11,2
214,1955,3125.5498179307615,1.0,0.2625241490620771,0.01,8,1e-12,7.430881178476808e-11,2
215,1963,3300.9126427788447,1.0,0.2887765639682848,0.01,8,1e-12,6.892294601964637e-11,2
216,1971,3222.394699616886,1.0,0.3176542203651133,0.01,8,1e-12,5.957021325625795e-11,2
217,1979,2964.379256050089,0.25,0.3176542203651133,0.01,8,1e-12,4.84386069024534e-11,2
218,1987,2901.253483337362,0.75,0.34941964240162465,0.01,8,1e-12,4.641818077540648e-11,2
219,1995,2915.463023050081,0.75,0.38436160664178715,0.01,8,1e-12,3.8855396886214516e-11,2
220,2003,2888.198391588268,0.625,0.4227977673059659,0.01,8,1e-12,4.062783502336029e-11,2
221,2011,2999.977537446746,0.625,0.46507754403656254,0.01,8,1e-12,4.99232682059527e-11,2
222,2019,3240.1593561476698,1.0,0.5115852984402188,0.01,8,1e-12,4.373656272052281e-11,2
223,2027,3269.0553105387357,1.0,0.5627438282842407,0.01,8,1e-12,3.8560144832493115e-11,2
224,2035,3362.229960648451,0.375,0.5627438282842407,0.01,8,1e-12,2.8772210395484244e-11,2
225,2043,3621.1525242136813,1.0,0.6190182111126649,0.01,8,1e-12,2.83026113698009e-11,2
226,2051,4019.3988022425174,1.0,0.6809200322239314,0.01,8,1e-12,2.0345138543668804e-11,2
227,2059,4480.278061249449,0.625,0.7490120354463246,0.01,8,1e-12,4.356781257904054e-11,2
228,2067,5105.360465613058,1.0,0.823913238990957,0.01,8,1e-12,2.9155747735947845e-11,2
229,2075,5145.167344357948,1.0,0.9,0.01,8,1e-12,2.253545484808202e-11,2
230,2083,5155.458400916587,0.875,0.9,0.01,8,1e-12,1.2497967374179468e-11,2
231,2091,5073.864147166469,0.75,0.9,0.01,8,1e-12,1.176442038638162e-11,2
232,2099,5057.438749216898,0.625,0.9,0.01,8,1e-12,2.2512341054463416e-11,2
233,2107,5261.063467236191,1.0,0.9,0.01,8,1e-12,1.4110068018544293e-11,2
234,2115,5536.304442397639,0.75,0.9,0.01,8,1e-12,1.2214647176035799e-11,2
235,2123,6127.582285853772,0.875,0.9,0.01,8,1e-12,1.155007326762732e-11,2
236,2131,6862.3724874813415,1.0,0.9,0.01,8,1e-12,8.7076981058174e-12,2
237,2139,7597.781742146418,0.375,0.9,0.01,8,1e-12,1.8174505411756857e-11,2
238,2147,8686.185454139735,0.75,0.9,0.01,8,1e-12,1.4945622932729337e-11,2
239,2155,9489.552560681312,1.0,0.9,0.01,8,1e-12,8.460993536895124e-12,2
240,2163,9703.039995778045,0.0,0.81,0.011000000000000001,8,1e-12,5.445504769108637e-12,2
241,2171,10063.941191306969,0.5,0.81,0.011000000000000001,8,1e-12,3.2773376824399994e-12,2
242,2179,9764.18007332592,0.125,0.7290000000000001,0.012100000000000001,8,1e-12,4.035286973252575e-12,2
243,2187,9571.817116562444,0.5,0.7290000000000001,0.012100000000000001,8,1e-12,3.3621911166020295e-12,2
244,2195,10375.210518067493,0.375,0.7290000000000001,0.012100000000000001,8,1e-12,5.152422275701526e-12,2
245,2203,10828.33119219626,0.125,0.6561000000000001,0.013310000000000002,8,1e-12,3.702941645808004e-12,2
246,2211,11273.941658941681,0.125,0.5904900000000002,0.014641000000000003,8,1e-12,3.7437605152287215e-12,2
247,2219,11486.949781804296,0.25,0.5904900000000002,0.014641000000000003,8,1e-12,2.5728086558142193e-12,2
248,2227,11722.935079498746,0.25,0.5904900000000002,0.014641000000000003,8,1e-12,2.1956986367286885e-12,2
249,2235,11211.548174192565,0.125,0.5314410000000002,0.016105100000000004,8,1e-12,2.934344909022645e-12,2
250,2243,10826.393708897076,0.875,0.5845851000000002,0.014494590000000003,8,1e-12,2.3239502581290114e-12,2
251,2251,10893.104770068565,0.5,0.5845851000000002,0.014494590000000003,8,1e-12,2.477037227325709e-12,2
252,2259,11623.489956526872,0.75,0.6430436100000002,0.013045131000000003,8,1e-12,2.1356493459538183e-12,2
253,2267,12050.42809887687,0.125,0.5787392490000002,0.014349644100000005,8,1e-12,1.8671535249067703e-12,2
254,2275,12478.89159104324,0.375,0.5787392490000002,0.014349644100000005,8,1e-12,1.5789755162785966e-12,2
255,2283,13291.835878955471,0.375,0.5787392490000002,0.014349644100000005,8,1e-12,1.7513790290643859e-12,2
256,2291,14242.878300712775,0.375,0.5787392490000002,0.014349644100000005,8,1e-12,2.980879666977634e-12,2
257,2299,13737.311724630128,0.375,0.5787392490000002,0.014349644100000005,8,1e-12,2.2274536427450216e-12,2
258,2307,13535.086428326786,0.125,0.5208653241000002,0.015784608510000006,8,1e-12,1.7495714527442919e-12,2
259,2315,13203.234130987814,0.25,0.5208653241000002,0.015784608510000006,8,1e-12,1.3679377851682543e-12,2
260,2323,13298.39466855651,0.375,0.5208653241000002,0.015784608510000006,8,1e-12,1.2752792673809228e-12,2
261,2331,13306.66465503636,0.125,0.4687787916900002,0.01736306936100001,8,1e-12,1.1253869327308023e-12,2
262,2339,12598.372945522506,0.25,0.4687787916900002,0.01736306936100001,8,1e-12,1e-12,2
263,2347,12023.242094353958,0.125,0.4219009125210002,0.019099376297100013,8,1e-12,1.6305625297911377e-12,2
264,2355,11747.505569797717,0.125,0.3797108212689002,0.021009313926810016,8,1e-12,1.4645523460297645e-12,2
265,2363,11740.199559804563,0.125,0.3417397391420102,0.02311024531949102,8,1e-12,1.2931898659832204e-12,2
266,2371,11255.811765763321,0.5,0.3417397391420102,0.02311024531949102,8,1e-12,1.4386855607512138e-12,2
267,2379,10829.10965962913,0.25,0.3417397391420102,0.02311024531949102,8,1e-12,1.7773050345846268e-12,2
268,2387,10690.3926216661,0.5,0.3417397391420102,0.02311024531949102,8,1e-12,1.6798967999044133e-12,2
269,2395,9817.600091702885,0.0,0.3075657652278092,0.025421269851440123,8,1e-12,1.8647757337652747e-12,2
270,2403,9110.32374796752,0.25,0.3075657652278092,0.025421269851440123,8,1e-12,1.9434310167938854e-12,2
271,2411,8886.169824976645,0.375,0.3075657652278092,0.025421269851440123,8,1e-12,1.8829417688560573e-12,2
272,2419,8759.635026868202,0.25,0.3075657652278092,0.025421269851440123,8,1e-12,1.8719686829106834e-12,2
273,2427,8788.234486704667,0.5,0.3075657652278092,0.025421269851440123,8,1e-12,1.8777535583514564e-12,2
274,2435,9073.613070609556,0.5,0.3075657652278092,0.025421269851440123,8,1e-12,1.6678181396002825e-12,2
275,2443,9180.639689713315,0.5,0.3075657652278092,0.025421269851440123,8,1e-12,1.546501643997599e-12,2
276,2451,9354.735756288437,0.25,0.3075657652278092,0.025421269851440123,8,1e-12,1.4739816140750487e-12,2
277,2459,9006.487362483813,0.25,0.3075657652278092,0.025421269851440123,8,1e-12,2.0487639996968918e-12,2
278,2467,8589.711400665621,0.375,0.3075657652278092,0.025421269851440123,8,1e-12,2.204781664142283e-12,2
279,2475,8471.729362018104,0.5,0.3075657652278092,0.025421269851440123,8,1e-12,2.0092466181360955e-12,2
280,2483,8435.573365488459,0.375,0.3075657652278092,0.025421269851440123,8,1e-12,1.6226652806183386e-12,2
281,2491,8505.561985223314,0.375,0.3075657652278092,0.025421269851440123,8,1e-12,1.3100287478279294e-12,2
282,2499,8563.778435062619,0.125,0.2768091887050283,0.027963396836584137,8,1e-12,1.1924908026661683e-12,2
283,2507,8669.581057722326,0.375,0.2768091887050283,0.027963396836584137,8,1e-12,1.2286065119822907e-12,2
284,2515,9237.225932849473,0.375,0.2768091887050283,0.027963396836584137,8,1e-12,1.7086171347940131e-12,2
285,2523,9790.347659082587,0.25,0.2768091887050283,0.027963396836584137,8,1e-12,1.6116165406576366e-12,2
286,2531,10191.43704919873,0.125,0.24912826983452546,0.030759736520242553,8,1e-12,1.5090535339813855e-12,2
287,2539,10275.224277854719,0.375,0.24912826983452546,0.030759736520242553,8,1e-12,1.36762955893028e-12,2
288,2547,10622.064978008993,0.25,0.24912826983452546,0.030759736520242553,8,1e-12,1.2585715774328291e-12,2
289,2555,11537.638827991464,0.625,0.274041096817978,0.0276837628682183,8,1e-12,1.2102253860166183e-12,2
290,2563,12416.75124482713,0.125,0.2466369871361802,0.030452139155040133,8,1e-12,1.3130799517413152e-12,2
291,2571,12718.879833728304,0.25,0.2466369871361802,0.030452139155040133,8,1e-12,1.1746560408484502e-12,2
292,2579,12836.1854254048,0.25,0.2466369871361802,0.030452139155040133,8,1e-12,1.4865053543910657e-12,2
293,2587,13331.294916153996,0.375,0.2466369871361802,0.030452139155040133,8,1e-12,1.2653823566397852e-12,2
294,2595,14433.73870851851,0.375,0.2466369871361802,0.030452139155040133,8,1e-12,1.3007692399535551e-12,2
295,2603,16147.156285993025,0.75,0.2713006858497983,0.02740692523953612,8,1e-12,1.2279399294373396e-12,2
296,2611,17402.163578784373,0.0,0.24417061726481845,0.030147617763489735,8,1e-12,1.2031668251225914e-12,2
297,2619,17147.473412822506,0.0,0.21975355553833661,0.033162379539838714,8,1e-12,1.072699373892743e-12,2
298,2627,17187.449838882043,0.25,0.21975355553833661,0.033162379539838714,8,1e-12,1e-12,2
299,2635,17106.75167860293,0.25,0.21975355553833661,0.033162379539838714,8,1e-12,1e-12,2
300,2643,18096.31687652394,0.125,0.19777819998450297,0.03647861749382259,8,1e-12,1.1872514920801197e-12,2
301,2651,18387.806216952802,0.25,0.19777819998450297,0.03647861749382259,8,1e-12,1.0172274989150806e-12,2
302,2659,17869.245497748707,0.0,0.17800037998605267,0.04012647924320485,8,1e-12,1e-12,2
303,2667,17458.121090733108,0.125,0.1602003419874474,0.04413912716752534,8,1e-12,1e-12,2
304,2675,17255.924876592366,0.375,0.1602003419874474,0.04413912716752534,8,1e-12,1.16055547948537e-12,2
305,2683,17362.460760418522,0.125,0.14418030778870267,0.04855303988427788,8,1e-12,1.0101246386811475e-12,2
306,2691,17557.401752153568,0.125,0.1297622770098324,0.05340834387270567,8,1e-12,1e-12,2
307,2699,18638.181595577644,0.0,0.11678604930884916,0.05874917825997624,8,1e-12,1.0636807614904994e-12,2
308,2707,19780.62058400604,0.375,0.11678604930884916,0.05874917825997624,8,1e-12,1e-12,2
309,2715,21270.575785455825,0.5,0.11678604930884916,0.05874917825997624,8,1e-12,1.0055796144576374e-12,2
310,2723,22211.421540355106,0.25,0.11678604930884916,0.05874917825997624,8,1e-12,1e-12,2
311,2731,22063.68826208612,0.0,0.10510744437796424,0.06462409608597387,8,1e-12,1e-12,2
312,2739,21527.790865689036,0.125,0.09459669994016781,0.07108650569457127,8,1e-12,1e-12,2
313,2747,21482.110290560246,0.25,0.09459669994016781,0.07108650569457127,8,1e-12,1e-12,2
314,2755,21948.316405642097,0.125,0.08513702994615104,0.0781951562640284,8,1e-12,1.0218775427433106e-12,2
315,2763,20050.98451654785,0.0,0.07662332695153594,0.08601467189043124,8,1e-12,1.0424063552390133e-12,2
316,2771,18452.843750714463,0.125,0.06896099425638234,0.09461613907947437,8,1e-12,1.0844989673006748e-12,2
317,2779,17345.072370505746,0.25,0.06896099425638234,0.09461613907947437,8,1e-12,1.3396433821372272e-12,2
318,2786,17459.15000143137,0.7142857142857143,0.016959786842925047,0.01,7,1e-12,1.363606598717925e-12,2
319,2793,18391.06969430409,0.14285714285714285,0.015263808158632543,0.011000000000000001,7,1e-12,1.3481344038870016e-12,2
320,2800,18825.161790290203,0.2857142857142857,0.015263808158632543,0.011000000000000001,7,1e-12,1.3395830330803756e-12,2
321,2807,18648.411529184537,0.0,0.013737427342769289,0.012100000000000001,7,1e-12,1.3205696383258002e-12,2
322,2814,17939.572401915168,0.0,0.01236368460849236,0.013310000000000002,7,1e-12,1.2854847151889194e-12,2
323,2821,17472.019829717134,0.14285714285714285,0.011127316147643125,0.014641000000000003,7,1e-12,1.2400749127718728e-12,2
324,2828,16882.76380834981,0.14285714285714285,0.010014584532878812,0.016105100000000004,7,1e-12,1.2035408183496753e-12,2
325,2835,17466.914832393883,0.14285714285714285,0.01,0.017715610000000007,7,1e-12,1.1964707223935422e-12,2
326,2842,17603.32331938146,0.14285714285714285,0.01,0.019487171000000008,7,1e-12,1.1585020246908297e-12,2
327,2849,17494.319544433074,0.5714285714285714,0.011000000000000001,0.017538453900000008,7,1e-12,1.1303511749251737e-12,2
328,2856,16993.50679253798,0.14285714285714285,0.01,0.01929229929000001,7,1e-12,1.0968763090326103e-12,2
329,2863,16869.908235782303,0.2857142857142857,0.01,0.01929229929000001,7,1e-12,1.0795223711760094e-12,2
330,2870,17003.172561595653,0.0,0.01,0.021221529219000012,7,1e-12,1.058530421521612e-12,2
331,2877,18272.32103660828,0.5714285714285714,0.011000000000000001,0.019099376297100013,7,1e-12,1.010858578586159e-12,2
332,2884,19391.87333124856,0.42857142857142855,0.011000000000000001,0.019099376297100013,7,1e-12,1.001627577431107e-12,2
333,2891,20102.41787260503,0.14285714285714285,0.01,0.021009313926810016,7,1e-12,1e-12,2
334,2898,21231.561749477645,0.14285714285714285,0.01,0.02311024531949102,7,1e-12,1e-12,2
335,2905,22421.787580982505,0.14285714285714285,0.01,0.025421269851440123,7,1e-12,1e-12,2
336,2912,23288.490210775366,0.7142857142857143,0.011000000000000001,0.022879142866296113,7,1e-12,1e-12,2
337,2919,23588.88067621489,0.14285714285714285,0.01,0.025167057152925727,7,1e-12,1e-12,2
338,2926,23322.180274975635,0.0,0.01,0.027683762868218303,7,1e-12,1.0900567181978564e-12,2
339,2933,22910.017476248406,0.14285714285714285,0.01,0.030452139155040137,7,1e-12,1.0520531077995271e-12,2
340,2940,21913.306615554367,0.7142857142857143,0.011000000000000001,0.027406925239536122,7,1e-12,1.0197200961347695e-12,2
341,2947,20278.334002739,0.14285714285714285,0.01,0.030147617763489738,7,1e-12,1e-12,2
342,2954,19776.126905896002,0.14285714285714285,0.01,0.033162379539838714,7,1e-12,1e-12,2
343,2961,19672.30761862874,0.14285714285714285,0.01,0.03647861749382259,7,1e-12,1e-12,2
344,2968,19869.354102078098,0.0,0.01,0.04012647924320485,7,1e-12,1.0270453868397898e-12,2
345,2975,20123.844437327672,0.2857142857142857,0.01,0.04012647924320485,7,1e-12,1.0640510639594735e-12,2
346,2982,20249.797070757508,0.7142857142857143,0.011000000000000001,0.03611383131888437,7,1e-12,1.0522014118038014e-12,2
347,2989,20958.654130523268,0.14285714285714285,0.01,0.03972521445077281,7,1e-12,1.2332711523819767e-12,2
348,2996,21194.39857987686,0.2857142857142857,0.01,0.03972521445077281,7,1e-12,1.1449057661466275e-12,2
349,3003,21034.950486824433,0.5714285714285714,0.011000000000000001,0.03575269300569553,7,1e-12,1.0970896939801965e-12,2
350,3010,22140.827562613773,0.42857142857142855,0.011000000000000001,0.03575269300569553,7,1e-12,1.1609084975766495e-12,2
351,3017,22636.06728922328,0.14285714285714285,0.01,0.039327962306265084,7,1e-12,1.1586834696742968e-12,2
352,3024,21932.772392799037,0.42857142857142855,0.01,0.039327962306265084,7,1e-12,1.066858738519907e-12,2
353,3031,22038.200767158574,0.7142857142857143,0.011000000000000001,0.03539516607563858,7,1e-12,1.046404256038491e-12,2
354,3038,21330.85617496361,0.5714285714285714,0.012100000000000001,0.03185564946807472,7,1e-12,1.132373941860711e-12,2
355,3045,19949.64988968559,0.2857142857142857,0.012100000000000001,0.03185564946807472,7,1e-12,1.0846651463305386e-12,2
356,3052,18975.8275083652,0.0,0.010890000000000002,0.03504121441488219,7,1e-12,1e-12,2
357,3059,18255.573827512664,0.2857142857142857,0.010890000000000002,0.03504121441488219,7,1e-12,1e-12,2
358,3066,18119.830183563987,0.5714285714285714,0.011979000000000004,0.03153709297339397,7,1e-12,1e-12,2
359,3073,17629.783291158743,0.14285714285714285,0.010781100000000004,0.03469080227073337,7,1e-12,1e-12,2
360,3080,16918.96221671522,0.0,0.01,0.03815988249780671,7,1e-12,1e-12,2
361,3087,16776.930191485593,0.0,0.01,0.041975870747587386,7,1e-12,1.0239655457611117e-12,2
362,3094,15967.491988624868,0.14285714285714285,0.01,0.04617345782234613,7,1e-12,1e-12,2
363,3101,15711.03732795747,0.14285714285714285,0.01,0.05079080360458075,7,1e-12,1e-12,2
364,3108,15583.108419689406,0.42857142857142855,0.01,0.05079080360458075,7,1e-12,1e-12,2
365,3115,15155.61820560852,0.0,0.01,0.05586988396503883,7,1e-12,1.0115612832354864e-12,2
366,3122,13816.241999730757,0.14285714285714285,0.01,0.061456872361542715,7,1e-12,1e-12,2
367,3129,12738.671422692594,0.5714285714285714,0.011000000000000001,0.05531118512538844,7,1e-12,1e-12,2
368,3136,12701.011452728153,0.42857142857142855,0.011000000000000001,0.05531118512538844,7,1e-12,1e-12,2
369,3143,13605.227205339908,0.5714285714285714,0.012100000000000001,0.049780066612849595,7,1e-12,1.0219260181952211e-12,2
370,3150,13416.636130192268,0.0,0.010890000000000002,0.05475807327413456,7,1e-12,1e-12,2
371,3157,13128.142487798154,0.14285714285714285,0.01,0.06023388060154802,7,1e-12,1.0325333594011271e-12,2
372,3164,13366.362052749968,0.0,0.01,0.06625726866170283,7,1e-12,1.0192167597418631e-12,2
373,3171,13436.731018502585,0.0,0.01,0.07288299552787311,7,1e-12,1e-12,2
374,3178,13830.735352427559,0.14285714285714285,0.01,0.08017129508066043,7,1e-12,1e-12,2
375,3185,13813.283810742452,0.14285714285714285,0.01,0.08818842458872647,7,1e-12,1e-12,2
376,3192,14242.54299565474,0.42857142857142855,0.01,0.08818842458872647,7,1e-12,1.105152466044047e-12,2
377,3199,15142.182047196811,0.5714285714285714,0.011000000000000001,0.07936958212985383,7,1e-12,1.0312475335559583e-12,2
378,3206,15959.986801572493,0.42857142857142855,0.011000000000000001,0.07936958212985383,7,1e-12,1e-12,2
379,3213,16515.32463821923,0.0,0.01,0.08730654034283922,7,1e-12,1e-12,2
380,3220,16232.75169400536,0.14285714285714285,0.01,0.09603719437712314,7,1e-12,1e-12,2
381,3227,16110.368883950025,0.0,0.01,0.10564091381483547,7,1e-12,1.166578650301478e-12,2
382,3234,16708.62739124321,0.42857142857142855,0.01,0.10564091381483547,7,1e-12,1.1234350475002671e-12,2
383,3241,17643.995813219142,0.2857142857142857,0.01,0.10564091381483547,7,1e-12,1.037235023774015e-12,2
384,3248,19640.141205101063,0.0,0.01,0.11620500519631902,7,1e-12,1.0616529151498122e-12,2
385,3255,20686.891154972192,0.0,0.01,0.12782550571595092,7,1e-12,1.0221054775395133e-12,2
386,3262,21855.87684870534,0.0,0.01,0.14060805628754602,7,1e-12,1.2032346719536996e-12,2
387,3269,21695.58179788541,0.14285714285714285,0.01,0.15466886191630064,7,1e-12,1e-12,2
388,3276,21730.227326540316,0.0,0.01,0.17013574810793072,7,1e-12,1e-12,2
389,3283,21495.42795798823,0.0,0.01,0.1871493229187238,7,1e-12,1e-12,2
390,3290,20735.623044522647,0.0,0.01,0.2058642552105962,7,1e-12,1.0219768632120723e-12,2
391,3297,20920.00419988896,0.2857142857142857,0.01,0.2058642552105962,7,1e-12,1.0888919207925366e-12,2
392,3304,20160.123825900122,0.2857142857142857,0.01,0.2058642552105962,7,1e-12,1e-12,2
393,3311,19394.54240013737,0.42857142857142855,0.01,0.2058642552105962,7,1e-12,1.0339272799096502e-12,2
394,3318,18493.690037271666,0.42857142857142855,0.01,0.2058642552105962,7,1e-12,1.300893701952157e-12,2
395,3325,17471.359491566847,0.0,0.01,0.22645068073165583,7,1e-12,1e-12,2
396,3332,16616.818397167837,0.14285714285714285,0.01,0.24909574880482144,7,1e-12,1e-12,2
397,3339,16726.107331846462,0.42857142857142855,0.01,0.24909574880482144,7,1e-12,1e-12,2
398,3346,16395.160429614625,0.5714285714285714,0.011000000000000001,0.2241861739243393,7,1e-12,1e-12,2
399,3353,16463.52016179097,0.14285714285714285,0.01,0.24660479131677324,7,1e-12,1.4065954442112498e-12,2
400,3360,15838.027762371506,0.0,0.01,0.27126527044845056,7,1e-12,1.579633345851754e-12,2
401,3367,15111.028539691752,0.14285714285714285,0.01,0.29839179749329564,7,1e-12,1e-12,2
402,3374,15304.862744908574,0.14285714285714285,0.01,0.32823097724262523,7,1e-12,1.3426275948312058e-12,2
403,3381,15214.446078817298,0.14285714285714285,0.01,0.3610540749668878,7,1e-12,1e-12,2
404,3388,15581.067436841658,0.5714285714285714,0.011000000000000001,0.324948667470199,7,1e-12,1.065757528369143e-12,2
405,3395,16066.220247376083,0.5714285714285714,0.012100000000000001,0.2924538007231791,7,1e-12,1.0953221224289525e-12,2
406,3402,16729.2271831984,0.14285714285714285,0.010890000000000002,0.32169918079549703,7,1e-12,1.2134033543117795e-12,2
407,3409,16934.429114736202,0.14285714285714285,0.01,0.35386909887504675,7,1e-12,1e-12,2
408,3416,16922.54561573736,0.7142857142857143,0.011000000000000001,0.3184821889875421,7,1e-12,1e-12,2
409,3423,17045.616485724237,0.14285714285714285,0.01,0.3503304078862963,7,1e-12,1.2549477531939499e-12,2
410,3430,17886.989289979658,0.0,0.01,0.385363448674926,7,1e-12,1.3062313168735456e-12,2
411,3437,18853.249344075142,0.42857142857142855,0.01,0.385363448674926,7,1e-12,1e-12,2
412,3444,19606.2952353758,0.2857142857142857,0.01,0.385363448674926,7,1e-12,1.2585810339948448e-12,2
413,3451,19799.39275354024,0.0,0.01,0.42389979354241863,7,1e-12,1.049990493763975e-12,2
414,3458,19090.956607573247,0.0,0.01,0.4662897728966605,7,1e-12,1.1185263323486233e-12,2
415,3465,19503.825759911328,0.42857142857142855,0.01,0.4662897728966605,7,1e-12,1.5570500944447216e-12,2
416,3472,18623.231659641235,0.14285714285714285,0.01,0.5129187501863266,7,1e-12,1e-12,2
417,3479,18172.959245639064,0.2857142857142857,0.01,0.5129187501863266,7,1e-12,1e-12,2
418,3486,18040.307994500898,0.0,0.01,0.5642106252049593,7,1e-12,1.2960856015415452e-12,2
419,3493,18117.654155359884,0.2857142857142857,0.01,0.5642106252049593,7,1e-12,1e-12,2
420,3500,18601.077967730238,0.14285714285714285,0.01,0.6206316877254553,7,1e-12,1.1134260174113562e-12,2
421,3507,19536.594675144326,0.14285714285714285,0.01,0.6826948564980009,7,1e-12,1e-12,2
422,3514,19738.03353213104,0.2857142857142857,0.01,0.6826948564980009,7,1e-12,1e-12,2
423,3521,20048.66878990638,0.14285714285714285,0.01,0.7509643421478011,7,1e-12,1e-12,2
424,3528,18935.627083452157,0.0,0.01,0.8260607763625812,7,1e-12,1.2669431697852907e-12,2
425,3535,18361.87181130964,0.0,0.01,0.9,7,1e-12,1e-12,2
426,3542,18239.14551534508,0.5714285714285714,0.011000000000000001,0.81,7,1e-12,2.7419280223851042e-12,2
427,3549,18729.112541582155,0.0,0.01,0.8910000000000001,7,1e-12,1.2643219808043174e-12,2
428,3556,18893.47625078574,0.14285714285714285,0.01,0.9,7,1e-12,1e-12,2
429,3563,19121.834117698167,0.0,0.01,0.9,7,1e-12,1e-12,2
430,3570,19923.12462747067,0.42857142857142855,0.01,0.9,7,1e-12,1e-12,2
431,3577,21453.401221983717,0.14285714285714285,0.01,0.9,7,1e-12,3.0371445243283426e-12,2
432,3584,22052.270827513963,0.14285714285714285,0.01,0.9,7,1e-12,2.332722872621305e-12,2
433,3591,22640.2259779782,0.0,0.01,0.9,7,1e-12,3.3741408183513574e-12,2
434,3598,24512.08259509822,0.2857142857142857,0.01,0.9,7,1e-12,2.7983173289344763e-12,2
435,3605,25653.58978682501,0.42857142857142855,0.01,0.9,7,1e-12,1e-12,2
436,3612,27236.99238331984,0.42857142857142855,0.01,0.9,7,1e-12,1.95436020371588e-12,2
437,3619,28427.27358951591,0.0,0.01,0.9,7,1e-12,2.2104261868878214e-12,2
438,3626,27101.107600745458,0.14285714285714285,0.01,0.9,7,1e-12,1e-12,2
439,3633,26860.781330058293,0.42857142857142855,0.01,0.9,7,1e-12,1e-12,2
440,3640,27666.283969134904,0.42857142857142855,0.01,0.9,7,1e-12,1.0610910830906086e-12,2
441,3647,27607.327785097194,0.14285714285714285,0.01,0.9,7,1e-12,1e-12,2
442,3654,27571.78592515694,0.5714285714285714,0.011000000000000001,0.81,7,1e-12,2.812707296979564e-12,2
443,3661,29139.299017731708,0.14285714285714285,0.01,0.8910000000000001,7,1e-12,1.5410460955792194e-11,2
444,3668,29900.192153291657,0.14285714285714285,0.01,0.9,7,1e-12,3.3204781588957093e-12,2
445,3675,29443.376500246937,0.0,0.01,0.9,7,1e-12,1e-12,2
446,3682,28556.09821206231,0.0,0.01,0.9,7,1e-12,1e-12,2
447,3689,27046.29431559461,0.0,0.01,0.9,7,1e-12,2.700288620803589e-12,2
448,3696,24563.307347196398,0.0,0.01,0.9,7,1e-12,2.536129978035835e-12,2
449,3703,22119.76522073642,0.0,0.01,0.9,7,1e-12,1e-12,2
450,3710,21110.91968847066,0.5714285714285714,0.011000000000000001,0.81,7,1e-12,1.6463149846130324e-12,2
451,3717,20620.11406033165,0.14285714285714285,0.01,0.8910000000000001,7,1e-12,2.8808076869455773e-12,2
452,3724,20044.21630142455,0.0,0.01,0.9,7,1e-12,1e-12,2
453,3731,18620.41025393604,0.0,0.01,0.9,7,1e-12,1.4430037947671876e-12,2
454,3738,17828.026681904004,0.0,0.01,0.9,7,1e-12,1e-12,2
455,3745,17286.825755467074,0.14285714285714285,0.01,0.9,7,1e-12,1.2597084556741276e-12,2
456,3752,16914.73687702566,0.5714285714285714,0.011000000000000001,0.81,7,1e-12,1.2645807021801272e-12,2
457,3759,17212.40365349334,0.14285714285714285,0.01,0.8910000000000001,7,1e-12,1.0634368044604401e-12,2
458,3766,16128.85891208825,0.14285714285714285,0.01,0.9,7,1e-12,1e-12,2
459,3773,15593.891964290864,0.14285714285714285,0.01,0.9,7,1e-12,1e-12,2
460,3780,15537.05217155068,0.14285714285714285,0.01,0.9,7,1e-12,1e-12,2
461,3787,15176.67022853088,0.0,0.01,0.9,7,1e-12,1.1337194108968709e-12,2
462,3794,14609.917282069275,0.0,0.01,0.9,7,1e-12,1e-12,2
463,3801,14504.74509324853,0.2857142857142857,0.01,0.9,7,1e-12,1.7511460397336068e-12,2
464,3808,14293.278305116854,0.14285714285714285,0.01,0.9,7,1e-12,1e-12,2
465,3815,13833.241260669804,0.2857142857142857,0.01,0.9,7,1e-12,1e-12,2
466,3822,14137.476675070498,0.5714285714285714,0.011000000000000001,0.81,7,1e-12,1e-12,2
467,3829,14413.812921819563,0.2857142857142857,0.011000000000000001,0.81,7,1e-12,1e-12,2
468,3836,14202.120447540343,0.2857142857142857,0.011000000000000001,0.81,7,1e-12,1e-12,2
469,3843,14178.31432313242,0.0,0.01,0.8910000000000001,7,1e-12,1.4588152666769337e-12,2
470,3850,14767.762213410666,0.0,0.01,0.9,7,1e-12,1e-12,2
471,3857,14826.7147726633,0.0,0.01,0.9,7,1e-12,1e-12,2
472,3864,15167.03916996101,0.14285714285714285,0.01,0.9,7,1e-12,2.1536424122447177e-12,2
473,3871,15318.485458743418,0.0,0.01,0.9,7,1e-12,1e-12,2
474,3878,14888.869887869541,0.0,0.01,0.9,7,1e-12,1.0417981907215517e-12,2
475,3885,14903.02319846902,0.0,0.01,0.9,7,1e-12,1e-12,2
476,3892,14964.01161972414,0.7142857142857143,0.011000000000000001,0.81,7,1e-12,1e-12,2
477,3898,14339.126697248932,0.0,0.013876189235120493,0.007857575644916806,6,1e-12,1.0022697682255752e-12,2
478,3904,13834.124315939445,0.0,0.012488570311608445,0.008643333209408487,6,1e-12,1.0058268506081118e-12,2
479,3910,13384.96247202738,0.6666666666666666,0.01373742734276929,0.01,6,1e-12,1.0012373554561992e-12,2
480,3916,13164.193660106579,0.16666666666666666,0.012363684608492362,0.011000000000000001,6,1e-12,1.0157467538381604e-12,2
481,3922,12713.172954262884,0.5,0.012363684608492362,0.011000000000000001,6,1e-12,1.001261837365361e-12,2
482,3928,12182.167374590219,0.16666666666666666,0.011127316147643127,0.012100000000000001,6,1e-12,1e-12,2
483,3934,12124.840520482525,0.3333333333333333,0.011127316147643127,0.012100000000000001,6,1e-12,1.00588878194259e-12,2
484,3940,12335.862914029829,0.0,0.010014584532878814,0.013310000000000002,6,1e-12,1e-12,2
485,3946,12271.378139865652,0.16666666666666666,0.01,0.014641000000000003,6,1e-12,1e-12,2
486,3952,12566.711647811328,0.0,0.01,0.016105100000000004,6,1e-12,1.0079812004564076e-12,2
487,3958,12856.823794563947,0.0,0.01,0.017715610000000007,6,1e-12,1.0375063237425409e-12,2
488,3964,12921.830264208676,0.5,0.01,0.017715610000000007,6,1e-12,1.0266121639467127e-12,2
489,3970,12789.008918196629,0.0,0.01,0.019487171000000008,6,1e-12,1e-12,2
490,3976,13262.012034868863,0.16666666666666666,0.01,0.021435888100000012,6,1e-12,1.0145762044785563e-12,2
491,3982,13406.344374800381,0.16666666666666666,0.01,0.023579476910000015,6,1e-12,1e-12,2
492,3988,13468.897304837432,0.16666666666666666,0.01,0.025937424601000018,6,1e-12,1.0078735158275598e-12,2
493,3994,13471.161219186542,1.0,0.011000000000000001,0.023343682140900015,6,1e-12,1e-12,2
494,4000,13713.440484241564,0.5,0.011000000000000001,0.023343682140900015,6,1e-12,1e-12,2
495,4006,12909.751012023497,0.16666666666666666,0.01,0.025678050354990017,6,1e-12,1.0176220309169556e-12,2
496,4012,12241.653256323489,0.16666666666666666,0.01,0.02824585539048902,6,1e-12,1e-12,2
497,4018,12081.740970286282,0.16666666666666666,0.01,0.031070440929537924,6,1e-12,1.0378351588469723e-12,2
498,4024,11721.811979860093,0.5,0.01,0.031070440929537924,6,1e-12,1e-12,2
499,4030,11536.62050708724,0.6666666666666666,0.011000000000000001,0.027963396836584133,6,1e-12,1.0165467934940853e-12,2
500,4036,11605.18008176522,0.3333333333333333,0.011000000000000001,0.027963396836584133,6,1e-12,1e-12,2
501,4042,11748.606460511231,0.16666666666666666,0.01,0.03075973652024255,6,1e-12,1e-12,2
502,4048,12531.92324179605,0.5,0.01,0.03075973652024255,6,1e-12,1.000080938724829e-12,2
503,4054,13118.237719060298,0.16666666666666666,0.01,0.03383571017226681,6,1e-12,1.0161158044066483e-12,2
504,4060,13628.174519473821,0.5,0.01,0.03383571017226681,6,1e-12,1e-12,2
505,4066,13795.698503886626,0.5,0.01,0.03383571017226681,6,1e-12,1.0052670787158413e-12,2
506,4072,13624.383210724864,0.5,0.01,0.03383571017226681,6,1e-12,1.0558702604680554e-12,2
507,4078,12801.729646730722,0.0,0.01,0.0372192811894935,6,1e-12,1.0468496495471605e-12,2
508,4084,11841.955430451815,0.0,0.01,0.04094120930844285,6,1e-12,1e-12,2
509,4090,11299.92522289646,0.3333333333333333,0.01,0.04094120930844285,6,1e-12,1e-12,2
510,4096,11216.409463805381,0.16666666666666666,0.01,0.04503533023928714,6,1e-12,1.0372655041097595e-12,2
511,4102,10897.573518537285,0.16666666666666666,0.01,0.049538863263215854,6,1e-12,1.0365644053268215e-12,2
512,4108,10561.993082087636,0.5,0.01,0.049538863263215854,6,1e-12,1e-12,2
513,4114,10950.847752107737,0.6666666666666666,0.011000000000000001,0.04458497693689427,6,1e-12,1.1018475171663853e-12,2
514,4120,11384.775397211526,0.16666666666666666,0.01,0.0490434746305837,6,1e-12,1.0579922308827814e-12,2
515,4126,11642.501506278179,0.0,0.01,0.05394782209364207,6,1e-12,1.0470986245671932e-12,2
516,4132,12359.725072631343,0.16666666666666666,0.01,0.05934260430300629,6,1e-12,1.0888400767727673e-12,2
517,4138,12748.750250421386,0.5,0.01,0.05934260430300629,6,1e-12,1e-12,2
518,4144,13121.659450823454,0.5,0.01,0.05934260430300629,6,1e-12,1e-12,2
519,4150,12625.077409527028,0.0,0.01,0.06527686473330692,6,1e-12,1e-12,2
520,4156,12739.516913970865,0.16666666666666666,0.01,0.07180455120663762,6,1e-12,1.0173020915103868e-12,2
521,4162,12692.635035667316,0.5,0.01,0.07180455120663762,6,1e-12,1e-12,2
522,4168,13501.854779251446,0.3333333333333333,0.01,0.07180455120663762,6,1e-12,1e-12,2
523,4174,14003.752515900995,0.5,0.01,0.07180455120663762,6,1e-12,1.010008842944094e-12,2
524,4180,14191.20231762642,0.16666666666666666,0.01,0.07898500632730139,6,1e-12,1.0042524930533571e-12,2
525,4186,14344.464808722116,0.0,0.01,0.08688350696003154,6,1e-12,1e-12,2
526,4192,14414.337434778698,0.16666666666666666,0.01,0.0955718576560347,6,1e-12,1e-12,2
527,4198,15625.932986181706,0.0,0.01,0.10512904342163817,6,1e-12,1.2889422286633439e-12,2
528,4204,16384.51843918424,0.0,0.01,0.115641947763802,6,1e-12,1e-12,2
529,4210,15938.423334862462,0.16666666666666666,0.01,0.12720614254018223,6,1e-12,1e-12,2
530,4216,15063.248806677351,0.6666666666666666,0.011000000000000001,0.11448552828616401,6,1e-12,1e-12,2
531,4222,14415.895795380797,0.16666666666666666,0.01,0.1259340811147804,6,1e-12,1e-12,2
532,4228,13981.85906228576,0.0,0.01,0.13852748922625846,6,1e-12,1.0560175819463988e-12,2
533,4234,13974.311342997316,0.16666666666666666,0.01,0.15238023814888432,6,1e-12,1.1668745691698324e-12,2
534,4240,14483.239222330123,0.16666666666666666,0.01,0.16761826196377277,6,1e-12,1.4882072594619074e-12,2
535,4246,14395.331281898203,0.16666666666666666,0.01,0.18438008816015006,6,1e-12,1e-12,2
536,4252,13569.087367444796,0.5,0.01,0.18438008816015006,6,1e-12,1e-12,2
537,4258,13448.559433266784,0.16666666666666666,0.01,0.20281809697616507,6,1e-12,1.343285794942645e-12,2
538,4264,12979.976112209324,0.3333333333333333,0.01,0.20281809697616507,6,1e-12,1.0803531424010945e-12,2
539,4270,12423.140176821305,0.0,0.01,0.2230999066737816,6,1e-12,1e-12,2
540,4276,11920.699490615365,0.16666666666666666,0.01,0.24540989734115978,6,1e-12,1.3874704331122988e-12,2
541,4282,11809.966061004765,0.16666666666666666,0.01,0.26995088707527576,6,1e-12,1.0275610852014286e-12,2
542,4288,11914.21142833591,0.8333333333333334,0.011000000000000001,0.2429557983677482,6,1e-12,1.173562217950253e-12,2
543,4294,12539.974265179457,0.3333333333333333,0.011000000000000001,0.2429557983677482,6,1e-12,1.5977807644549714e-12,2
544,4300,13373.727650025196,0.3333333333333333,0.011000000000000001,0.2429557983677482,6,1e-12,1.029922992030215e-12,2
545,4306,13381.198322539632,0.16666666666666666,0.01,0.26725137820452305,6,1e-12,1e-12,2
546,4312,13226.041674496537,0.6666666666666666,0.011000000000000001,0.24052624038407075,6,1e-12,1.1048293810738853e-12,2
547,4318,13423.347383264932,0.16666666666666666,0.01,0.26457886442247786,6,1e-12,1.1575744746766356e-12,2
548,4324,13625.134076957122,0.16666666666666666,0.01,0.2910367508647257,6,1e-12,1e-12,2
549,4330,13692.015668915557,0.3333333333333333,0.01,0.2910367508647257,6,1e-12,1e-12,2
550,4336,13245.978921009262,0.0,0.01,0.3201404259511983,6,1e-12,1.0644490846605713e-12,2
551,4342,13398.676293576493,0.6666666666666666,0.011000000000000001,0.2881263833560785,6,1e-12,1.2527372674169914e-12,2
552,4348,13787.374474519407,0.16666666666666666,0.01,0.31693902169168636,6,1e-12,1.1617737342815329e-12,2
553,4354,13212.543374949146,0.3333333333333333,0.01,0.31693902169168636,6,1e-12,1e-12,2
554,4360,12729.73907803527,0.6666666666666666,0.011000000000000001,0.28524511952251774,6,1e-12,1e-12,2
555,4366,11843.012485987745,0.3333333333333333,0.011000000000000001,0.28524511952251774,6,1e-12,1e-12,2
556,4372,10945.978137192304,0.3333333333333333,0.011000000000000001,0.28524511952251774,6,1e-12,1e-12,2
557,4378,10689.555006501381,0.3333333333333333,0.011000000000000001,0.28524511952251774,6,1e-12,1e-12,2
558,4384,10505.965497511559,0.16666666666666666,0.01,0.31376963147476955,6,1e-12,1.1839409929740998e-12,2
559,4390,10150.231990871447,0.0,0.01,0.34514659462224656,6,1e-12,1e-12,2
560,4396,9960.6762566557,0.3333333333333333,0.01,0.34514659462224656,6,1e-12,1e-12,2
561,4402,9878.7832074329,0.3333333333333333,0.01,0.34514659462224656,6,1e-12,1.0673945023822227e-12,2
562,4408,9434.918088614755,0.6666666666666666,0.011000000000000001,0.3106319351600219,6,1e-12,1.3134443690977285e-12,2
563,4414,9141.269648857033,0.3333333333333333,0.011000000000000001,0.3106319351600219,6,1e-12,1.0703004554782995e-12,2
564,4420,8555.286791134158,0.5,0.011000000000000001,0.3106319351600219,6,1e-12,1e-12,2
565,4426,8066.4139065891495,0.5,0.011000000000000001,0.3106319351600219,6,1e-12,1.0867098144947574e-12,2
566,4432,8082.452802534717,0.3333333333333333,0.011000000000000001,0.3106319351600219,6,1e-12,1.7111258368497918e-12,2
567,4438,8334.562367768503,0.3333333333333333,0.011000000000000001,0.3106319351600219,6,1e-12,1e-12,2
568,4444,8238.692468267642,0.5,0.011000000000000001,0.3106319351600219,6,1e-12,1.0958377061303363e-12,2
569,4450,8114.3077042304785,0.6666666666666666,0.012100000000000001,0.27956874164401974,6,1e-12,1e-12,2
570,4456,7613.143281122144,0.3333333333333333,0.012100000000000001,0.27956874164401974,6,1e-12,1.0009327996480503e-12,2
571,4462,7125.99459389527,0.6666666666666666,0.013310000000000002,0.2516118674796178,6,1e-12,1.0715731722794596e-12,2
572,4468,6953.952247256758,0.3333333333333333,0.013310000000000002,0.2516118674796178,6,1e-12,1.0865016174495358e-12,2
573,4474,6938.988945890733,0.5,0.013310000000000002,0.2516118674796178,6,1e-12,1.4199766240442484e-12,2
574,4480,6712.849001075276,0.5,0.013310000000000002,0.2516118674796178,6,1e-12,1e-12,2
575,4486,6409.520736128134,0.5,0.013310000000000002,0.2516118674796178,6,1e-12,1e-12,2
576,4492,6406.907834293223,0.8333333333333334,0.014641000000000003,0.226450680731656,6,1e-12,1.2811282489066573e-12,2
577,4498,6290.436698002084,0.5,0.014641000000000003,0.226450680731656,6,1e-12,1e-12,2
578,4504,6114.16731375424,0.3333333333333333,0.014641000000000003,0.226450680731656,6,1e-12,1.1237638542165554e-12,2
579,4510,6103.029251027892,1.0,0.016105100000000004,0.2038056126584904,6,1e-12,1e-12,2
580,4516,6205.768798356696,0.6666666666666666,0.017715610000000007,0.18342505139264137,6,1e-12,1.0164955566203429e-12,2
581,4522,6407.3640202124925,0.6666666666666666,0.019487171000000008,0.16508254625337723,6,1e-12,1e-12,2
582,4528,6433.599031671097,0.3333333333333333,0.019487171000000008,0.16508254625337723,6,1e-12,1e-12,2
583,4534,6633.793282692721,0.6666666666666666,0.021435888100000012,0.1485742916280395,6,1e-12,1e-12,2
584,4540,6716.137818338383,1.0,0.023579476910000015,0.13371686246523556,6,1e-12,1e-12,2
585,4546,6131.409330552168,0.6666666666666666,0.025937424601000018,0.120345176218712,6,1e-12,1e-12,2
586,4552,5580.6922893656165,0.3333333333333333,0.025937424601000018,0.120345176218712,6,1e-12,1e-12,2
587,4558,5066.028428970025,0.6666666666666666,0.02853116706110002,0.1083106585968408,6,1e-12,1.0739031549879059e-12,2
588,4564,4642.463125338317,1.0,0.031384283767210024,0.09747959273715673,6,1e-12,1e-12,2
589,4570,4462.066669986315,0.6666666666666666,0.03452271214393103,0.08773163346344105,6,1e-12,1.0979459780974518e-12,2
590,4576,4221.972050103129,1.0,0.03797498335832414,0.07895847011709695,6,1e-12,1.0902801189224942e-12,2
591,4582,4037.238105130884,1.0,0.04177248169415655,0.07106262310538726,6,1e-12,1.0806250831946237e-12,2
592,4588,3987.0565237139854,0.8333333333333334,0.04594972986357221,0.06395636079484854,6,1e-12,1.0296203329092021e-12,2
593,4594,4183.205340984531,1.0,0.050544702849929436,0.057560724715363686,6,1e-12,1.069493912198039e-12,2
594,4600,4191.314338915728,0.8333333333333334,0.05559917313492239,0.05180465224382732,6,1e-12,1e-12,2
595,4606,4189.050461057383,0.6666666666666666,0.06115909044841463,0.04662418701944459,6,1e-12,1e-12,2
596,4612,4226.613209659951,1.0,0.0672749994932561,0.041961768317500134,6,1e-12,1.0193956002430204e-12,2
597,4618,4362.10945469066,0.5,0.0672749994932561,0.041961768317500134,6,1e-12,1.0145054152028044e-12,2
598,4624,4470.309482148478,0.5,0.0672749994932561,0.041961768317500134,6,1e-12,1.0488779953760007e-12,2
599,4630,4576.838797750357,0.8333333333333334,0.07400249944258172,0.03776559148575012,6,1e-12,1e-12,2
600,4636,4620.15453900436,1.0,0.0814027493868399,0.03398903233717511,6,1e-12,1e-12,2
601,4642,4707.782190999171,1.0,0.0895430243255239,0.0305901291034576,6,1e-12,1e-12,2
602,4648,4758.588046873628,1.0,0.09849732675807629,0.02753111619311184,6,1e-12,1e-12,2
603,4654,4637.8845325377015,0.8333333333333334,0.10834705943388392,0.024778004573800656,6,1e-12,1e-12,2
604,4660,4388.443487098033,1.0,0.11918176537727232,0.02230020411642059,6,1e-12,1.2039721309950757e-12,2
605,4666,4046.7401143215343,0.8333333333333334,0.13109994191499957,0.02007018370477853,6,1e-12,1.1850129067110596e-12,2
606,4672,3774.4984246042777,1.0,0.14420993610649954,0.018063165334300677,6,1e-12,1.325578275164749e-12,2
607,4678,3673.7613716527544,1.0,0.1586309297171495,0.01625684880087061,6,1e-12,1.3936787394519298e-12,2
608,4684,3601.1960550479425,0.6666666666666666,0.17449402268886446,0.01463116392078355,6,1e-12,1.5720941156119914e-12,2
609,4690,3735.3245086365355,1.0,0.19194342495775094,0.013168047528705195,6,1e-12,1.5244360034252536e-12,2
610,4696,3775.9016896398402,0.5,0.19194342495775094,0.013168047528705195,6,1e-12,1.3959128725370153e-12,2
611,4702,3798.524716603505,1.0,0.21113776745352605,0.011851242775834676,6,1e-12,1.3409342049771135e-12,2
612,4708,3860.213551318063,1.0,0.23225154419887867,0.010666118498251208,6,1e-12,1.5532697155235581e-12,2
613,4714,3844.151814310559,1.0,0.25547669861876654,0.01,6,1e-12,1.4728142402052959e-12,2
614,4720,3585.660251217896,0.6666666666666666,0.2810243684806432,0.01,6,1e-12,1.1912971702943159e-12,2
615,4726,3457.823160702842,1.0,0.30912680532870757,0.01,6,1e-12,1.5049714147110534e-12,2
616,4732,3387.555389875674,0.8333333333333334,0.34003948586157834,0.01,6,1e-12,1.489558216153884e-12,2
617,4738,3266.590468654708,1.0,0.3740434344477362,0.01,6,1e-12,1.4158070251107486e-12,2
618,4744,3218.4033468828393,1.0,0.41144777789250986,0.01,6,1e-12,1.2503957234958352e-12,2
619,4750,3139.4708731943983,0.8333333333333334,0.4525925556817609,0.01,6,1e-12,1.2456622120019373e-12,2
620,4756,3067.7967947837283,1.0,0.497851811249937,0.01,6,1e-12,1.2246329693190664e-12,2
621,4762,2867.6666106822636,0.8333333333333334,0.5476369923749307,0.01,6,1e-12,1.5333188578871117e-12,2
622,4768,2851.8573991019,0.8333333333333334,0.6024006916124238,0.01,6,1e-12,2.1783915212298118e-12,2
623,4774,2843.456377562017,1.0,0.6626407607736663,0.01,6,1e-12,3.252880723332168e-12,2
624,4780,2627.311358667945,1.0,0.728904836851033,0.01,6,1e-12,1.4284649128075655e-12,2
625,4786,2753.881229508399,1.0,0.8017953205361363,0.01,6,1e-12,1.957432730104442e-12,2
626,4792,2692.464385100385,1.0,0.8819748525897501,0.01,6,1e-12,1.622068810988109e-12,2
627,4798,2717.355920426105,1.0,0.9,0.01,6,1e-12,2.093512416280805e-12,2
628,4804,2697.3555501766928,1.0,0.9,0.01,6,1e-12,2.2433395442044985e-12,2
629,4810,2493.953169240522,0.8333333333333334,0.9,0.01,6,1e-12,3.0469135734380254e-12,2
630,4816,2341.160231393342,1.0,0.9,0.01,6,1e-12,3.2969237243713833e-12,2
631,4822,2205.1547941014364,1.0,0.9,0.01,6,1e-12,5.732226551951041e-12,2
632,4828,2233.7159839155333,1.0,0.9,0.01,6,1e-12,5.655991976528813e-12,2
633,4834,2209.4141932005723,0.8333333333333334,0.9,0.01,6,1e-12,8.460719866154559e-12,2
634,4840,2184.671000079225,0.6666666666666666,0.9,0.01,6,1e-12,7.55706456467087e-12,2
635,4846,2231.8596692640913,1.0,0.9,0.01,6,1e-12,9.064170197629532e-12,2
636,4852,2348.5754299581117,1.0,0.9,0.01,6,1e-12,9.066618025421057e-12,2
637,4858,2443.438751593349,1.0,0.9,0.01,6,1e-12,5.100093187492704e-12,2
638,4864,2446.3597642555196,1.0,0.9,0.01,6,1e-12,5.962243642663779e-12,2
639,4870,2374.731424095729,1.0,0.9,0.01,6,1e-12,3.2422642693808155e-12,2
640,4876,2217.7962783701164,1.0,0.9,0.01,6,1e-12,2.4711738979422106e-12,2
641,4882,2111.8021273806544,1.0,0.9,0.01,6,1e-12,2.6116323535689653e-12,2
642,4888,2160.3300892241023,1.0,0.9,0.01,6,1e-12,3.839296699790089e-12,2
643,4894,2112.0320106132212,0.6666666666666666,0.9,0.01,6,1e-12,2.883812663144918e-12,2
644,4900,2022.6203358396517,1.0,0.9,0.01,6,1e-12,6.976376255418942e-12,2
645,4906,1950.7087866931986,0.8333333333333334,0.9,0.01,6,1e-12,8.811533517868382e-12,2
646,4912,1941.652555040551,1.0,0.9,0.01,6,1e-12,6.330085925999688e-12,2
647,4918,1905.6762171742273,1.0,0.9,0.01,6,1e-12,9.534972396790923e-12,2
648,4924,1868.9736061565907,0.8333333333333334,0.9,0.01,6,1e-12,1.6158954177254707e-11,2
649,4930,1905.5197997502464,0.8333333333333334,0.9,0.01,6,1e-12,8.357829819571638e-12,2
650,4936,1833.1170861874925,0.8333333333333334,0.9,0.01,6,1e-12,1.0064983688097003e-11,2
651,4942,1798.0717132764676,1.0,0.9,0.01,6,1e-12,5.234119178221123e-12,2
652,4948,1841.662904902909,1.0,0.9,0.01,6,1e-12,5.141320626119915e-12,2
653,4954,1880.9002285295771,1.0,0.9,0.01,6,1e-12,4.909989507788204e-12,2
654,4960,1927.194922750415,1.0,0.9,0.01,6,1e-12,2.6269027049375865e-12,2
655,4966,1903.7377578122541,1.0,0.9,0.01,6,1e-12,2.5928142513530924e-12,2
656,4972,1859.5774533562553,1.0,0.9,0.01,6,1e-12,2.1034918152392964e-12,2
657,4978,1835.436231628551,1.0,0.9,0.01,6,1e-12,2.1506739473870475e-12,2
658,4984,1886.1373382795812,1.0,0.9,0.01,6,1e-12,1.3024317849130798e-12,2
659,4990,1770.709055195835,1.0,0.9,0.01,6,1e-12,1e-12,2
660,4996,1720.6616673697565,1.0,0.9,0.01,6,1e-12,3.245298868617e-12,2
661,5002,1794.5437368598775,1.0,0.9,0.01,6,1e-12,5.663683426683814e-12,2
662,5007,1770.0839156557506,1.0,0.017034483771853896,0.01,5,1e-12,5.5690670857725865e-12,2
663,5012,1726.1584449903637,1.0,0.018737932149039287,0.01,5,1e-12,5.46005670176754e-12,2
664,5017,1764.6433643948722,1.0,0.020611725363943217,0.01,5,1e-12,5.402164905810495e-12,2
665,5022,1760.4610357787865,1.0,0.02267289790033754,0.01,5,1e-12,5.2965505978589735e-12,2
666,5027,1762.4670931851576,1.0,0.024940187690371297,0.01,5,1e-12,5.209780279145623e-12,2
667,5032,1769.8783477097754,1.0,0.02743420645940843,0.01,5,1e-12,5.2432164754934794e-12,2
668,5037,1690.9991620455273,1.0,0.030177627105349276,0.01,5,1e-12,5.21525353313715e-12,2
669,5042,1689.7549345593802,1.0,0.033195389815884206,0.01,5,1e-12,5.195622879945647e-12,2
670,5047,1645.9977631866639,1.0,0.03651492879747263,0.01,5,1e-12,5.061610486387106e-12,2
671,5052,1531.883240789239,1.0,0.0401664216772199,0.01,5,1e-12,4.9641305402378306e-12,2
672,5057,1454.9256744448699,1.0,0.044183063844941896,0.01,5,1e-12,4.687899514091425e-12,2
673,5062,1420.7989536916152,1.0,0.048601370229436086,0.01,5,1e-12,4.765597176199463e-12,2
674,5067,1427.9791662291718,1.0,0.0534615072523797,0.01,5,1e-12,4.612317781283068e-12,2
675,5072,1404.978124480215,1.0,0.058807657977617674,0.01,5,1e-12,4.461181143940074e-12,2
676,5077,1308.362484504237,1.0,0.06468842377537945,0.01,5,1e-12,4.2351310249780015e-12,2
677,5082,1296.1861464388332,1.0,0.0711572661529174,0.01,5,1e-12,4.242485772741856e-12,2
678,5087,1329.6173625265587,1.0,0.07827299276820915,0.01,5,1e-12,4.21423476760348e-12,2
679,5092,1336.9919608543737,0.8,0.08610029204503007,0.01,5,1e-12,3.997916603081558e-12,2
680,5097,1399.6932731846264,1.0,0.09471032124953309,0.01,5,1e-12,3.916471240056477e-12,2
681,5102,1554.8668139046447,1.0,0.1041813533744864,0.01,5,1e-12,3.7373794921861644e-12,2
682,5107,1706.3897105598212,1.0,0.11459948871193505,0.01,5,1e-12,3.5277261050292793e-12,2
683,5112,1804.0790263831204,1.0,0.12605943758312857,0.01,5,1e-12,3.2514132009034505e-12,2
684,5117,1870.753929785711,1.0,0.13866538134144143,0.01,5,1e-12,3.2942789683569228e-12,2
685,5122,1895.318966014325,1.0,0.1525319194755856,0.01,5,1e-12,3.4314336263180712e-12,2
686,5127,1946.9439546170988,0.8,0.16778511142314415,0.01,5,1e-12,3.5824860855582838e-12,2
687,5132,2019.9685002821052,0.8,0.18456362256545858,0.01,5,1e-12,3.983919963675226e-12,2
688,5137,2025.6895911197491,1.0,0.20301998482200445,0.01,5,1e-12,3.583151224025173e-12,2
689,5142,1964.3062226299337,1.0,0.2233219833042049,0.01,5,1e-12,3.130269894111755e-12,2
690,5147,1912.6652475912322,1.0,0.24565418163462543,0.01,5,1e-12,2.793960483064958e-12,2
691,5152,1909.304516085686,1.0,0.270219599798088,0.01,5,1e-12,2.520270435225717e-12,2
692,5157,1961.1943092766633,1.0,0.29724155977789685,0.01,5,1e-12,2.1360248507467942e-12,2
693,5162,1893.1258429381014,1.0,0.32696571575568656,0.01,5,1e-12,1.8892025484369933e-12,2
694,5167,1853.3405200410293,1.0,0.35966228733125527,0.01,5,1e-12,2.2987351597132002e-12,2
695,5172,1874.6471478425262,1.0,0.3956285160643808,0.01,5,1e-12,1.835465455654761e-12,2
696,5177,1847.602857059131,1.0,0.43519136767081895,0.01,5,1e-12,1.4019732924546326e-12,2
697,5182,1850.85804950006,1.0,0.47871050443790086,0.01,5,1e-12,1.1790163560942147e-12,2
698,5187,1835.1290298740983,1.0,0.526581554881691,0.01,5,1e-12,1.3545123798719672e-12,2
699,5192,1816.850095115686,1.0,0.5792397103698601,0.01,5,1e-12,1.6742640882395178e-12,2
700,5197,1790.339975605425,1.0,0.6371636814068462,0.01,5,1e-12,1.1159215159895295e-12,2
701,5202,1735.5528495914955,1.0,0.7008800495475309,0.01,5,1e-12,3.381297287650007e-12,2
702,5207,1687.46188370475,1.0,0.7709680545022841,0.01,5,1e-12,2.2449441144789313e-12,2
703,5212,1611.7567680398327,1.0,0.8480648599525126,0.01,5,1e-12,4.5700914038335035e-12,2
704,5217,1591.1121570995138,1.0,0.9,0.01,5,1e-12,3.1183969337198504e-12,2
705,5222,1541.6437708421117,1.0,0.9,0.01,5,1e-12,2.61894848117818e-12,2
706,5227,1480.0696202683298,1.0,0.9,0.01,5,1e-12,1.7996030245432184e-12,2
707,5232,1431.7744843839803,1.0,0.9,0.01,5,1e-12,1.1182067580243294e-12,2
708,5237,1415.3280659507564,1.0,0.9,0.01,5,1e-12,2.159262899585286e-12,2
709,5242,1405.1745672821723,1.0,0.9,0.01,5,1e-12,1.8642389768854766e-12,2
710,5247,1442.4339151070171,1.0,0.9,0.01,5,1e-12,1.9085827184653e-12,2
711,5252,1423.8615401156608,1.0,0.9,0.01,5,1e-12,1.4218277353463728e-12,2
712,5257,1397.7164635932943,1.0,0.9,0.01,5,1e-12,1.6328180000102723e-12,2
713,5262,1423.6118021890659,1.0,0.9,0.01,5,1e-12,2.164921180603754e-12,2
714,5267,1428.7712236305038,1.0,0.9,0.01,5,1e-12,3.19230293233804e-12,2
715,5272,1416.9596102490777,1.0,0.9,0.01,5,1e-12,1.839226268425195e-12,2
716,5277,1427.7194996177682,1.0,0.9,0.01,5,1e-12,3.123432354647444e-12,2
717,5282,1378.2324965592709,1.0,0.9,0.01,5,1e-12,6.3580959603795744e-12,2
718,5287,1379.143515750672,1.0,0.9,0.01,5,1e-12,3.963834360974793e-12,2
719,5292,1383.4473296564172,1.0,0.9,0.01,5,1e-12,3.870745060500545e-12,2
720,5297,1336.4922192065906,1.0,0.9,0.01,5,1e-12,1.1086654969137703e-11,2
721,5302,1332.2741227490253,1.0,0.9,0.01,5,1e-12,1.2157496296772542e-11,2
722,5307,1472.0940555621355,0.8,0.9,0.01,5,1e-12,6.6015806885095095e-12,2
723,5312,1639.4407471823504,0.8,0.9,0.01,5,1e-12,2.2628737586452706e-11,2
724,5317,1818.8288784792987,0.8,0.9,0.01,5,1e-12,2.4366056041806555e-11,2
725,5322,1957.6410309806724,0.8,0.9,0.01,5,1e-12,3.256969311260101e-11,2
726,5327,2009.81029951278,0.6,0.9,0.01,5,1e-12,2.74357483730667e-11,2
727,5332,2082.0380869212536,0.8,0.9,0.01,5,1e-12,1.505874372021918e-11,2
728,5337,2093.0495484349262,0.8,0.9,0.01,5,1e-12,1.7951916376385917e-11,2
729,5342,2137.483589433392,1.0,0.9,0.01,5,1e-12,1.789649093275165e-11,2
730,5347,2150.5006153618815,0.8,0.9,0.01,5,1e-12,9.26903644507591e-12,2
731,5352,2198.1432814402046,1.0,0.9,0.01,5,1e-12,5.297142826118232e-12,2
732,5357,2186.1830760201665,1.0,0.9,0.01,5,1e-12,2.898156384252082e-12,2
733,5362,2172.7561698544578,1.0,0.9,0.01,5,1e-12,2.192831278515325e-12,2
734,5367,2066.3512097810053,1.0,0.9,0.01,5,1e-12,2.309233555803328e-12,2
735,5372,1984.6296333870407,1.0,0.9,0.01,5,1e-12,3.3007391109129407e-12,2
736,5377,1888.9815459376002,0.8,0.9,0.01,5,1e-12,3.82385151891368e-12,2
737,5382,1792.5730954316093,0.8,0.9,0.01,5,1e-12,5.328676832895454e-12,2
738,5387,1692.1924712869854,1.0,0.9,0.01,5,1e-12,2.3823894399621233e-12,2
739,5392,1671.1745219449622,1.0,0.9,0.01,5,1e-12,2.3589272836790233e-12,2
740,5397,1706.3754576999615,0.8,0.9,0.01,5,1e-12,2.7875315649048144e-12,2
741,5402,1732.5700759079248,1.0,0.9,0.01,5,1e-12,2.0759528542112693e-12,2
742,5407,1729.8649073276915,0.8,0.9,0.01,5,1e-12,4.075631323143163e-12,2
743,5412,1703.7934410021196,1.0,0.9,0.01,5,1e-12,2.4548049947127214e-12,2
744,5417,1643.5676470531241,1.0,0.9,0.01,5,1e-12,2.573795866098415e-12,2
745,5422,1573.0981580933785,1.0,0.9,0.01,5,1e-12,5.260888956522402e-12,2
746,5427,1543.6498468301675,0.2,0.9,0.01,5,1e-12,3.142247710521222e-12,2
747,5432,1400.240561245468,1.0,0.9,0.01,5,1e-12,6.87091339871615e-12,2
748,5437,1368.50772142488,1.0,0.9,0.01,5,1e-12,5.510723108457183e-12,2
749,5442,1346.0645268788971,1.0,0.9,0.01,5,1e-12,7.182487796138286e-12,2
750,5447,1364.2998851592185,1.0,0.9,0.01,5,1e-12,4.345498256962777e-12,2
751,5452,1349.6401173423963,1.0,0.9,0.01,5,1e-12,4.414529169906303e-12,2
752,5457,1281.5386875534723,1.0,0.9,0.01,5,1e-12,5.095505652029346e-12,2
753,5462,1234.658557295592,1.0,0.9,0.01,5,1e-12,1.0425323416019294e-11,2
754,5467,1197.204567511063,1.0,0.9,0.01,5,1e-12,1.0515684183517637e-11,2
755,5472,1154.8817814644226,1.0,0.9,0.01,5,1e-12,1.2209496137750516e-11,2
756,5477,1214.3850122437227,1.0,0.9,0.01,5,1e-12,8.419610723120412e-12,2
757,5482,1238.5451652637212,1.0,0.9,0.01,5,1e-12,6.464419222695067e-12,2
758,5487,1257.0816685639272,1.0,0.9,0.01,5,1e-12,4.520404702950639e-12,2
759,5492,1256.569483335657,1.0,0.9,0.01,5,1e-12,4.9334696642777196e-12,2
760,5497,1286.2509732491253,1.0,0.9,0.01,5,1e-12,4.810886625085009e-12,2
761,5502,1220.9564900891537,0.6,0.9,0.01,5,1e-12,3.095775054537105e-12,2
762,5507,1168.2595200782607,1.0,0.9,0.01,5,1e-12,1.825710473323467e-12,2
763,5512,1134.7765940212894,1.0,0.9,0.01,5,1e-12,2.2738344952134192e-12,2
764,5517,1132.1178695810295,1.0,0.9,0.01,5,1e-12,3.982914043944879e-12,2
765,5522,1112.205770028831,1.0,0.9,0.01,5,1e-12,2.465873465552124e-12,2
766,5527,1114.7285397677751,1.0,0.9,0.01,5,1e-12,2.681196214519959e-12,2
767,5532,1083.6926788779674,1.0,0.9,0.01,5,1e-12,1.4703700374170708e-12,2
768,5537,1047.0399113082829,1.0,0.9,0.01,5,1e-12,3.742170221478041e-12,2
769,5542,1062.6803572484584,1.0,0.9,0.01,5,1e-12,7.0039664630883565e-12,2
770,5547,1103.9666183686684,1.0,0.9,0.01,5,1e-12,1.2858386236658002e-11,2
771,5552,1172.2536362048838,1.0,0.9,0.01,5,1e-12,1.0128993326727642e-11,2
772,5557,1209.3161036277331,1.0,0.9,0.01,5,1e-12,8.157859844457607e-12,2
773,5562,1237.3555614328898,0.8,0.9,0.01,5,1e-12,1.5794509840957664e-11,2
774,5567,1266.4749689731923,0.8,0.9,0.01,5,1e-12,9.411374410393124e-12,2
775,5572,1308.1649390611294,1.0,0.9,0.01,5,1e-12,1.0249991066116813e-11,2
776,5577,1369.212804390629,0.8,0.9,0.01,5,1e-12,1.1193153654619877e-11,2
777,5582,1417.8587420174988,1.0,0.9,0.01,5,1e-12,6.002589042702946e-12,2
778,5587,1365.9980520650809,1.0,0.9,0.01,5,1e-12,3.5462507010906475e-12,2
779,5592,1311.2603579649835,1.0,0.9,0.01,5,1e-12,3.5330248227735725e-12,2
780,5597,1261.4476415713896,1.0,0.9,0.01,5,1e-12,4.656268054063566e-12,2
781,5602,1252.970112457592,1.0,0.9,0.01,5,1e-12,5.947949188535399e-12,2
782,5607,1255.3134804821777,1.0,0.9,0.01,5,1e-12,4.035653877665641e-12,2
783,5612,1270.7513714910344,1.0,0.9,0.01,5,1e-12,3.4673129546181653e-12,2
784,5617,1320.014298176191,1.0,0.9,0.01,5,1e-12,4.727026353145732e-12,2
785,5622,1374.4229311752906,1.0,0.9,0.01,5,1e-12,3.073404150564029e-12,2
786,5627,1399.0314185451475,1.0,0.9,0.01,5,1e-12,1.6731835182137573e-12,2
787,5632,1349.330098925026,1.0,0.9,0.01,5,1e-12,1.741909911382656e-12,2
788,5637,1323.4981554219396,1.0,0.9,0.01,5,1e-12,1.1361914907147876e-12,2
789,5642,1342.2767850391592,1.0,0.9,0.01,5,1e-12,1e-12,2
790,5647,1309.2147471742053,1.0,0.9,0.01,5,1e-12,1.0730348886325834e-12,2
791,5652,1355.339682298491,1.0,0.9,0.01,5,1e-12,1.4844459988661938e-12,2
792,5657,1370.2983981578834,1.0,0.9,0.01,5,1e-12,1.5023274377351037e-12,2
793,5662,1308.5350021870563,1.0,0.9,0.01,5,1e-12,2.0076563375956794e-12,2
794,5667,1360.3965263882578,1.0,0.9,0.01,5,1e-12,1.2223523084038964e-12,2
795,5672,1399.576119859302,0.8,0.9,0.01,5,1e-12,3.2280854415913407e-12,2
796,5677,1345.848205232504,1.0,0.9,0.01,5,1e-12,6.795651936968521e-12,2
797,5682,1293.9611328245433,1.0,0.9,0.01,5,1e-12,4.507659961715492e-12,2
798,5687,1285.8571257124331,1.0,0.9,0.01,5,1e-12,4.536604130195796e-12,2
799,5692,1281.1697908166198,1.0,0.9,0.01,5,1e-12,3.0189389006106146e-12,2
800,5697,1333.9685459838527,1.0,0.9,0.01,5,1e-12,2.4424074246689945e-12,2
801,5702,1440.9307220586895,1.0,0.9,0.01,5,1e-12,2.007234833084409e-12,2
802,5707,1593.483458076304,1.0,0.9,0.01,5,1e-12,5.027251983947427e-12,2
803,5712,1757.3484397201892,1.0,0.9,0.01,5,1e-12,5.096400696355824e-12,2
804,5717,1799.8609904360003,1.0,0.9,0.01,5,1e-12,4.442475664177189e-12,2
805,5722,1831.1167506764,1.0,0.9,0.01,5,1e-12,2.8211842100771318e-12,2
806,5727,1836.7369444934327,1.0,0.9,0.01,5,1e-12,1.815727527846303e-12,2
807,5732,1820.2473002870738,1.0,0.9,0.01,5,1e-12,2.3121418531896732e-12,2
808,5737,1949.3196840310625,1.0,0.9,0.01,5,1e-12,1.633887992608008e-12,2
809,5742,2111.874222346127,1.0,0.9,0.01,5,1e-12,1.2798338758138718e-12,2
810,5747,2284.7370959597943,1.0,0.9,0.01,5,1e-12,1.5461274467120897e-12,2
811,5752,2455.1045451453197,1.0,0.9,0.01,5,1e-12,1.750563475765463e-12,2
812,5757,2558.0446330200443,1.0,0.9,0.01,5,1e-12,1.8404777187077507e-12,2
813,5762,2611.0932300488303,1.0,0.9,0.01,5,1e-12,1.6409262728972524e-12,2
814,5767,2607.8417505821476,1.0,0.9,0.01,5,1e-12,2.203199636201078e-12,2
815,5772,2435.671463261507,1.0,0.9,0.01,5,1e-12,1.5788282556972675e-12,2
816,5777,2304.5948850115506,1.0,0.9,0.01,5,1e-12,5.289800873819118e-12,2
817,5782,2179.485788872263,1.0,0.9,0.01,5,1e-12,5.3641128819071955e-12,2
818,5787,2110.3945170862276,1.0,0.9,0.01,5,1e-12,9.89004058515039e-12,2
819,5792,2049.816751553637,1.0,0.9,0.01,5,1e-12,9.105230169897868e-12,2
820,5797,2045.221406639757,1.0,0.9,0.01,5,1e-12,1.4111482736761221e-11,2
821,5802,2134.2072429580967,0.6,0.9,0.01,5,1e-12,1.7663961390741212e-11,2
822,5807,2294.8070150774774,1.0,0.9,0.01,5,1e-12,9.980165408689318e-12,2
823,5812,2444.1705082910285,0.8,0.9,0.01,5,1e-12,8.463888601702266e-12,2
824,5817,2496.0921903336657,0.8,0.9,0.01,5,1e-12,1.0190579179718968e-11,2
825,5822,2528.900937755379,0.8,0.9,0.01,5,1e-12,1.5486757591740785e-11,2
826,5827,2607.238738795721,0.6,0.9,0.01,5,1e-12,1.555673099737172e-11,2
827,5832,2783.3095418601215,1.0,0.9,0.01,5,1e-12,9.019249242350577e-12,2
828,5837,2863.818754527862,1.0,0.9,0.01,5,1e-12,8.225743625522539e-12,2
829,5842,2962.772353288049,0.6,0.9,0.01,5,1e-12,9.208603001224316e-12,2
830,5847,3138.9446330609358,0.4,0.9,0.01,5,1e-12,2.0483932464177113e-11,2
831,5852,3365.655596669566,0.8,0.9,0.01,5,1e-12,1.2395901799332428e-11,2
832,5857,3640.1556822882303,0.4,0.9,0.01,5,1e-12,2.2894154729754933e-11,2
833,5862,3810.6193520382008,0.4,0.9,0.01,5,1e-12,2.93307746659059e-11,2
834,5867,4086.6684972126927,1.0,0.9,0.01,5,1e-12,2.4221398403801012e-11,2
835,5872,4378.805700730959,1.0,0.9,0.01,5,1e-12,1.8632740767821075e-11,2
836,5877,4678.7605901966535,0.6,0.9,0.01,5,1e-12,2.365126287538742e-11,2
837,5882,5146.522086837949,0.8,0.9,0.01,5,1e-12,1.5347600660353765e-11,2
838,5887,5714.385386543634,0.8,0.9,0.01,5,1e-12,1.6873661869567637e-11,2
839,5892,6143.820902053042,1.0,0.9,0.01,5,1e-12,1.1176162117328707e-11,2
840,5897,6258.71821874187,0.4,0.9,0.01,5,1e-12,6.497657082799328e-12,2
841,5902,6355.156356279476,0.8,0.9,0.01,5,1e-12,3.7073889284181165e-12,2
842,5907,6292.633431696354,0.4,0.9,0.01,5,1e-12,2.4973514017575363e-12,2
843,5912,6447.790937955946,1.0,0.9,0.01,5,1e-12,1.4564368115446193e-12,2
844,5917,6597.182125529231,0.6,0.9,0.01,5,1e-12,1.9788797024511506e-12,2
845,5922,6815.079394754532,0.6,0.9,0.01,5,1e-12,2.0580593171182974e-12,2
846,5927,6927.895028086867,0.4,0.9,0.01,5,1e-12,3.4435609362805844e-12,2
847,5932,7041.29927698055,0.6,0.9,0.01,5,1e-12,2.379075965892849e-12,2
848,5937,6807.696538325138,0.8,0.9,0.01,5,1e-12,1.7556949549291505e-12,2
849,5942,6619.109446157059,0.6,0.9,0.01,5,1e-12,1.7775418319889447e-12,2
850,5947,6456.6373986441595,0.8,0.9,0.01,5,1e-12,4.02588757461219e-12,2
851,5952,6282.2955571486455,0.2,0.9,0.01,5,1e-12,9.395933036275651e-12,2
852,5957,6308.322663307839,1.0,0.9,0.01,5,1e-12,5.210177691871378e-12,2
853,5962,6514.990850753775,0.2,0.9,0.01,5,1e-12,4.392352032804976e-12,2
854,5967,6813.524941440146,0.6,0.9,0.01,5,1e-12,4.503940724017366e-12,2
855,5972,7421.048897796376,0.8,0.9,0.01,5,1e-12,2.495735526523932e-12,2
856,5977,7919.656635668674,0.8,0.9,0.01,5,1e-12,4.263326942057866e-12,2
857,5982,8317.157578716462,0.2,0.9,0.01,5,1e-12,3.2267283902350737e-12,2
858,5987,8549.552301456712,0.4,0.9,0.01,5,1e-12,2.7574647869471014e-12,2
859,5992,8449.608543261194,0.4,0.9,0.01,5,1e-12,5.530044457542063e-12,2
860,5997,8344.801957528169,0.2,0.9,0.01,5,1e-12,4.566048956411319e-12,2
861,6002,8630.119727950027,0.2,0.9,0.01,5,1e-12,2.924457917526154e-12,2
862,6007,8846.40481515449,0.4,0.9,0.01,5,1e-12,5.487369160916218e-12,2
863,6012,9249.173740192238,0.8,0.9,0.01,5,1e-12,3.54682599715228e-12,2
864,6017,9872.49948044205,0.2,0.9,0.01,5,1e-12,3.0952034726480125e-12,2
865,6022,10772.764461024553,0.4,0.9,0.01,5,1e-12,1.6497063775316218e-12,2
866,6027,11755.286609088927,0.6,0.9,0.01,5,1e-12,1.664085066554354e-12,2
867,6032,11813.939758023907,0.4,0.9,0.01,5,1e-12,2.459743313581498e-12,2
868,6037,11606.06880947475,0.0,0.81,0.011000000000000001,5,1e-12,6.013285413311506e-12,2
869,6042,11395.590065179482,0.0,0.7290000000000001,0.012100000000000001,5,1e-12,4.642598873300482e-12,2
870,6047,10700.176396400062,0.2,0.7290000000000001,0.012100000000000001,5,1e-12,4.5197629126742736e-12,2
871,6052,9863.316772815553,0.2,0.7290000000000001,0.012100000000000001,5,1e-12,4.887806002117944e-12,2
872,6057,9181.596200480128,0.4,0.7290000000000001,0.012100000000000001,5,1e-12,2.2466058171713707e-12,2
873,6062,9024.904539494319,0.6,0.8019000000000002,0.010890000000000002,5,1e-12,4.461873468980941e-12,2
874,6067,8781.210082326224,0.4,0.8019000000000002,0.010890000000000002,5,1e-12,7.05609229598436e-12,2
875,6072,8360.685956970363,0.8,0.8820900000000003,0.01,5,1e-12,4.734208113641391e-12,2
876,6077,8578.562355425034,1.0,0.9,0.01,5,1e-12,3.1265449426370616e-12,2
877,6082,8281.341811714114,0.0,0.81,0.011000000000000001,5,1e-12,2.153863089149685e-12,2
878,6087,7906.553104048941,0.0,0.7290000000000001,0.012100000000000001,5,1e-12,2.529942414144423e-12,2
879,6092,7569.946598855978,0.4,0.7290000000000001,0.012100000000000001,5,1e-12,2.180078907499907e-12,2
880,6097,7170.320792751911,0.0,0.6561000000000001,0.013310000000000002,5,1e-12,1.6839533484125764e-12,2
881,6102,7013.069743021145,0.2,0.6561000000000001,0.013310000000000002,5,1e-12,1.8413229287564725e-12,2
882,6107,6989.90781652908,0.6,0.7217100000000002,0.011979000000000002,5,1e-12,2.305724697055134e-12,2
883,6112,7157.430463771929,0.2,0.7217100000000002,0.011979000000000002,5,1e-12,4.400328624074679e-12,2
884,6116,7361.9650727196895,0.25,0.015485894338048995,0.0019912029254017106,4,1e-12,4.352071245419138e-12,2
885,6120,7181.723276958178,0.5,0.015485894338048995,0.0019912029254017106,4,1.0006486113463395e-12,4.35905275463172e-12,2
886,6124,7226.382561454095,0.75,0.017034483771853896,0.01,4,1e-12,4.27339471456114e-12,2
887,6128,7645.4125912533655,0.25,0.017034483771853896,0.01,4,1e-12,4.223664237090153e-12,2
888,6132,7848.0264137498,1.0,0.018737932149039287,0.01,4,1e-12,4.201816239266178e-12,2
889,6136,8071.247162691287,0.0,0.01686413893413536,0.011000000000000001,4,1e-12,4.169424222320405e-12,2
890,6140,7996.138242119147,0.5,0.01686413893413536,0.011000000000000001,4,1e-12,4.170929788808476e-12,2
891,6144,7931.668226599774,1.0,0.0185505528275489,0.01,4,1e-12,4.137588818050054e-12,2
892,6148,7411.9596861401815,0.25,0.0185505528275489,0.01,4,1e-12,4.041692961060053e-12,2
893,6152,6853.867047156542,0.5,0.0185505528275489,0.01,4,1e-12,3.913938704871548e-12,2
894,6156,6415.116566282755,0.5,0.0185505528275489,0.01,4,1e-12,3.8613783566329845e-12,2
895,6160,6182.189905689451,0.75,0.02040560811030379,0.01,4,1e-12,3.937989793434872e-12,2
896,6164,5659.583601118754,0.5,0.02040560811030379,0.01,4,1e-12,3.80076104521337e-12,2
897,6168,5339.64681269345,0.0,0.01836504729927341,0.011000000000000001,4,1e-12,3.6915490631633934e-12,2
898,6172,5198.82193033736,0.0,0.01652854256934607,0.012100000000000001,4,1e-12,3.59443394034612e-12,2
899,6176,5173.4269032109305,1.0,0.01818139682628068,0.010890000000000002,4,1e-12,3.5781522803183502e-12,2
900,6180,5206.904638085221,0.75,0.019999536508908747,0.01,4,1e-12,3.513197080334217e-12,2
901,6184,5438.558749027475,0.75,0.021999490159799625,0.01,4,1e-12,3.4426742247050357e-12,2
902,6188,5608.826677864745,1.0,0.02419943917577959,0.01,4,1e-12,3.437143386698014e-12,2
903,6192,5655.125498868392,0.5,0.02419943917577959,0.01,4,1e-12,3.274762747821975e-12,2
904,6196,5629.583627686308,1.0,0.02661938309335755,0.01,4,1e-12,3.195327532466853e-12,2
905,6200,5439.448798757487,0.5,0.02661938309335755,0.01,4,1e-12,3.1876452030178296e-12,2
906,6204,5047.016757465001,1.0,0.02928132140269331,0.01,4,1e-12,3.1041688694825594e-12,2
907,6208,4965.860456579057,0.75,0.03220945354296264,0.01,4,1e-12,3.118252494014245e-12,2
908,6212,4840.001170187181,0.75,0.03543039889725891,0.01,4,1e-12,3.065052510260305e-12,2
909,6216,4812.854108629173,1.0,0.0389734387869848,0.01,4,1e-12,2.9500704937806185e-12,2
910,6220,4714.4491691381145,0.5,0.0389734387869848,0.01,4,1e-12,2.956639031204022e-12,2
911,6224,4542.225230263022,1.0,0.04287078266568329,0.01,4,1e-12,2.8676438863928752e-12,2
912,6228,4267.546171817037,0.75,0.04715786093225162,0.01,4,1e-12,2.7387219364263375e-12,2
913,6232,4107.371990770714,1.0,0.05187364702547678,0.01,4,1e-12,2.6554110419387058e-12,2
914,6236,3916.0257049985757,0.75,0.05706101172802446,0.01,4,1e-12,2.61753381969899e-12,2
915,6240,3703.819867685487,0.75,0.06276711290082691,0.01,4,1e-12,2.6235884716578406e-12,2
916,6244,3473.4530608749533,1.0,0.06904382419090961,0.01,4,1e-12,2.504274211283072e-12,2
917,6248,3316.480606342379,1.0,0.07594820661000058,0.01,4,1e-12,2.4497467497334765e-12,2
918,6252,3196.9376688205675,0.5,0.07594820661000058,0.01,4,1e-12,2.4468135949584204e-12,2
919,6256,3168.628550645807,1.0,0.08354302727100064,0.01,4,1e-12,2.5855185501050233e-12,2
920,6260,3174.297438124771,1.0,0.09189732999810071,0.01,4,1e-12,2.5234653897527518e-12,2
921,6264,3309.4229164593376,1.0,0.10108706299791079,0.01,4,1e-12,2.5893995830468837e-12,2
922,6268,3289.135498242246,1.0,0.11119576929770188,0.01,4,1e-12,2.497475405177948e-12,2
923,6272,3247.0809792517966,0.75,0.12231534622747207,0.01,4,1e-12,2.4524909368378834e-12,2
924,6276,3119.170710684334,1.0,0.1345468808502193,0.01,4,1e-12,2.7679252237958924e-12,2
925,6280,3072.254913443192,1.0,0.14800156893524125,0.01,4,1e-12,3.291584427563347e-12,2
926,6284,3025.059204441159,1.0,0.16280172582876537,0.01,4,1e-12,3.105267165504912e-12,2
927,6288,2952.2410950506414,1.0,0.17908189841164193,0.01,4,1e-12,2.8655660967399746e-12,2
928,6292,2933.850575586392,1.0,0.19699008825280614,0.01,4,1e-12,3.054360179283067e-12,2
929,6296,2844.374122163684,1.0,0.21668909707808678,0.01,4,1e-12,2.7660274603038987e-12,2
930,6300,2773.908139321913,1.0,0.23835800678589547,0.01,4,1e-12,3.3280374360816483e-12,2
931,6304,2716.352836937935,1.0,0.26219380746448506,0.01,4,1e-12,3.1089762579090064e-12,2
932,6308,2577.6267820614853,1.0,0.2884131882109336,0.01,4,1e-12,4.690338258317835e-12,2
933,6312,2390.4400462692474,1.0,0.31725450703202696,0.01,4,1e-12,4.894133922734236e-12,2
934,6316,2229.6748806688042,1.0,0.34897995773522966,0.01,4,1e-12,5.878798152261926e-12,2
935,6320,2059.739554809772,1.0,0.38387795350875265,0.01,4,1e-12,7.0235289247430145e-12,2
936,6324,1907.242507518693,1.0,0.4222657488596279,0.01,4,1e-12,6.159860850178965e-12,2
937,6328,1822.541442594135,1.0,0.46449232374559074,0.01,4,1e-12,1.0582929254454555e-11,2
938,6332,1763.908645812789,0.75,0.5109415561201499,0.01,4,1e-12,1.5752113433581028e-11,2
939,6336,1718.1424648282737,0.75,0.5620357117321649,0.01,4,1e-12,1.7678985652310285e-11,2
940,6340,1705.8601681955838,1.0,0.6182392829053814,0.01,4,1e-12,1.6748317898329853e-11,2
941,6344,1753.269671043269,1.0,0.6800632111959196,0.01,4,1e-12,1.1497673487466356e-11,2
942,6348,1733.6771342943873,1.0,0.7480695323155117,0.01,4,1e-12,1.4443231003985461e-11,2
943,6352,1648.2548349473473,0.75,0.8228764855470628,0.01,4,1e-12,2.3509973426578007e-11,2
944,6356,1611.747508486596,1.0,0.9,0.01,4,1e-12,1.72283496505413e-11,2
945,6360,1542.601536313516,0.75,0.9,0.01,4,1e-12,2.3541235911325036e-11,2
946,6364,1449.5483145694413,0.75,0.9,0.01,4,1e-12,3.033961921639435e-11,2
947,6368,1397.0416104465705,0.75,0.9,0.01,4,1e-12,5.713312864778992e-11,2
948,6372,1387.9420892792386,1.0,0.9,0.01,4,1e-12,4.693938958317546e-11,2
949,6376,1353.577373304408,0.25,0.9,0.01,4,1e-12,1.373477312854422e-10,2
950,6380,1293.6598221235356,0.75,0.9,0.01,4,1e-12,9.800582536956375e-11,2
951,6384,1282.5021516728525,1.0,0.9,0.01,4,1e-12,8.643536506481034e-11,2
952,6388,1289.4009344654385,0.75,0.9,0.01,4,1e-12,7.088885869251554e-11,2
953,6392,1302.3582086982326,1.0,0.9,0.01,4,1e-12,6.865417461730369e-11,2
954,6396,1259.9869550080327,0.75,0.9,0.01,4,1e-12,1.1194594793139899e-10,2
955,6400,1225.4805312042522,0.5,0.9,0.01,4,1e-12,3.6680561724007293e-10,2
956,6404,1208.3734482692892,0.5,0.9,0.01,4,1e-12,3.0880295294944763e-10,2
957,6408,1191.3016646451806,1.0,0.9,0.01,4,1e-12,1.996207344964522e-10,2
958,6412,1186.5449923814183,0.75,0.9,0.01,4,1e-12,1.274147856433573e-10,2
959,6416,1112.1208517233765,1.0,0.9,0.01,4,1e-12,1.5908682396813958e-10,2
960,6420,1075.531947661844,1.0,0.9,0.01,4,1e-12,2.0738965221333924e-10,2
961,6424,1073.7254819730324,0.75,0.9,0.01,4,1e-12,1.6132669845605183e-10,2
962,6428,1116.2119047701385,0.5,0.9,0.01,4,1e-12,4.968334513132231e-10,2
963,6432,1128.078467658228,0.75,0.9,0.01,4,1e-12,4.4566714970971073e-10,2
964,6436,1102.0408318988223,0.5,0.9,0.01,4,1e-12,8.725320984995702e-10,2
965,6440,1069.4406535396486,1.0,0.9,0.01,4,1e-12,4.900063080754591e-10,2
966,6444,990.1135419110689,1.0,0.9,0.01,4,1e-12,3.7776155747999133e-10,2
967,6448,988.0069515464115,0.0,0.81,0.011000000000000001,4,1e-12,7.493430935618359e-10,2
968,6452,972.4704770481978,0.5,0.81,0.011000000000000001,4,1e-12,7.510490991178987e-10,2
969,6456,1000.4140125265914,0.75,0.8910000000000001,0.01,4,1e-12,1.4467126661693445e-09,2
970,6460,1019.4626107285985,1.0,0.9,0.01,4,1e-12,8.038843822470583e-10,2
971,6464,1022.2600829003712,0.25,0.9,0.01,4,1e-12,4.699750977630368e-10,2
972,6468,976.9171395432137,0.5,0.9,0.01,4,1e-12,1.3121347466396412e-09,2
973,6472,958.2214558676914,1.0,0.9,0.01,4,1e-12,7.243987188634225e-10,2
974,6476,991.3346981354877,0.75,0.9,0.01,4,1e-12,1.495671885202745e-09,2
975,6480,1061.1673368485704,0.75,0.9,0.01,4,1e-12,8.336896360061496e-10,2
976,6484,1061.2563314871409,1.0,0.9,0.01,4,1e-12,8.429544597085246e-10,2
977,6488,1084.1041009900816,1.0,0.9,0.01,4,1e-12,6.234633919107825e-10,2
978,6492,1125.1936653520888,0.75,0.9,0.01,4,1e-12,4.3552667771862283e-10,2
979,6496,1165.59500607945,0.75,0.9,0.01,4,1e-12,2.789159717451894e-10,2
980,6500,1192.2765050738565,1.0,0.9,0.01,4,1e-12,3.094992429243485e-10,2
981,6504,1205.4564508026237,1.0,0.9,0.01,4,1e-12,1.7415817919508834e-10,2
982,6508,1212.674929253075,0.75,0.9,0.01,4,1e-12,2.9085247435171415e-10,2
983,6512,1229.368702607152,1.0,0.9,0.01,4,1e-12,1.8457516262690236e-10,2
984,6516,1264.8811648393316,1.0,0.9,0.01,4,1e-12,1.195831039792229e-10,2
985,6520,1304.4110060328974,1.0,0.9,0.01,4,1e-12,6.495278875589779e-11,2
986,6524,1288.5648187563318,0.75,0.9,0.01,4,1e-12,4.9154905824204036e-11,2
987,6528,1337.7651995217577,0.75,0.9,0.01,4,1e-12,5.2112823088925356e-11,2
988,6532,1369.2942442130907,1.0,0.9,0.01,4,1e-12,3.357262010086698e-11,2
989,6536,1394.8386987674662,0.75,0.9,0.01,4,1e-12,3.634617554238619e-11,2
990,6540,1460.7698006138048,0.5,0.9,0.01,4,1e-12,5.347667389170364e-11,2
991,6544,1518.759037399131,0.75,0.9,0.01,4,1e-12,8.543334392828791e-11,2
992,6548,1640.0749230035703,0.75,0.9,0.01,4,1e-12,5.6281871829397036e-11,2
993,6552,1730.4753308581958,0.5,0.9,0.01,4,1e-12,1.9831698364141044e-10,2
994,6556,1867.0694829642282,1.0,0.9,0.01,4,1e-12,1.4023868546779014e-10,2
995,6560,2015.454977812092,0.5,0.9,0.01,4,1e-12,2.158024099407847e-10,2
996,6564,2124.928383269213,1.0,0.9,0.01,4,1e-12,1.1798292773931292e-10,2
997,6568,2163.898343310109,0.5,0.9,0.01,4,1e-12,8.383908779946765e-11,2
998,6572,2179.2302352398433,0.75,0.9,0.01,4,1e-12,1.4401411837906838e-10,2
999,6576,2165.349819082577,1.0,0.9,0.01,4,1e-12,8.932708085517033e-11,2
1000,6580,2133.319177930906,0.5,0.9,0.01,4,1e-12,6.467138922025668e-11,2
1001,6584,2229.698930859262,0.75,0.9,0.01,4,1e-12,3.985294288676423e-11,2
1002,6588,2307.760258066457,0.75,0.9,0.01,4,1e-12,3.361586094361147e-11,2
1003,6592,2416.4439855337105,0.5,0.9,0.01,4,1e-12,5.727895809839693e-11,2
1004,6596,2488.187412273728,0.5,0.9,0.01,4,1e-12,7.50912769188431e-11,2
1005,6600,2485.9294176750636,1.0,0.9,0.01,4,1e-12,5.044927119992859e-11,2
1006,6604,2529.4870871532303,0.75,0.9,0.01,4,1e-12,5.183123664364843e-11,2
1007,6608,2736.368163691198,1.0,0.9,0.01,4,1e-12,9.796784994343696e-11,2
1008,6612,2982.4462395146365,1.0,0.9,0.01,4,1e-12,2.074304681790972e-10,2
1009,6616,3157.3179848079576,1.0,0.9,0.01,4,1e-12,1.5246207051553443e-10,2
1010,6620,3405.346776277159,0.5,0.9,0.01,4,1e-12,8.094907938602853e-11,2
1011,6624,3475.638882943554,1.0,0.9,0.01,4,1e-12,8.278629021744166e-11,2
1012,6628,3510.68464739091,0.75,0.9,0.01,4,1e-12,5.2701020241343234e-11,2
1013,6632,3506.6251301188227,0.5,0.9,0.01,4,1e-12,6.486824578283879e-11,2
1014,6636,3375.562361987362,0.5,0.9,0.01,4,1e-12,8.376605255530535e-11,2
1015,6640,3303.030809595125,1.0,0.9,0.01,4,1e-12,4.7456375962749684e-11,2
1016,6644,3297.85766971073,0.75,0.9,0.01,4,1e-12,5.1553907039696074e-11,2
1017,6648,3272.830517910096,1.0,0.9,0.01,4,1e-12,4.479032771011306e-11,2
1018,6652,3310.419852884722,0.5,0.9,0.01,4,1e-12,5.820058586814784e-11,2
1019,6656,3085.367516582287,1.0,0.9,0.01,4,1e-12,3.326351056651257e-10,2
1020,6660,3094.002683815254,1.0,0.9,0.01,4,1e-12,3.6090365796444756e-10,2
1021,6664,3160.1800176037646,0.75,0.9,0.01,4,1e-12,3.1210694877970023e-10,2
1022,6668,3189.6752716258056,0.75,0.9,0.01,4,1e-12,2.0751916008490616e-10,2
